tau,QOCO,QOCO-GPU,CuClarabel,Mosek
0.001,0.0,0.0,0.0,0.0
0.0010041672594514578,0.0,0.0,0.0,0.0
0.0010083518849542525,0.0,0.0,0.0,0.0
0.0010125539488772233,0.0,0.0,0.0,0.0
0.0010167735238907928,0.0,0.0,0.0,0.0
0.0010210106829682199,0.0,0.0,0.0,0.0
0.0010252654993868587,0.0,0.0,0.0,0.0
0.0010295380467294322,0.0,0.0,0.0,0.0
0.0010338283988853018,0.0,0.0,0.0,0.0
0.0010381366300517422,0.0,0.0,0.0,0.0
0.0010424628147352299,0.0,0.0,0.0,0.0
0.0010468070277527297,0.0,0.0,0.0,0.0
0.0010511693442329848,0.0,0.0,0.0,0.0
0.0010555498396178223,0.0,0.0,0.0,0.0
0.0010599485896634557,0.0,0.0,0.0,0.0
0.00106436567044179,0.0,0.0,0.0,0.0
0.0010688011583417458,0.0,0.0,0.0,0.0
0.0010732551300705756,0.0,0.0,0.0,0.0
0.0010777276626551878,0.0,0.0,0.0,0.0
0.0010822188334434853,0.0,0.0,0.0,0.0
0.0010867287201056994,0.0,0.0,0.0,0.0
0.0010912574006357305,0.0,0.0,0.0,0.0
0.001095804953352503,0.0,0.0,0.0,0.0
0.0011003714569013166,0.0,0.0,0.0,0.0
0.0011049569902552032,0.0,0.0,0.0,0.0
0.0011095616327162984,0.0,0.0,0.0,0.0
0.0011141854639172117,0.0,0.0,0.0,0.0
0.0011188285638223975,0.0,0.0,0.0,0.0
0.0011234910127295474,0.0,0.0,0.0,0.0
0.0011281728912709737,0.0,0.0,0.0,0.0
0.0011328742804150012,0.0,0.0,0.0,0.0
0.0011375952614673752,0.0,0.0,0.0,0.0
0.0011423359160726587,0.0,0.0,0.0,0.0
0.0011470963262156522,0.0,0.0,0.0,0.0
0.0011518765742228082,0.0,0.0,0.0,0.0
0.001156676742763651,0.0,0.0,0.0,0.0
0.0011614969148522143,0.0,0.0,0.0,0.0
0.0011663371738484724,0.0,0.0,0.0,0.0
0.0011711976034597792,0.0,0.0,0.0,0.0
0.0011760782877423216,0.0,0.0,0.0,0.0
0.0011809793111025714,0.0,0.0,0.0,0.0
0.0011859007582987397,0.0,0.0,0.0,0.0
0.0011908427144422511,0.0,0.0,0.0,0.0
0.0011958052649992115,0.0,0.0,0.0,0.0
0.0012007884957918825,0.0,0.0,0.0,0.0
0.001205792493000173,0.0,0.0,0.0,0.0
0.0012108173431631263,0.0,0.0,0.0,0.0
0.0012158631331804118,0.0,0.0,0.0,0.0
0.001220929950313837,0.0,0.0,0.0,0.0
0.0012260178821888515,0.0,0.0,0.0,0.0
0.0012311270167960594,0.0,0.0,0.0,0.0
0.0012362574424927477,0.0,0.0,0.0,0.0
0.001241409248004412,0.0,0.0,0.0,0.0
0.0012465825224262856,0.0,0.0,0.0,0.0
0.0012517773552248887,0.0,0.0,0.0,0.0
0.0012569938362395718,0.0,0.0,0.0,0.0
0.0012622320556840653,0.0,0.0,0.0,0.0
0.0012674921041480477,0.0,0.0,0.0,0.0
0.0012727740725987082,0.0,0.0,0.0,0.0
0.0012780780523823157,0.0,0.0,0.0,0.0
0.0012834041352258066,0.0,0.0,0.0,0.0
0.0012887524132383678,0.0,0.0,0.0,0.0
0.0012941229789130244,0.0,0.0,0.0,0.0
0.0012995159251282485,0.0,0.0,0.0,0.0
0.0013049313451495605,0.0,0.0,0.0,0.0
0.0013103693326311386,0.0,0.0,0.0,0.0
0.001315829981617446,0.0,0.0,0.0,0.0
0.0013213133865448545,0.0,0.0,0.0,0.0
0.001326819642243271,0.0,0.0,0.0,0.0
0.0013323488439377894,0.0,0.0,0.0,0.0
0.0013379010872503294,0.0,0.0,0.0,0.0
0.001343476468201289,0.0,0.0,0.0,0.0
0.001349075083211212,0.0,0.0,0.0,0.0
0.0013546970291024515,0.0,0.0,0.0,0.0
0.0013603424031008405,0.0,0.0,0.0,0.0
0.0013660113028373813,0.0,0.0,0.0,0.0
0.00137170382634993,0.0,0.0,0.0,0.0
0.0013774200720848876,0.0,0.0,0.0,0.0
0.001383160138898911,0.0,0.0,0.0,0.0
0.001388924126060619,0.0,0.0,0.0,0.0
0.0013947121332523026,0.0,0.0,0.0,0.0
0.0014005242605716612,0.0,0.0,0.0,0.0
0.001406360608533526,0.0,0.0,0.0,0.0
0.0014122212780715952,0.0,0.0,0.0,0.0
0.001418106370540189,0.0,0.0,0.0,0.0
0.0014240159877159965,0.0,0.0,0.0,0.0
0.0014299502317998332,0.0,0.0,0.0,0.0
0.0014359092054184153,0.0,0.0,0.0,0.0
0.001441893011626132,0.0,0.0,0.0,0.0
0.0014479017539068219,0.0,0.0,0.0,0.0
0.0014539355361755724,0.0,0.0,0.0,0.0
0.001459994462780512,0.0,0.0,0.0,0.0
0.0014660786385046103,0.0,0.0,0.0,0.0
0.001472188168567499,0.0,0.0,0.0,0.0
0.0014783231586272879,0.0,0.0,0.0,0.0
0.0014844837147823863,0.0,0.0,0.0,0.0
0.0014906699435733484,0.0,0.0,0.0,0.0
0.00149688195198471,0.0,0.0,0.0,0.0
0.0015031198474468352,0.0,0.0,0.0,0.0
0.0015093837378377833,0.0,0.0,0.0,0.0
0.0015156737314851645,0.0,0.0,0.0,0.0
0.0015219899371680225,0.0,0.0,0.0,0.0
0.0015283324641187112,0.0,0.0,0.0,0.0
0.0015347014220247796,0.0,0.0,0.0,0.0
0.0015410969210308781,0.0,0.0,0.0,0.0
0.0015475190717406584,0.0,0.0,0.0,0.0
0.0015539679852186808,0.0,0.0,0.0,0.0
0.0015604437729923462,0.0,0.0,0.0,0.0
0.0015669465470538185,0.0,0.0,0.0,0.0
0.0015734764198619578,0.0,0.0,0.0,0.0
0.0015800335043442736,0.0,0.0,0.0,0.0
0.001586617913898874,0.0,0.0,0.0,0.0
0.0015932297623964214,0.0,0.0,0.0,0.0
0.0015998691641821118,0.0,0.0,0.0,0.0
0.0016065362340776472,0.0,0.0,0.0,0.0
0.0016132310873832167,0.0,0.0,0.0,0.0
0.0016199538398795,0.0,0.0,0.0,0.0
0.001626704607829665,0.0,0.0,0.0,0.0
0.0016334835079813731,0.0,0.0,0.0,0.0
0.001640290657568809,0.0,0.0,0.0,0.0
0.0016471261743147023,0.0,0.0,0.0,0.0
0.0016539901764323587,0.0,0.0,0.0,0.0
0.0016608827826277148,0.0,0.0,0.0,0.0
0.0016678041121013854,0.0,0.0,0.0,0.0
0.0016747542845507203,0.0,0.0,0.0,0.0
0.0016817334201718838,0.0,0.0,0.0,0.0
0.0016887416396619292,0.0,0.0,0.0,0.0
0.0016957790642208807,0.0,0.0,0.0,0.0
0.0017028458155538394,0.0,0.0,0.0,0.0
0.0017099420158730835,0.0,0.0,0.0,0.0
0.0017170677879001755,0.0,0.0,0.0,0.0
0.0017242232548680962,0.0,0.0,0.0,0.0
0.0017314085405233705,0.0,0.0,0.0,0.0
0.0017386237691282011,0.0,0.0,0.0,0.0
0.00174586906546263,0.0,0.0,0.0,0.0
0.0017531445548266888,0.0,0.0,0.0,0.0
0.0017604503630425622,0.0,0.0,0.0,0.0
0.0017677866164567736,0.0,0.0,0.0,0.0
0.0017751534419423655,0.0,0.0,0.0,0.0
0.0017825509669010878,0.0,0.0,0.0,0.0
0.0017899793192656134,0.0,0.0,0.0,0.0
0.0017974386275017371,0.0,0.0,0.0,0.0
0.0018049290206106092,0.0,0.0,0.0,0.0
0.001812450628130961,0.0,0.0,0.0,0.0
0.0018200035801413405,0.0,0.0,0.0,0.0
0.0018275880072623715,0.0,0.0,0.0,0.0
0.0018352040406590085,0.0,0.0,0.0,0.0
0.0018428518120427984,0.0,0.0,0.0,0.0
0.0018505314536741697,0.0,0.0,0.0,0.0
0.0018582430983647153,0.0,0.0,0.0,0.0
0.0018659868794794821,0.0,0.0,0.0,0.0
0.0018737629309392892,0.0,0.0,0.0,0.0
0.0018815713872230393,0.0,0.0,0.0,0.0
0.0018894123833700371,0.0,0.0,0.0,0.0
0.0018972860549823372,0.0,0.0,0.0,0.0
0.0019051925382270836,0.0,0.0,0.0,0.0
0.0019131319698388572,0.0,0.0,0.0,0.0
0.0019211044871220544,0.0,0.0,0.0,0.0
0.0019291102279532537,0.0,0.0,0.0,0.0
0.0019371493307835958,0.0,0.0,0.0,0.0
0.0019452219346411891,0.0,0.0,0.0,0.0
0.0019533281791335078,0.0,0.0,0.0,0.0
0.0019614682044498005,0.0,0.0,0.0,0.0
0.0019696421513635282,0.0,0.0,0.0,0.0
0.0019778501612347896,0.0,0.0,0.0,0.0
0.0019860923760127627,0.0,0.0,0.0,0.0
0.00199436893823817,0.0,0.0,0.0,0.0
0.002002679991045739,0.0,0.0,0.0,0.0
0.00201102567816667,0.0,0.0,0.0,0.0
0.0020194061439311344,0.0,0.0,0.0,0.0
0.002027821533270765,0.0,0.0,0.0,0.0
0.0020362719917211575,0.0,0.0,0.0,0.0
0.0020447576654243965,0.0,0.0,0.0,0.0
0.0020532787011315794,0.0,0.0,0.0,0.0
0.002061835246205347,0.0,0.0,0.0,0.0
0.002070427448622445,0.0,0.0,0.0,0.0
0.0020790554569762765,0.0,0.0,0.0,0.0
0.002087719420479466,0.0,0.0,0.0,0.0
0.002096419488966451,0.0,0.0,0.0,0.0
0.002105155812896069,0.0,0.0,0.0,0.0
0.0021139285433541518,0.0,0.0,0.0,0.0
0.002122737832056151,0.025,0.0,0.0,0.0
0.002131583831349756,0.025,0.0,0.0,0.0
0.002140466694217523,0.025,0.0,0.0,0.0
0.0021493865742795316,0.025,0.0,0.0,0.0
0.0021583436257960366,0.025,0.0,0.0,0.0
0.002167338003670129,0.025,0.0,0.0,0.0
0.002176369863450427,0.025,0.0,0.0,0.0
0.002185439361333761,0.025,0.0,0.0,0.0
0.0021945466541678674,0.025,0.0,0.0,0.0
0.0022036918994541134,0.025,0.0,0.0,0.0
0.0022128752553502167,0.025,0.0,0.0,0.0
0.0022220968806729723,0.025,0.0,0.0,0.0
0.0022313569349010115,0.025,0.0,0.0,0.0
0.002240655578177556,0.025,0.0,0.0,0.0
0.002249992971313178,0.025,0.0,0.0,0.0
0.0022593692757885966,0.025,0.0,0.0,0.0
0.0022687846537574625,0.025,0.0,0.0,0.0
0.002278239268049156,0.025,0.0,0.0,0.0
0.002287733282171616,0.025,0.0,0.0,0.0
0.0022972668603141624,0.025,0.0,0.0,0.0
0.0023068401673503277,0.025,0.0,0.0,0.0
0.002316453368840721,0.025,0.0,0.0,0.0
0.002326106631035886,0.025,0.0,0.0,0.0
0.002335800120879169,0.025,0.0,0.0,0.0
0.0023455340060096193,0.025,0.0,0.0,0.0
0.0023553084547648807,0.025,0.0,0.0,0.0
0.0023651236361840982,0.025,0.0,0.0,0.0
0.0023749797200108527,0.025,0.0,0.0,0.0
0.0023848768766960913,0.025,0.0,0.0,0.0
0.0023948152774010663,0.025,0.0,0.0,0.0
0.0024047950940003114,0.025,0.0,0.0,0.0
0.002414816499084606,0.025,0.0,0.0,0.0
0.0024248796659639524,0.025,0.0,0.0,0.0
0.002434984768670589,0.025,0.0,0.0,0.0
0.0024451319819619897,0.025,0.0,0.0,0.0
0.0024553214813238826,0.025,0.0,0.0,0.0
0.002465553442973297,0.025,0.0,0.0,0.0
0.0024758280438616042,0.025,0.0,0.0,0.0
0.002486145461677571,0.025,0.0,0.0,0.0
0.0024965058748504456,0.025,0.0,0.0,0.0
0.0025069094625530387,0.025,0.0,0.0,0.0
0.002517356404704812,0.025,0.0,0.0,0.0
0.0025278468819750085,0.025,0.0,0.0,0.0
0.002538381075785757,0.025,0.0,0.0,0.0
0.002548959168315227,0.025,0.0,0.0,0.0
0.0025595813425007712,0.025,0.0,0.0,0.0
0.002570247782042083,0.025,0.0,0.0,0.0
0.002580958671404386,0.025,0.0,0.0,0.0
0.002591714195821621,0.025,0.0,0.0,0.0
0.002602514541299636,0.025,0.0,0.0,0.0
0.0026133598946194232,0.025,0.0,0.0,0.0
0.0026242504433403395,0.025,0.0,0.0,0.0
0.002635186375803342,0.025,0.0,0.0,0.0
0.0026461678811342615,0.025,0.0,0.0,0.0
0.002657195149247065,0.025,0.0,0.0,0.0
0.0026682683708471326,0.025,0.0,0.0,0.0
0.0026793877374345714,0.025,0.0,0.0,0.0
0.0026905534413075183,0.025,0.0,0.0,0.0
0.0027017656755654595,0.025,0.0,0.0,0.0
0.002713024634112584,0.025,0.0,0.0,0.0
0.0027243305116611306,0.025,0.0,0.0,0.0
0.0027356835037347454,0.025,0.0,0.0,0.0
0.002747083806671881,0.025,0.0,0.0,0.0
0.002758531617629184,0.025,0.0,0.0,0.0
0.0027700271345848944,0.025,0.0,0.0,0.0
0.0027815705563422883,0.025,0.0,0.0,0.0
0.002793162082533105,0.025,0.0,0.0,0.0
0.002804801913620995,0.025,0.0,0.0,0.0
0.002816490250904999,0.025,0.0,0.0,0.0
0.0028282272965230244,0.025,0.0,0.0,0.0
0.002840013253455331,0.025,0.0,0.0,0.0
0.002851848325528058,0.025,0.0,0.0,0.0
0.0028637327174167422,0.025,0.0,0.0,0.0
0.0028756666346498464,0.025,0.0,0.0,0.0
0.0028876502836123327,0.025,0.0,0.0,0.0
0.002899683871549224,0.025,0.0,0.0,0.0
0.0029117676065691773,0.025,0.0,0.0,0.0
0.0029239016976481016,0.025,0.0,0.0,0.0
0.002936086354632762,0.025,0.0,0.0,0.0
0.002948321788244402,0.025,0.0,0.0,0.0
0.0029606082100824055,0.025,0.0,0.0,0.0
0.0029729458326279348,0.025,0.0,0.0,0.0
0.0029853348692476258,0.025,0.0,0.0,0.0
0.002997775534197268,0.025,0.0,0.0,0.0
0.0030102680426255003,0.025,0.0,0.0,0.0
0.0030228126105775526,0.025,0.0,0.0,0.0
0.003035409454998971,0.025,0.0,0.0,0.0
0.00304805879373936,0.025,0.0,0.0,0.0
0.0030607608455561694,0.025,0.0,0.0,0.0
0.0030735158301184685,0.025,0.0,0.0,0.0
0.003086323968010735,0.025,0.0,0.0,0.0
0.0030991854807366887,0.025,0.0,0.0,0.0
0.003112100590723113,0.05,0.0,0.0,0.0
0.003125069521323691,0.05,0.0,0.0,0.0
0.00313809249682289,0.05,0.0,0.0,0.0
0.003151169742439827,0.05,0.0,0.0,0.0
0.0031643014843321577,0.05,0.0,0.0,0.0
0.003177487949600003,0.05,0.0,0.0,0.0
0.0031907293662898698,0.05,0.0,0.0,0.0
0.0032040259633985854,0.05,0.0,0.0,0.0
0.0032173779708772744,0.05,0.0,0.0,0.0
0.003230785619635328,0.05,0.0,0.0,0.0
0.0032442491415443876,0.05,0.0,0.0,0.0
0.0032577687694423725,0.05,0.0,0.0,0.0
0.003271344737137499,0.05,0.0,0.0,0.0
0.0032849772794123116,0.05,0.0,0.0,0.0
0.003298666632027767,0.05,0.0,0.0,0.0
0.0033124130317272967,0.05,0.0,0.0,0.0
0.003326216716240894,0.05,0.0,0.0,0.0
0.003340077924289246,0.05,0.0,0.0,0.0
0.0033539968955878497,0.05,0.0,0.0,0.0
0.0033679738708511484,0.05,0.0,0.0,0.0
0.0033820090917967157,0.05,0.0,0.0,0.0
0.0033961028011494252,0.05,0.0,0.0,0.0
0.0034102552426456376,0.05,0.0,0.0,0.0
0.0034244666610374363,0.05,0.0,0.0,0.0
0.00343873730209685,0.05,0.0,0.0,0.0
0.003453067412620094,0.05,0.0,0.0,0.0
0.003467457240431856,0.05,0.0,0.0,0.0
0.003481907034389575,0.05,0.0,0.0,0.0
0.0034964170443877326,0.05,0.0,0.0,0.0
0.0035109875213621957,0.05,0.0,0.0,0.0
0.003525618717294546,0.05,0.0,0.0,0.0
0.0035403108852164284,0.05,0.0,0.0,0.0
0.0035550642792139455,0.05,0.0,0.0,0.0
0.0035698791544320437,0.05,0.0,0.0,0.0
0.0035847557670789128,0.05,0.0,0.0,0.0
0.0035996943744304407,0.05,0.0,0.0,0.0
0.003614695234834649,0.05,0.0,0.0,0.0
0.0036297586077161533,0.075,0.0,0.0,0.0
0.003644884753580669,0.075,0.0,0.0,0.0
0.003660073934019506,0.075,0.0,0.0,0.0
0.0036753264117140834,0.075,0.0,0.0,0.0
0.0036906424504404914,0.075,0.0,0.0,0.0
0.0037060223150740448,0.075,0.0,0.0,0.0
0.003721466271593851,0.075,0.0,0.0,0.0
0.0037369745870874317,0.075,0.0,0.0,0.0
0.0037525475297553335,0.075,0.0,0.0,0.0
0.003768185368915751,0.075,0.0,0.0,0.0
0.0037838883750092103,0.075,0.0,0.0,0.0
0.0037996568196032327,0.075,0.0,0.0,0.0
0.0038154909753970205,0.075,0.0,0.0,0.0
0.0038313911162261957,0.075,0.0,0.0,0.0
0.0038473575170675247,0.075,0.0,0.0,0.0
0.0038633904540436616,0.075,0.0,0.0,0.0
0.003879490204427947,0.075,0.0,0.0,0.0
0.0038956570466491917,0.075,0.0,0.0,0.0
0.003911891260296479,0.075,0.0,0.0,0.0
0.003928193126124024,0.075,0.0,0.0,0.0
0.0039445629260560205,0.075,0.0,0.0,0.0
0.003961000943191497,0.075,0.0,0.0,0.0
0.003977507461809245,0.075,0.0,0.0,0.0
0.003994082767372719,0.075,0.0,0.0,0.0
0.004010727146534957,0.075,0.0,0.0,0.0
0.004027440887143573,0.075,0.0,0.0,0.0
0.004044224278245715,0.075,0.0,0.0,0.0
0.004061077610093049,0.075,0.0,0.0,0.0
0.004078001174146813,0.075,0.0,0.0,0.0
0.0040949952630828365,0.075,0.0,0.0,0.0
0.004112060170796594,0.075,0.0,0.0,0.0
0.004129196192408309,0.075,0.0,0.0,0.0
0.00414640362426805,0.075,0.0,0.0,0.0
0.00416368276396084,0.075,0.0,0.0,0.0
0.004181033910311828,0.075,0.0,0.0,0.0
0.0041984573633914455,0.075,0.0,0.0,0.0
0.004215953424520581,0.075,0.0,0.0,0.0
0.00423352239627582,0.075,0.0,0.0,0.025
0.004251164582494664,0.075,0.0,0.0,0.025
0.004268880288280767,0.075,0.0,0.0,0.025
0.004286669820009247,0.075,0.0,0.0,0.025
0.004304533485331964,0.075,0.0,0.0,0.025
0.004322471593182831,0.075,0.0,0.0,0.025
0.00434048445378318,0.075,0.0,0.0,0.025
0.004358572378647118,0.075,0.0,0.0,0.025
0.004376735680586898,0.075,0.0,0.0,0.025
0.004394974673718361,0.075,0.0,0.0,0.025
0.004413289673466331,0.075,0.0,0.0,0.025
0.004431680996570105,0.075,0.0,0.0,0.025
0.004450148961088913,0.075,0.0,0.0,0.025
0.004468693886407406,0.075,0.0,0.0,0.025
0.004487316093241209,0.075,0.0,0.0,0.025
0.004506015903642451,0.075,0.0,0.0,0.025
0.004524793641005324,0.075,0.0,0.0,0.025
0.004543649630071701,0.075,0.0,0.0,0.025
0.004562584196936734,0.075,0.0,0.0,0.025
0.004581597669054491,0.075,0.0,0.0,0.025
0.004600690375243636,0.075,0.0,0.0,0.025
0.0046198626456931055,0.075,0.0,0.0,0.025
0.004639114811967807,0.075,0.0,0.0,0.025
0.004658447207014383,0.075,0.0,0.0,0.025
0.00467786016516693,0.075,0.0,0.0,0.025
0.00469735402215282,0.075,0.0,0.0,0.025
0.004716929115098485,0.075,0.0,0.0,0.025
0.004736585782535236,0.075,0.0,0.0,0.025
0.004756324364405147,0.075,0.0,0.0,0.025
0.004776145202066918,0.075,0.0,0.0,0.025
0.004796048638301766,0.075,0.0,0.0,0.025
0.004816035017319381,0.075,0.0,0.0,0.025
0.004836104684763862,0.075,0.0,0.0,0.025
0.004856257987719683,0.075,0.0,0.0,0.025
0.004876495274717726,0.075,0.0,0.0,0.025
0.004896816895741288,0.075,0.0,0.0,0.025
0.0049172232022321235,0.075,0.0,0.0,0.025
0.004937714547096553,0.075,0.0,0.0,0.025
0.004958291284711547,0.075,0.0,0.0,0.025
0.004978953770930842,0.075,0.0,0.0,0.025
0.004999702363091126,0.075,0.0,0.0,0.025
0.0050205374200181984,0.075,0.0,0.0,0.025
0.005041459302033167,0.075,0.0,0.0,0.025
0.005062468370958704,0.075,0.0,0.0,0.025
0.005083564990125294,0.075,0.0,0.0,0.025
0.005104749524377493,0.075,0.0,0.0,0.025
0.00512602234008028,0.075,0.0,0.0,0.025
0.005147383805125369,0.075,0.0,0.0,0.025
0.0051688342889375585,0.075,0.0,0.0,0.025
0.005190374162481153,0.075,0.0,0.0,0.025
0.005212003798266361,0.075,0.0,0.0,0.025
0.00523372357035572,0.075,0.0,0.0,0.025
0.005255533854370603,0.075,0.0,0.0,0.025
0.00527743502749769,0.075,0.0,0.0,0.025
0.005299427468495484,0.075,0.0,0.0,0.025
0.005321511557700887,0.075,0.0,0.0,0.025
0.005343687677035764,0.075,0.0,0.0,0.025
0.00536595621001353,0.075,0.0,0.0,0.025
0.005388317541745818,0.075,0.0,0.0,0.025
0.005410772058949119,0.075,0.0,0.0,0.025
0.005433320149951459,0.075,0.0,0.0,0.025
0.00545596220469914,0.075,0.0,0.0,0.025
0.005478698614763476,0.075,0.0,0.0,0.025
0.005501529773347538,0.075,0.0,0.0,0.025
0.005524456075292997,0.075,0.0,0.0,0.025
0.005547477917086931,0.075,0.0,0.0,0.025
0.005570595696868665,0.075,0.0,0.0,0.025
0.005593809814436691,0.075,0.0,0.0,0.025
0.005617120671255566,0.075,0.0,0.0,0.025
0.005640528670462834,0.075,0.0,0.0,0.025
0.00566403421687604,0.075,0.0,0.0,0.025
0.005687637716999702,0.075,0.0,0.0,0.025
0.005711339579032338,0.075,0.0,0.0,0.025
0.005735140212873546,0.075,0.0,0.0,0.025
0.005759040030131084,0.075,0.0,0.0,0.025
0.005783039444127972,0.075,0.0,0.0,0.025
0.005807138869909668,0.075,0.0,0.0,0.025
0.005831338724251233,0.075,0.0,0.0,0.025
0.005855639425664521,0.075,0.0,0.0,0.025
0.00588004139440545,0.075,0.0,0.0,0.025
0.005904545052481256,0.075,0.0,0.0,0.025
0.005929150823657767,0.075,0.0,0.0,0.025
0.005953859133466774,0.075,0.0,0.0,0.025
0.005978670409213367,0.075,0.0,0.0,0.025
0.006003585079983313,0.075,0.0,0.0,0.025
0.006028603576650505,0.075,0.0,0.0,0.025
0.006053726331884401,0.075,0.0,0.0,0.025
0.006078953780157485,0.075,0.0,0.0,0.025
0.006104286357752822,0.075,0.0,0.0,0.025
0.006129724502771578,0.075,0.0,0.0,0.025
0.006155268655140585,0.075,0.0,0.0,0.025
0.006180919256619982,0.075,0.0,0.0,0.025
0.006206676750810836,0.075,0.0,0.0,0.025
0.006232541583162796,0.075,0.0,0.0,0.025
0.006258514200981835,0.075,0.0,0.0,0.025
0.006284595053437966,0.075,0.0,0.0,0.025
0.00631078459157299,0.075,0.0,0.0,0.025
0.006337083268308338,0.075,0.0,0.0,0.025
0.0063634915384528775,0.075,0.0,0.0,0.025
0.006390009858710767,0.075,0.0,0.0,0.025
0.006416638687689388,0.075,0.0,0.0,0.025
0.0064433784859072585,0.075,0.0,0.0,0.025
0.006470229715801975,0.075,0.0,0.0,0.025
0.006497192841738254,0.075,0.0,0.0,0.025
0.006524268330015939,0.075,0.0,0.0,0.025
0.006551456648878045,0.075,0.0,0.0,0.025
0.006578758268518898,0.075,0.0,0.0,0.025
0.006606173661092246,0.075,0.0,0.0,0.025
0.006633703300719405,0.075,0.0,0.0,0.025
0.0066613476634974945,0.075,0.0,0.0,0.025
0.006689107227507658,0.075,0.0,0.0,0.025
0.006716982472823304,0.075,0.0,0.0,0.025
0.006744973881518453,0.075,0.0,0.0,0.025
0.006773081937676054,0.075,0.0,0.0,0.025
0.006801307127396333,0.075,0.0,0.0,0.025
0.006829649938805243,0.075,0.0,0.0,0.025
0.006858110862062884,0.075,0.0,0.0,0.025
0.006886690389371962,0.075,0.0,0.0,0.025
0.006915389014986336,0.075,0.0,0.0,0.025
0.006944207235219552,0.075,0.0,0.0,0.025
0.0069731455484534025,0.075,0.0,0.0,0.025
0.007002204455146586,0.075,0.0,0.0,0.025
0.007031384457843343,0.075,0.0,0.0,0.025
0.0070606860611821245,0.075,0.0,0.0,0.025
0.007090109771904362,0.075,0.0,0.0,0.025
0.007119656098863211,0.075,0.0,0.0,0.025
0.007149325553032329,0.075,0.0,0.0,0.025
0.007179118647514751,0.075,0.0,0.0,0.025
0.007209035897551752,0.075,0.0,0.0,0.025
0.007239077820531723,0.075,0.0,0.0,0.025
0.00726924493599918,0.075,0.0,0.0,0.025
0.007299537765663684,0.075,0.0,0.0,0.025
0.00732995683340892,0.075,0.0,0.0,0.025
0.007360502665301728,0.075,0.0,0.0,0.025
0.007391175789601188,0.075,0.0,0.0,0.025
0.007421976736767789,0.075,0.0,0.0,0.025
0.007452906039472593,0.075,0.0,0.0,0.025
0.0074839642326064125,0.075,0.0,0.0,0.025
0.007515151853289113,0.075,0.0,0.0,0.025
0.007546469440878881,0.075,0.0,0.0,0.025
0.007577917536981521,0.075,0.0,0.0,0.025
0.007609496685459876,0.075,0.0,0.0,0.025
0.007641207432443203,0.075,0.0,0.0,0.025
0.007673050326336602,0.075,0.0,0.0,0.025
0.007705025917830548,0.075,0.0,0.0,0.025
0.007737134759910354,0.075,0.0,0.0,0.025
0.007769377407865793,0.075,0.0,0.0,0.025
0.007801754419300673,0.075,0.0,0.0,0.025
0.007834266354142456,0.075,0.0,0.0,0.025
0.007866913774651995,0.075,0.0,0.0,0.025
0.007899697245433225,0.075,0.0,0.0,0.025
0.007932617333442912,0.075,0.0,0.0,0.025
0.0079656746080005,0.075,0.0,0.0,0.025
0.007998869640797936,0.075,0.0,0.0,0.025
0.00803220300590953,0.075,0.0,0.0,0.025
0.008065675279801935,0.075,0.0,0.0,0.025
0.008099287041344088,0.075,0.0,0.0,0.025
0.008133038871817199,0.075,0.0,0.0,0.025
0.008166931354924852,0.075,0.0,0.0,0.05
0.008200965076803079,0.075,0.0,0.0,0.05
0.008235140626030462,0.075,0.0,0.0,0.05
0.008269458593638371,0.075,0.0,0.0,0.05
0.008303919573121158,0.075,0.0,0.0,0.05
0.008338524160446394,0.075,0.0,0.0,0.05
0.008373272954065224,0.075,0.0,0.0,0.05
0.008408166554922696,0.075,0.0,0.0,0.05
0.00844320556646813,0.075,0.0,0.0,0.05
0.008478390594665595,0.075,0.0,0.0,0.05
0.008513722248004375,0.075,0.0,0.0,0.05
0.008549201137509458,0.075,0.0,0.0,0.05
0.008584827876752158,0.075,0.0,0.0,0.05
0.008620603081860701,0.075,0.0,0.0,0.05
0.008656527371530852,0.075,0.0,0.0,0.05
0.008692601367036668,0.075,0.0,0.0,0.05
0.008728825692241215,0.075,0.0,0.0,0.05
0.008765200973607334,0.075,0.0,0.0,0.05
0.008801727840208528,0.075,0.0,0.0,0.05
0.008838406923739805,0.075,0.0,0.0,0.05
0.00887523885852859,0.075,0.0,0.0,0.05
0.00891222428154574,0.075,0.0,0.0,0.05
0.008949363832416532,0.075,0.0,0.0,0.05
0.008986658153431705,0.075,0.0,0.0,0.05
0.009024107889558612,0.075,0.0,0.0,0.05
0.00906171368845236,0.075,0.0,0.0,0.05
0.009099476200466968,0.075,0.0,0.0,0.05
0.00913739607866668,0.075,0.0,0.0,0.05
0.009175473978837227,0.075,0.0,0.0,0.05
0.009213710559497141,0.075,0.0,0.0,0.05
0.009252106481909203,0.075,0.0,0.0,0.05
0.009290662410091842,0.075,0.0,0.0,0.05
0.009329379010830603,0.075,0.0,0.0,0.05
0.009368256953689718,0.075,0.0,0.0,0.05
0.009407296911023676,0.075,0.0,0.0,0.05
0.00944649955798881,0.075,0.0,0.0,0.05
0.00948586557255503,0.075,0.0,0.0,0.05
0.009525395635517528,0.075,0.0,0.0,0.05
0.009565090430508514,0.075,0.0,0.0,0.05
0.0096049506440091,0.075,0.0,0.0,0.05
0.009644976965361143,0.075,0.0,0.0,0.05
0.009685170086779138,0.075,0.0,0.0,0.05
0.009725530703362243,0.075,0.0,0.0,0.05
0.009766059513106284,0.075,0.0,0.0,0.05
0.009806757216915775,0.075,0.0,0.0,0.05
0.00984762451861612,0.075,0.0,0.0,0.05
0.00988866212496574,0.075,0.0,0.0,0.05
0.009929870745668277,0.075,0.0,0.0,0.05
0.009971251093384918,0.075,0.0,0.0,0.05
0.010012803883746691,0.075,0.0,0.0,0.05
0.010054529835366833,0.075,0.0,0.0,0.05
0.010096429669853234,0.075,0.0,0.0,0.05
0.01013850411182091,0.075,0.0,0.0,0.05
0.010180753888904544,0.075,0.0,0.0,0.05
0.010223179731771054,0.075,0.0,0.0,0.05
0.010265782374132233,0.075,0.0,0.0,0.05
0.010308562552757446,0.075,0.0,0.0,0.05
0.010351521007486373,0.075,0.0,0.0,0.05
0.01039465848124179,0.075,0.0,0.0,0.05
0.010437975720042422,0.075,0.0,0.0,0.05
0.01048147347301586,0.075,0.0,0.0,0.05
0.010525152492411496,0.075,0.0,0.0,0.05
0.010569013533613534,0.075,0.0,0.0,0.05
0.010613057355154075,0.075,0.0,0.0,0.05
0.01065728471872621,0.075,0.0,0.0,0.05
0.010701696389197199,0.075,0.0,0.0,0.05
0.010746293134621719,0.075,0.0,0.0,0.05
0.010791075726255112,0.075,0.0,0.0,0.05
0.010836044938566746,0.075,0.0,0.0,0.05
0.010881201549253417,0.075,0.0,0.0,0.05
0.010926546339252765,0.075,0.0,0.0,0.05
0.01097208009275681,0.075,0.0,0.0,0.05
0.011017803597225508,0.075,0.0,0.0,0.05
0.011063717643400358,0.075,0.0,0.0,0.05
0.011109823025318079,0.075,0.0,0.0,0.05
0.011156120540324364,0.075,0.0,0.0,0.05
0.01120261098908764,0.075,0.0,0.0,0.05
0.01124929517561292,0.075,0.0,0.0,0.05
0.011296173907255737,0.075,0.0,0.0,0.05
0.011343247994736067,0.075,0.0,0.0,0.05
0.01139051825215236,0.075,0.0,0.0,0.075
0.01143798549699565,0.075,0.0,0.0,0.075
0.011485650550163649,0.075,0.0,0.0,0.075
0.011533514235974967,0.075,0.0,0.0,0.075
0.011581577382183357,0.075,0.0,0.0,0.075
0.011629840819992056,0.075,0.0,0.0,0.075
0.011678305384068124,0.075,0.0,0.0,0.075
0.011726971912556892,0.075,0.0,0.0,0.075
0.011775841247096483,0.075,0.0,0.0,0.075
0.011824914232832318,0.075,0.0,0.0,0.075
0.011874191718431766,0.075,0.0,0.0,0.075
0.011923674556098829,0.075,0.0,0.0,0.075
0.011973363601588845,0.075,0.0,0.0,0.075
0.012023259714223309,0.075,0.0,0.0,0.075
0.012073363756904744,0.075,0.0,0.0,0.075
0.012123676596131599,0.075,0.0,0.0,0.075
0.012174199102013247,0.075,0.0,0.0,0.075
0.012224932148285047,0.075,0.0,0.0,0.075
0.012275876612323424,0.075,0.0,0.0,0.075
0.01232703337516106,0.075,0.0,0.0,0.075
0.012378403321502142,0.075,0.0,0.0,0.075
0.012429987339737636,0.075,0.0,0.0,0.075
0.012481786321960658,0.075,0.0,0.0,0.075
0.012533801163981931,0.075,0.0,0.0,0.075
0.012586032765345236,0.075,0.0,0.0,0.075
0.012638482029342977,0.075,0.0,0.0,0.075
0.012691149863031844,0.075,0.0,0.0,0.075
0.012744037177248438,0.075,0.0,0.0,0.075
0.012797144886625056,0.075,0.0,0.0,0.075
0.012850473909605526,0.075,0.0,0.0,0.075
0.012904025168461048,0.075,0.0,0.0,0.075
0.012957799589306167,0.075,0.0,0.0,0.075
0.013011798102114806,0.075,0.0,0.0,0.075
0.013066021640736312,0.075,0.0,0.0,0.075
0.01312047114291163,0.075,0.0,0.0,0.075
0.013175147550289508,0.075,0.0,0.0,0.075
0.01323005180844281,0.075,0.0,0.0,0.075
0.013285184866884826,0.075,0.0,0.0,0.075
0.013340547679085718,0.075,0.0,0.0,0.075
0.013396141202489017,0.075,0.0,0.0,0.075
0.013451966398528161,0.075,0.0,0.0,0.075
0.01350802423264312,0.075,0.0,0.0,0.075
0.01356431567429713,0.075,0.0,0.0,0.075
0.013620841696993409,0.075,0.0,0.0,0.075
0.013677603278292016,0.075,0.0,0.0,0.075
0.013734601399826777,0.075,0.0,0.0,0.075
0.013791837047322217,0.075,0.0,0.0,0.075
0.013849311210610636,0.075,0.0,0.0,0.075
0.013907024883649241,0.075,0.0,0.0,0.075
0.013964979064537296,0.075,0.0,0.0,0.075
0.014023174755533399,0.075,0.0,0.0,0.075
0.014081612963072847,0.075,0.0,0.0,0.075
0.01414029469778499,0.075,0.0,0.0,0.075
0.014199220974510735,0.075,0.0,0.0,0.075
0.01425839281232011,0.075,0.0,0.0,0.075
0.014317811234529857,0.075,0.0,0.0,0.075
0.01437747726872114,0.075,0.0,0.0,0.075
0.014437391946757347,0.075,0.0,0.0,0.075
0.01449755630480188,0.075,0.0,0.0,0.075
0.014557971383336107,0.075,0.0,0.0,0.075
0.014618638227177374,0.075,0.0,0.0,0.075
0.01467955788549703,0.075,0.0,0.0,0.075
0.01474073141183859,0.075,0.0,0.0,0.075
0.014802159864135982,0.075,0.0,0.0,0.075
0.0148638443047318,0.075,0.0,0.0,0.075
0.0149257858003957,0.075,0.0,0.0,0.075
0.014987985422342833,0.075,0.0,0.0,0.075
0.01505044424625241,0.075,0.0,0.0,0.075
0.015113163352286253,0.075,0.0,0.0,0.075
0.015176143825107494,0.075,0.0,0.0,0.075
0.015239386753899364,0.075,0.0,0.0,0.075
0.01530289323238398,0.075,0.0,0.0,0.075
0.015366664358841283,0.075,0.0,0.0,0.075
0.015430701236128051,0.075,0.0,0.0,0.075
0.015495004971696936,0.075,0.0,0.0,0.075
0.015559576677615627,0.075,0.0,0.0,0.075
0.015624417470586112,0.075,0.0,0.0,0.075
0.01568952847196394,0.075,0.0,0.0,0.075
0.01575491080777765,0.075,0.0,0.0,0.075
0.015820565608748244,0.075,0.0,0.0,0.075
0.015886494010308717,0.075,0.0,0.0,0.075
0.015952697152623704,0.075,0.0,0.0,0.075
0.01601917618060923,0.075,0.0,0.0,0.075
0.01608593224395245,0.075,0.0,0.0,0.075
0.01615296649713157,0.075,0.0,0.0,0.075
0.01622028009943583,0.075,0.0,0.0,0.075
0.016287874214985506,0.075,0.0,0.0,0.075
0.016355750012752062,0.075,0.0,0.0,0.075
0.01642390866657839,0.075,0.0,0.0,0.075
0.016492351355199077,0.075,0.0,0.0,0.075
0.016561079262260796,0.075,0.0,0.0,0.075
0.016630093576342802,0.075,0.0,0.0,0.075
0.016699395490977455,0.075,0.0,0.0,0.075
0.01676898620467087,0.075,0.0,0.0,0.075
0.01683886692092365,0.075,0.0,0.0,0.075
0.01690903884825172,0.075,0.0,0.0,0.075
0.016979503200207174,0.075,0.0,0.0,0.075
0.017050261195399295,0.075,0.0,0.0,0.075
0.017121314057515654,0.075,0.0,0.0,0.075
0.017192663015343224,0.075,0.0,0.0,0.075
0.017264309302789643,0.075,0.0,0.0,0.075
0.017336254158904593,0.075,0.0,0.0,0.075
0.017408498827901173,0.075,0.0,0.0,0.075
0.017481044559177435,0.075,0.0,0.0,0.075
0.017553892607338032,0.075,0.0,0.0,0.075
0.017627044232215845,0.075,0.0,0.0,0.075
0.017700500698893812,0.075,0.0,0.0,0.075
0.017774263277726823,0.075,0.0,0.0,0.075
0.017848333244363638,0.075,0.0,0.0,0.075
0.01792271187976898,0.075,0.0,0.0,0.075
0.017997400470245714,0.075,0.0,0.0,0.075
0.018072400307457027,0.075,0.0,0.0,0.075
0.018147712688448805,0.075,0.0,0.0,0.075
0.018223338915672096,0.075,0.0,0.0,0.075
0.018299280297005557,0.075,0.0,0.0,0.075
0.01837553814577813,0.075,0.0,0.0,0.075
0.018452113780791757,0.075,0.0,0.0,0.075
0.018529008526344145,0.075,0.0,0.0,0.075
0.018606223712251697,0.075,0.0,0.0,0.075
0.018683760673872524,0.075,0.0,0.0,0.075
0.018761620752129508,0.075,0.0,0.0,0.075
0.018839805293533487,0.075,0.0,0.0,0.075
0.0189183156502066,0.075,0.0,0.0,0.075
0.018997153179905593,0.075,0.0,0.0,0.075
0.019076319246045356,0.075,0.0,0.0,0.075
0.019155815217722465,0.075,0.0,0.0,0.075
0.019235642469738908,0.075,0.0,0.0,0.075
0.019315802382625803,0.075,0.0,0.0,0.075
0.01939629634266729,0.075,0.0,0.0,0.075
0.019477125741924558,0.075,0.0,0.0,0.075
0.019558291978259836,0.075,0.0,0.0,0.075
0.01963979645536061,0.075,0.0,0.0,0.075
0.01972164058276393,0.075,0.0,0.0,0.075
0.019803825775880718,0.075,0.0,0.0,0.075
0.01988635345602028,0.075,0.0,0.0,0.075
0.019969225050414922,0.075,0.0,0.0,0.075
0.02005244199224456,0.075,0.0,0.0,0.075
0.020136005720661553,0.075,0.0,0.0,0.075
0.0202199176808156,0.075,0.0,0.0,0.075
0.02030417932387869,0.075,0.0,0.0,0.075
0.020388792107070217,0.075,0.0,0.0,0.075
0.020473757493682222,0.075,0.0,0.0,0.075
0.020559076953104636,0.075,0.0,0.0,0.075
0.02064475196085071,0.075,0.0,0.0,0.075
0.02073078399858258,0.075,0.0,0.0,0.075
0.020817174554136814,0.075,0.0,0.0,0.075
0.020903925121550187,0.075,0.0,0.0,0.075
0.020991037201085545,0.075,0.0,0.0,0.075
0.021078512299257682,0.075,0.0,0.0,0.075
0.021166351928859434,0.075,0.0,0.0,0.075
0.021254557608987867,0.075,0.0,0.0,0.075
0.02134313086507049,0.075,0.0,0.0,0.075
0.021432073228891655,0.075,0.0,0.0,0.075
0.0215213862386191,0.075,0.0,0.0,0.075
0.02161107143883047,0.075,0.0,0.0,0.075
0.021701130380540078,0.075,0.0,0.0,0.075
0.021791564621225702,0.075,0.0,0.0,0.075
0.02188237572485557,0.075,0.0,0.0,0.075
0.021973565261915337,0.075,0.0,0.0,0.075
0.02206513480943528,0.075,0.0,0.0,0.075
0.0221570859510176,0.075,0.0,0.0,0.075
0.022249420276863753,0.075,0.0,0.0,0.075
0.022342139383801973,0.075,0.0,0.0,0.075
0.02243524487531492,0.075,0.0,0.0,0.075
0.02252873836156736,0.075,0.0,0.0,0.075
0.02262262145943402,0.075,0.0,0.0,0.075
0.02271689579252761,0.075,0.0,0.0,0.075
0.022811562991226816,0.075,0.0,0.0,0.075
0.022906624692704533,0.075,0.0,0.0,0.075
0.023002082540956214,0.075,0.0,0.0,0.075
0.02309793818682824,0.075,0.0,0.0,0.075
0.023194193288046488,0.075,0.0,0.0,0.075
0.02329084950924505,0.075,0.0,0.0,0.075
0.023387908521994946,0.075,0.0,0.0,0.075
0.02348537200483306,0.075,0.0,0.0,0.075
0.023583241643291217,0.075,0.0,0.0,0.075
0.023681519129925246,0.075,0.0,0.0,0.075
0.023780206164344307,0.075,0.0,0.0,0.075
0.0238793044532403,0.075,0.0,0.0,0.075
0.023978815710417316,0.075,0.0,0.0,0.075
0.024078741656821317,0.075,0.0,0.0,0.075
0.024179084020569928,0.075,0.0,0.0,0.075
0.024279844536982256,0.075,0.0,0.0,0.075
0.02438102494860892,0.075,0.0,0.0,0.075
0.024482627005262252,0.075,0.0,0.0,0.075
0.02458465246404646,0.075,0.0,0.0,0.075
0.02468710308938808,0.075,0.0,0.0,0.075
0.024789980653066444,0.075,0.0,0.0,0.075
0.024893286934244405,0.075,0.0,0.0,0.075
0.024997023719499,0.075,0.0,0.0,0.075
0.025101192802852397,0.075,0.0,0.0,0.075
0.02520579598580296,0.075,0.0,0.0,0.075
0.02531083507735633,0.075,0.0,0.0,0.075
0.025416311894056732,0.075,0.0,0.0,0.075
0.025522228260018452,0.075,0.0,0.0,0.075
0.02562858600695729,0.075,0.0,0.0,0.075
0.025735386974222285,0.075,0.0,0.0,0.075
0.02584263300882755,0.075,0.0,0.0,0.075
0.025950325965484154,0.075,0.0,0.0,0.075
0.02605846770663223,0.075,0.0,0.0,0.075
0.026167060102473216,0.075,0.0,0.0,0.075
0.026276105031002125,0.075,0.0,0.0,0.075
0.026385604378040068,0.075,0.0,0.0,0.075
0.026495560037266896,0.075,0.0,0.0,0.075
0.026605973910253877,0.075,0.0,0.0,0.075
0.026716847906496623,0.075,0.0,0.0,0.075
0.026828183943448148,0.075,0.0,0.0,0.075
0.026939983946551945,0.075,0.0,0.0,0.075
0.027052249849275335,0.075,0.0,0.0,0.075
0.02716498359314294,0.075,0.0,0.0,0.075
0.027278187127770175,0.075,0.0,0.0,0.075
0.02739186241089701,0.075,0.0,0.0,0.075
0.02750601140842187,0.075,0.0,0.0,0.075
0.027620636094435536,0.075,0.0,0.0,0.075
0.027735738451255362,0.075,0.0,0.0,0.075
0.02785132046945952,0.075,0.0,0.0,0.075
0.027967384147921468,0.075,0.0,0.0,0.075
0.02808393149384446,0.075,0.0,0.0,0.075
0.02820096452279628,0.075,0.0,0.0,0.075
0.02831848525874414,0.075,0.0,0.0,0.075
0.02843649573408963,0.075,0.0,0.0,0.075
0.028554997989703852,0.075,0.0,0.0,0.075
0.028673994074962822,0.075,0.0,0.0,0.075
0.02879348604778277,0.075,0.0,0.0,0.075
0.028913475974655812,0.075,0.0,0.0,0.075
0.02903396593068571,0.075,0.0,0.0,0.075
0.029154957999623678,0.075,0.0,0.0,0.075
0.029276454273904465,0.075,0.0,0.0,0.075
0.02939845685468258,0.075,0.0,0.0,0.075
0.02952096785186855,0.1,0.0,0.0,0.075
0.02964398938416543,0.1,0.0,0.0,0.075
0.029767523579105525,0.1,0.0,0.0,0.075
0.029891572573087062,0.1,0.0,0.0,0.1
0.030016138511411196,0.1,0.0,0.0,0.1
0.030141223548319156,0.1,0.0,0.0,0.1
0.03026682984702941,0.1,0.0,0.0,0.1
0.030392959579775107,0.1,0.0,0.0,0.1
0.030519614927841717,0.1,0.0,0.0,0.1
0.030646798081604636,0.1,0.0,0.0,0.1
0.03077451124056712,0.1,0.0,0.0,0.1
0.030902756613398384,0.1,0.0,0.0,0.1
0.031031536417971687,0.1,0.0,0.0,0.1
0.031160852881402735,0.1,0.0,0.0,0.1
0.03129070824008826,0.1,0.0,0.0,0.1
0.0314211047397446,0.1,0.0,0.0,0.1
0.03155204463544656,0.1,0.0,0.0,0.1
0.03168353019166645,0.1,0.0,0.0,0.1
0.03181556368231323,0.1,0.0,0.0,0.1
0.03194814739077183,0.1,0.0,0.0,0.1
0.03208128360994259,0.1,0.0,0.0,0.1
0.032214974642281034,0.1,0.0,0.0,0.1
0.032349222799837575,0.1,0.0,0.0,0.1
0.03248403040429751,0.1,0.0,0.0,0.1
0.03261939978702128,0.1,0.0,0.0,0.1
0.03275533328908464,0.1,0.0,0.0,0.1
0.03289183326131923,0.1,0.0,0.0,0.1
0.03302890206435326,0.1,0.0,0.0,0.1
0.03316654206865222,0.1,0.0,0.025,0.1
0.03330475565455999,0.1,0.0,0.025,0.1
0.03344354521233996,0.1,0.0,0.025,0.1
0.03358291314221636,0.1,0.0,0.025,0.1
0.03372286185441575,0.1,0.0,0.025,0.1
0.033863393769208786,0.1,0.0,0.025,0.1
0.03400451131695198,0.1,0.0,0.025,0.1
0.034146216938129755,0.1,0.0,0.025,0.1
0.03428851308339672,0.1,0.0,0.025,0.1
0.03443140221361996,0.1,0.0,0.025,0.1
0.034574886799921614,0.1,0.0,0.025,0.1
0.03471896932372169,0.1,0.0,0.025,0.1
0.03486365227678086,0.1,0.0,0.025,0.1
0.03500893816124361,0.1,0.0,0.025,0.1
0.03515482948968158,0.1,0.0,0.025,0.1
0.03530132878513686,0.1,0.0,0.025,0.1
0.03544843858116574,0.1,0.0,0.025,0.1
0.035596161421882544,0.1,0.0,0.025,0.1
0.035744499862003516,0.1,0.0,0.025,0.1
0.035893456466891106,0.1,0.0,0.025,0.1
0.03604303381259825,0.1,0.0,0.025,0.1
0.03619323448591303,0.1,0.0,0.025,0.1
0.0363440610844033,0.1,0.0,0.025,0.1
0.03649551621646164,0.1,0.0,0.025,0.1
0.03664760250135054,0.1,0.0,0.025,0.1
0.03680032256924758,0.1,0.0,0.025,0.1
0.036953679061290975,0.1,0.0,0.025,0.1
0.0371076746296253,0.1,0.0,0.025,0.1
0.037262311937447244,0.1,0.0,0.025,0.1
0.03741759365905174,0.1,0.0,0.025,0.1
0.03757352247987825,0.1,0.0,0.025,0.1
0.037730101096557105,0.1,0.0,0.025,0.1
0.03788733221695619,0.1,0.0,0.025,0.1
0.03804521856022785,0.1,0.0,0.025,0.1
0.038203762856855755,0.1,0.0,0.025,0.1
0.03836296784870224,0.1,0.0,0.025,0.1
0.038522836289055735,0.1,0.0,0.025,0.1
0.038683370942678284,0.1,0.0,0.025,0.1
0.038844574585853414,0.1,0.0,0.025,0.1
0.039006450006434185,0.1,0.0,0.025,0.1
0.03916900000389134,0.1,0.0,0.025,0.1
0.03933222738936171,0.1,0.0,0.025,0.1
0.03949613498569693,0.1,0.0,0.025,0.1
0.039660725627512154,0.1,0.0,0.025,0.1
0.03982600216123508,0.1,0.0,0.025,0.1
0.039991967445155284,0.1,0.0,0.025,0.1
0.04015862434947352,0.1,0.0,0.025,0.1
0.04032597575635143,0.1,0.0,0.025,0.1
0.040494024559961345,0.1,0.0,0.025,0.1
0.04066277366653643,0.1,0.0,0.025,0.1
0.040832225994420816,0.1,0.0,0.05,0.1
0.04100238447412013,0.1,0.0,0.05,0.1
0.04117325204835223,0.1,0.0,0.05,0.1
0.04134483167209801,0.1,0.0,0.05,0.1
0.04151712631265249,0.1,0.0,0.05,0.1
0.04169013894967628,0.1,0.0,0.05,0.1
0.04186387257524693,0.1,0.0,0.05,0.1
0.042038330193910754,0.1,0.0,0.05,0.1
0.04221351482273485,0.1,0.0,0.05,0.1
0.042389429491359175,0.1,0.0,0.05,0.1
0.042566077242048944,0.1,0.0,0.05,0.1
0.042743461129747376,0.1,0.0,0.05,0.1
0.04292158422212836,0.1,0.0,0.05,0.1
0.043100449599649565,0.1,0.0,0.05,0.1
0.04328006035560581,0.1,0.0,0.05,0.1
0.043460419596182395,0.1,0.0,0.075,0.1
0.04364153044050891,0.1,0.0,0.075,0.1
0.04382339602071323,0.1,0.0,0.075,0.1
0.04400601948197555,0.1,0.0,0.075,0.1
0.044189403982582844,0.1,0.0,0.075,0.1
0.044373552693983576,0.1,0.0,0.075,0.1
0.04455846880084236,0.1,0.0,0.075,0.1
0.044744155501095166,0.1,0.0,0.075,0.1
0.04493061600600462,0.1,0.0,0.075,0.1
0.04511785354021549,0.1,0.0,0.075,0.1
0.045305871341810446,0.1,0.0,0.075,0.1
0.04549467266236616,0.1,0.0,0.075,0.1
0.045684260767009405,0.1,0.0,0.075,0.1
0.04587463893447361,0.1,0.0,0.075,0.1
0.046065810457155514,0.1,0.0,0.075,0.1
0.046257778641172184,0.1,0.0,0.075,0.1
0.04645054680641808,0.1,0.0,0.075,0.1
0.04664411828662251,0.1,0.0,0.075,0.1
0.04683849642940738,0.1,0.0,0.075,0.1
0.047033684596344924,0.1,0.0,0.075,0.1
0.04722968616301593,0.1,0.0,0.075,0.1
0.047426504519068165,0.1,0.0,0.075,0.1
0.047624143068274886,0.1,0.0,0.075,0.1
0.04782260522859373,0.1,0.0,0.075,0.1
0.04802189443222595,0.1,0.0,0.075,0.1
0.04822201412567558,0.1,0.0,0.075,0.1
0.04842296776980913,0.1,0.0,0.075,0.1
0.04862475883991553,0.1,0.0,0.075,0.1
0.04882739082576605,0.1,0.0,0.075,0.1
0.049030867231674755,0.1,0.0,0.075,0.1
0.049235191576559145,0.1,0.025,0.075,0.1
0.04944036739400093,0.1,0.025,0.075,0.1
0.049646398232307126,0.1,0.025,0.075,0.1
0.04985328765457157,0.1,0.025,0.075,0.1
0.05006103923873635,0.1,0.025,0.075,0.1
0.05026965657765378,0.1,0.025,0.075,0.1
0.05047914327914857,0.1,0.025,0.075,0.1
0.05068950296608012,0.1,0.025,0.075,0.1
0.05090073927640522,0.1,0.025,0.075,0.1
0.05111285586324103,0.1,0.025,0.075,0.1
0.051325856394928156,0.1,0.025,0.075,0.1
0.05153974455509409,0.1,0.025,0.075,0.1
0.05175452404271705,0.1,0.025,0.075,0.1
0.05197019857218979,0.1,0.025,0.075,0.1
0.052186771873383914,0.1,0.025,0.075,0.1
0.05240424769171435,0.1,0.025,0.075,0.1
0.05262262978820421,0.1,0.025,0.075,0.1
0.052841921939549695,0.1,0.025,0.075,0.1
0.05306212793818548,0.1,0.025,0.075,0.1
0.053283251592350374,0.1,0.025,0.075,0.1
0.05350529672615303,0.1,0.025,0.075,0.1
0.05372826717963815,0.1,0.025,0.075,0.1
0.053952166808852974,0.1,0.025,0.075,0.1
0.05417699948591382,0.1,0.05,0.075,0.1
0.05440276909907312,0.1,0.05,0.075,0.1
0.05462947955278674,0.1,0.05,0.075,0.1
0.05485713476778134,0.1,0.05,0.075,0.1
0.05508573868112227,0.1,0.05,0.075,0.1
0.055315295246281745,0.1,0.05,0.075,0.1
0.05554580843320702,0.125,0.05,0.075,0.1
0.055777282228389166,0.125,0.05,0.075,0.1
0.056009720634932085,0.125,0.05,0.075,0.1
0.056243127672621546,0.125,0.05,0.075,0.1
0.056477507377994826,0.125,0.05,0.075,0.1
0.05671286380441058,0.125,0.05,0.075,0.1
0.056949201022118784,0.125,0.05,0.075,0.1
0.05718652311833118,0.125,0.05,0.075,0.1
0.057424834197292086,0.125,0.05,0.075,0.1
0.05766413838034918,0.125,0.05,0.075,0.1
0.05790443980602486,0.125,0.05,0.075,0.1
0.05814574263008792,0.125,0.05,0.075,0.1
0.058388051025625214,0.125,0.05,0.075,0.1
0.058631369183113985,0.125,0.05,0.075,0.1
0.05887570131049423,0.125,0.05,0.075,0.1
0.05912105163324163,0.125,0.075,0.075,0.1
0.059367424394440406,0.125,0.075,0.075,0.1
0.05961482385485685,0.125,0.075,0.075,0.1
0.05986325429301302,0.125,0.075,0.075,0.1
0.060112720005260634,0.125,0.075,0.075,0.1
0.060363225305855396,0.125,0.075,0.075,0.1
0.060614774527031734,0.125,0.075,0.075,0.1
0.06086737201907752,0.125,0.075,0.075,0.1
0.06112102215040942,0.125,0.075,0.075,0.1
0.06137572930764851,0.125,0.075,0.075,0.1
0.061631497895695955,0.125,0.075,0.075,0.1
0.0618883323378093,0.125,0.075,0.075,0.1
0.062146237075679026,0.125,0.075,0.075,0.1
0.06240521656950522,0.125,0.075,0.075,0.1
0.06266527529807477,0.125,0.075,0.075,0.1
0.0629264177588389,0.125,0.075,0.075,0.1
0.06318864846799084,0.125,0.075,0.075,0.125
0.06345197196054392,0.125,0.075,0.075,0.125
0.06371639279041016,0.125,0.075,0.075,0.125
0.06398191553047884,0.125,0.075,0.075,0.125
0.0642485447726956,0.125,0.075,0.075,0.125
0.06451628512814206,0.125,0.075,0.075,0.125
0.06478514122711529,0.125,0.075,0.075,0.125
0.06505511771920802,0.125,0.075,0.075,0.125
0.06532621927338912,0.125,0.075,0.075,0.125
0.0655984505780842,0.125,0.075,0.075,0.125
0.0658718163412567,0.125,0.075,0.075,0.125
0.06614632129048954,0.125,0.075,0.075,0.125
0.06642197017306653,0.125,0.075,0.075,0.125
0.06669876775605472,0.125,0.075,0.1,0.125
0.06697671882638673,0.125,0.075,0.1,0.125
0.06725582819094367,0.125,0.075,0.1,0.125
0.06753610067663803,0.125,0.075,0.1,0.125
0.06781754113049736,0.125,0.075,0.1,0.125
0.0681001544197481,0.125,0.075,0.1,0.125
0.06838394543189956,0.125,0.075,0.1,0.125
0.06866891907482861,0.125,0.075,0.1,0.125
0.06895508027686462,0.125,0.075,0.1,0.125
0.06924243398687445,0.125,0.075,0.1,0.125
0.0695309851743482,0.125,0.075,0.1,0.125
0.06982073882948521,0.125,0.075,0.1,0.125
0.07011169996328019,0.125,0.075,0.1,0.125
0.07040387360760994,0.125,0.075,0.1,0.125
0.07069726481532053,0.125,0.075,0.1,0.125
0.07099187866031444,0.125,0.075,0.1,0.125
0.07128772023763838,0.125,0.075,0.1,0.125
0.0715847946635716,0.125,0.075,0.1,0.125
0.07188310707571406,0.125,0.075,0.1,0.125
0.07218266263307549,0.125,0.075,0.1,0.125
0.07248346651616461,0.125,0.075,0.1,0.125
0.07278552392707856,0.125,0.075,0.1,0.125
0.07308884008959297,0.125,0.075,0.1,0.125
0.07339342024925247,0.125,0.075,0.1,0.125
0.07369926967346102,0.125,0.075,0.1,0.125
0.07400639365157329,0.125,0.075,0.1,0.125
0.07431479749498615,0.125,0.075,0.1,0.125
0.07462448653723035,0.125,0.075,0.1,0.125
0.07493546613406281,0.125,0.075,0.1,0.125
0.07524774166355941,0.125,0.075,0.1,0.125
0.07556131852620777,0.125,0.075,0.1,0.125
0.07587620214500077,0.125,0.075,0.1,0.125
0.07619239796553025,0.125,0.075,0.1,0.125
0.07650991145608138,0.125,0.075,0.1,0.125
0.07682874810772697,0.125,0.075,0.1,0.125
0.07714891343442257,0.125,0.075,0.1,0.125
0.07747041297310191,0.125,0.075,0.1,0.125
0.07779325228377246,0.125,0.075,0.1,0.125
0.07811743694961165,0.125,0.075,0.1,0.125
0.07844297257706362,0.125,0.075,0.1,0.125
0.07876986479593587,0.125,0.075,0.125,0.125
0.0790981192594968,0.125,0.1,0.125,0.125
0.0794277416445735,0.125,0.1,0.125,0.125
0.07975873765164984,0.125,0.1,0.125,0.125
0.08009111300496503,0.125,0.1,0.125,0.125
0.08042487345261279,0.125,0.1,0.125,0.125
0.08076002476664053,0.125,0.1,0.125,0.125
0.08109657274314928,0.125,0.1,0.125,0.125
0.08143452320239405,0.125,0.1,0.125,0.125
0.08177388198888423,0.125,0.1,0.125,0.125
0.0821146549714848,0.125,0.1,0.125,0.125
0.08245684804351797,0.125,0.1,0.125,0.125
0.08280046712286478,0.125,0.1,0.125,0.125
0.08314551815206767,0.125,0.1,0.125,0.125
0.08349200709843327,0.125,0.1,0.125,0.125
0.08383993995413544,0.125,0.1,0.125,0.125
0.08418932273631896,0.125,0.1,0.125,0.125
0.08454016148720377,0.125,0.1,0.125,0.125
0.08489246227418913,0.125,0.1,0.125,0.125
0.08524623118995878,0.125,0.1,0.125,0.125
0.08560147435258633,0.125,0.1,0.125,0.125
0.08595819790564091,0.125,0.1,0.125,0.125
0.08631640801829352,0.125,0.1,0.125,0.125
0.08667611088542365,0.125,0.1,0.125,0.125
0.08703731272772658,0.125,0.1,0.125,0.125
0.08740001979182073,0.125,0.1,0.125,0.125
0.0877642383503558,0.125,0.1,0.125,0.125
0.08812997470212136,0.125,0.1,0.125,0.125
0.08849723517215556,0.125,0.1,0.125,0.125
0.08886602611185461,0.125,0.1,0.125,0.125
0.08923635389908278,0.125,0.1,0.125,0.125
0.08960822493828241,0.125,0.1,0.125,0.125
0.08998164566058484,0.125,0.1,0.125,0.125
0.09035662252392168,0.125,0.1,0.125,0.125
0.09073316201313635,0.125,0.1,0.125,0.125
0.09111127064009625,0.125,0.125,0.125,0.125
0.09149095494380556,0.125,0.125,0.125,0.125
0.09187222149051809,0.125,0.125,0.125,0.125
0.09225507687385087,0.125,0.15,0.125,0.125
0.09263952771489845,0.125,0.15,0.125,0.125
0.093025580662347,0.125,0.15,0.125,0.125
0.09341324239258951,0.125,0.15,0.125,0.125
0.0938025196098414,0.125,0.15,0.125,0.125
0.09419341904625611,0.125,0.15,0.125,0.125
0.09458594746204176,0.125,0.15,0.125,0.125
0.09498011164557808,0.125,0.15,0.125,0.15
0.09537591841353368,0.125,0.15,0.125,0.15
0.09577337461098395,0.125,0.15,0.125,0.15
0.09617248711152965,0.125,0.15,0.125,0.15
0.09657326281741542,0.125,0.15,0.125,0.15
0.09697570865964947,0.125,0.15,0.125,0.15
0.0973798315981232,0.125,0.15,0.125,0.15
0.09778563862173191,0.125,0.15,0.125,0.15
0.09819313674849521,0.15,0.15,0.125,0.15
0.09860233302567867,0.15,0.15,0.125,0.15
0.09901323452991577,0.15,0.15,0.125,0.15
0.09942584836733002,0.15,0.15,0.125,0.15
0.09984018167365799,0.15,0.15,0.125,0.15
0.10025624161437281,0.15,0.15,0.125,0.15
0.10067403538480804,0.15,0.15,0.125,0.15
0.10109357021028179,0.15,0.15,0.125,0.15
0.1015148533462222,0.15,0.15,0.125,0.15
0.10193789207829271,0.15,0.15,0.125,0.15
0.10236269372251766,0.15,0.15,0.125,0.15
0.1027892656254095,0.15,0.15,0.125,0.15
0.1032176151640955,0.15,0.15,0.125,0.15
0.10364774974644501,0.15,0.15,0.125,0.15
0.10407967681119833,0.15,0.15,0.125,0.15
0.10451340382809447,0.15,0.15,0.125,0.15
0.10494893829800113,0.15,0.15,0.125,0.15
0.10538628775304404,0.15,0.15,0.125,0.15
0.10582545975673698,0.15,0.15,0.125,0.15
0.10626646190411311,0.15,0.15,0.125,0.15
0.1067093018218561,0.15,0.15,0.125,0.15
0.1071539871684317,0.15,0.15,0.125,0.15
0.10760052563422075,0.15,0.15,0.125,0.15
0.10804892494165189,0.15,0.15,0.125,0.15
0.10849919284533485,0.15,0.15,0.125,0.15
0.10895133713219511,0.15,0.15,0.125,0.15
0.10940536562160834,0.15,0.15,0.125,0.15
0.10986128616553519,0.15,0.15,0.125,0.15
0.11031910664865782,0.15,0.15,0.125,0.15
0.11077883498851594,0.15,0.15,0.125,0.15
0.11124047913564332,0.15,0.15,0.15,0.15
0.11170404707370603,0.15,0.15,0.15,0.15
0.11216954681964013,0.15,0.15,0.15,0.15
0.11263698642379001,0.15,0.15,0.15,0.15
0.11310637397004827,0.15,0.15,0.15,0.15
0.1135777175759952,0.15,0.15,0.15,0.15
0.11405102539303878,0.15,0.15,0.15,0.15
0.11452630560655637,0.15,0.15,0.15,0.15
0.11500356643603596,0.15,0.15,0.15,0.15
0.1154828161352179,0.15,0.15,0.15,0.15
0.11596406299223834,0.15,0.15,0.15,0.15
0.11644731532977232,0.15,0.15,0.15,0.15
0.1169325815051772,0.15,0.15,0.15,0.15
0.11741986991063802,0.15,0.15,0.15,0.15
0.11790918897331219,0.15,0.15,0.15,0.15
0.11840054715547495,0.15,0.15,0.15,0.15
0.11889395295466638,0.15,0.15,0.15,0.15
0.11938941490383802,0.15,0.15,0.15,0.15
0.11988694157150005,0.15,0.15,0.15,0.15
0.12038654156187026,0.15,0.15,0.15,0.15
0.12088822351502242,0.15,0.15,0.15,0.15
0.12139199610703534,0.15,0.15,0.15,0.15
0.12189786805014372,0.15,0.15,0.15,0.15
0.12240584809288836,0.15,0.15,0.15,0.15
0.12291594502026716,0.15,0.15,0.15,0.15
0.12342816765388773,0.15,0.15,0.15,0.15
0.12394252485211965,0.15,0.15,0.15,0.15
0.12445902551024719,0.15,0.15,0.15,0.15
0.124977678560624,0.15,0.15,0.15,0.15
0.12549849297282714,0.15,0.15,0.15,0.15
0.12602147775381187,0.15,0.15,0.15,0.15
0.1265466419480681,0.15,0.15,0.15,0.15
0.12707399463777658,0.15,0.15,0.15,0.15
0.12760354494296536,0.15,0.15,0.15,0.15
0.12813530202166845,0.15,0.15,0.15,0.15
0.1286692750700838,0.15,0.15,0.15,0.15
0.12920547332273183,0.15,0.15,0.15,0.15
0.12974390605261607,0.15,0.15,0.15,0.15
0.130284582571383,0.15,0.15,0.15,0.15
0.13082751222948286,0.15,0.15,0.15,0.15
0.13137270441633186,0.15,0.15,0.15,0.15
0.13192016856047456,0.15,0.15,0.15,0.15
0.1324699141297461,0.15,0.15,0.15,0.15
0.1330219506314372,0.15,0.15,0.15,0.15
0.13357628761245743,0.15,0.15,0.15,0.15
0.1341329346595011,0.15,0.15,0.15,0.15
0.1346919013992128,0.15,0.15,0.15,0.15
0.13525319749835352,0.15,0.15,0.15,0.15
0.1358168326639684,0.15,0.15,0.15,0.15
0.13638281664355453,0.15,0.15,0.15,0.15
0.13695115922522882,0.15,0.15,0.15,0.15
0.13752187023789827,0.15,0.15,0.15,0.15
0.13809495955142945,0.15,0.15,0.15,0.15
0.13867043707681884,0.15,0.15,0.15,0.15
0.13924831276636498,0.15,0.15,0.15,0.15
0.13982859661384034,0.15,0.15,0.15,0.15
0.14041129865466345,0.15,0.15,0.15,0.15
0.14099642896607356,0.15,0.15,0.15,0.15
0.14158399766730437,0.15,0.15,0.15,0.15
0.14217401491975862,0.15,0.15,0.15,0.15
0.14276649092718469,0.15,0.15,0.15,0.15
0.14336143593585263,0.15,0.15,0.15,0.15
0.14395886023473087,0.15,0.15,0.15,0.15
0.14455877415566515,0.15,0.15,0.15,0.15
0.14516118807355666,0.15,0.15,0.15,0.15
0.14576611240654103,0.15,0.15,0.15,0.15
0.14637355761616944,0.15,0.15,0.15,0.15
0.14698353420758908,0.15,0.15,0.15,0.15
0.14759605272972434,0.15,0.15,0.15,0.15
0.14821112377546014,0.15,0.15,0.15,0.15
0.14882875798182477,0.15,0.15,0.15,0.15
0.14944896603017327,0.15,0.15,0.175,0.15
0.1500717586463731,0.15,0.15,0.175,0.15
0.15069714660098923,0.15,0.15,0.175,0.15
0.15132514070946995,0.15,0.15,0.175,0.15
0.15195575183233467,0.15,0.15,0.175,0.15
0.1525889908753615,0.15,0.15,0.175,0.15
0.15322486878977526,0.15,0.15,0.175,0.15
0.15386339657243783,0.15,0.15,0.175,0.15
0.15450458526603789,0.15,0.15,0.175,0.15
0.15514844595928137,0.15,0.15,0.175,0.15
0.15579498978708417,0.15,0.15,0.175,0.15
0.15644422793076435,0.15,0.15,0.175,0.15
0.15709617161823483,0.15,0.15,0.175,0.15
0.15775083212419877,0.15,0.15,0.175,0.15
0.15840822077034383,0.15,0.175,0.175,0.15
0.15906834892553767,0.15,0.175,0.175,0.15
0.1597312280060254,0.15,0.175,0.175,0.15
0.16039686947562665,0.15,0.175,0.175,0.15
0.1610652848459332,0.15,0.175,0.175,0.15
0.16173648567650914,0.15,0.175,0.175,0.15
0.16241048357509033,0.15,0.175,0.175,0.15
0.16308729019778445,0.15,0.175,0.175,0.15
0.1637669172492738,0.15,0.175,0.175,0.15
0.16444937648301713,0.15,0.175,0.175,0.15
0.16513467970145232,0.15,0.175,0.175,0.15
0.16582283875620168,0.15,0.2,0.175,0.15
0.16651386554827619,0.15,0.2,0.175,0.15
0.16720777202828102,0.15,0.2,0.175,0.15
0.16790457019662308,0.15,0.2,0.175,0.15
0.1686042721037181,0.15,0.2,0.175,0.15
0.16930688985019848,0.15,0.2,0.175,0.15
0.1700124355871238,0.15,0.2,0.175,0.15
0.17072092151618964,0.15,0.2,0.175,0.15
0.17143235988993957,0.15,0.2,0.175,0.15
0.17214676301197682,0.15,0.2,0.175,0.15
0.17286414323717633,0.15,0.2,0.175,0.15
0.1735845129718996,0.15,0.2,0.175,0.15
0.17430788467420866,0.15,0.2,0.2,0.15
0.17503427085408085,0.15,0.2,0.2,0.15
0.17576368407362655,0.15,0.2,0.2,0.15
0.17649613694730562,0.15,0.2,0.2,0.15
0.17723164214214507,0.15,0.2,0.2,0.15
0.17797021237795932,0.15,0.2,0.2,0.15
0.1787118604275695,0.15,0.2,0.2,0.15
0.1794565991170239,0.15,0.2,0.2,0.15
0.1802044413258208,0.15,0.2,0.2,0.15
0.1809553999871307,0.15,0.2,0.2,0.15
0.1817094880880194,0.15,0.2,0.2,0.15
0.18246671866967376,0.15,0.2,0.2,0.15
0.18322710482762664,0.15,0.2,0.2,0.15
0.1839906597119828,0.15,0.2,0.2,0.15
0.18475739652764753,0.15,0.2,0.2,0.15
0.1855273285345543,0.15,0.2,0.2,0.15
0.18630046904789366,0.15,0.2,0.2,0.15
0.1870768314383445,0.15,0.2,0.2,0.15
0.1878564291323049,0.15,0.2,0.2,0.15
0.18863927561212362,0.15,0.2,0.2,0.15
0.1894253844163344,0.15,0.2,0.2,0.15
0.1902147691398896,0.15,0.2,0.2,0.15
0.19100744343439469,0.15,0.2,0.2,0.15
0.19180342100834546,0.15,0.2,0.2,0.15
0.19260271562736464,0.15,0.2,0.2,0.15
0.19340534111443922,0.15,0.2,0.2,0.15
0.1942113113501608,0.15,0.2,0.2,0.15
0.19502064027296495,0.15,0.2,0.2,0.15
0.19583334187937182,0.15,0.2,0.2,0.15
0.1966494302242292,0.15,0.2,0.2,0.15
0.19746891942095512,0.15,0.2,0.2,0.15
0.19829182364178127,0.15,0.2,0.2,0.15
0.1991181571179993,0.15,0.2,0.2,0.15
0.19994793414020634,0.15,0.2,0.2,0.15
0.2007811690585516,0.15,0.2,0.2,0.15
0.20161787628298558,0.15,0.2,0.2,0.15
0.20245807028350893,0.15,0.2,0.2,0.15
0.2033017655904218,0.15,0.2,0.2,0.15
0.20414897679457653,0.15,0.2,0.2,0.15
0.20499971854762938,0.15,0.2,0.2,0.15
0.2058540055622932,0.15,0.2,0.2,0.15
0.20671185261259312,0.15,0.2,0.2,0.15
0.2075732745341215,0.15,0.2,0.2,0.15
0.20843828622429386,0.15,0.2,0.2,0.15
0.20930690264260773,0.15,0.2,0.2,0.15
0.21017913881090072,0.15,0.2,0.2,0.15
0.2110550098136097,0.15,0.2,0.2,0.15
0.211934530798033,0.15,0.2,0.2,0.15
0.2128177169745916,0.15,0.2,0.2,0.175
0.21370458361709163,0.15,0.2,0.2,0.175
0.21459514606298982,0.15,0.2,0.2,0.175
0.215489419713658,0.15,0.2,0.2,0.175
0.21638742003464892,0.15,0.2,0.2,0.175
0.2172891625559649,0.15,0.2,0.2,0.175
0.2181946628723258,0.15,0.2,0.2,0.175
0.21910393664343816,0.15,0.2,0.2,0.175
0.22001699959426738,0.15,0.2,0.2,0.175
0.22093386751530797,0.15,0.2,0.2,0.175
0.22185455626285827,0.15,0.2,0.2,0.175
0.22277908175929387,0.15,0.2,0.225,0.175
0.22370745999334238,0.15,0.2,0.225,0.175
0.22463970702036126,0.15,0.2,0.225,0.175
0.22557583896261482,0.15,0.2,0.225,0.175
0.2265158720095523,0.15,0.2,0.225,0.175
0.22745982241808932,0.15,0.2,0.225,0.175
0.22840770651288825,0.15,0.2,0.225,0.175
0.22935954068663988,0.15,0.2,0.225,0.175
0.23031534140034832,0.15,0.2,0.225,0.2
0.2312751251836149,0.15,0.2,0.225,0.2
0.2322389086349234,0.15,0.2,0.225,0.2
0.23320670842192853,0.15,0.2,0.225,0.2
0.23417854128174342,0.15,0.2,0.225,0.2
0.23515442402122838,0.15,0.2,0.225,0.2
0.23613437351728297,0.15,0.2,0.225,0.2
0.2371184067171372,0.15,0.2,0.225,0.2
0.23810654063864378,0.15,0.2,0.225,0.2
0.2390987923705741,0.15,0.2,0.25,0.2
0.24009517907291278,0.15,0.2,0.25,0.2
0.24109571797715382,0.15,0.225,0.25,0.2
0.24210042638660015,0.15,0.225,0.25,0.2
0.2431093216766619,0.15,0.225,0.25,0.2
0.2441224212951565,0.15,0.225,0.25,0.2
0.2451397427626115,0.15,0.225,0.25,0.2
0.24616130367256717,0.15,0.225,0.25,0.2
0.24718712169187987,0.15,0.225,0.25,0.2
0.248217214561029,0.15,0.225,0.25,0.2
0.24925160009442324,0.15,0.225,0.25,0.2
0.2502902961807077,0.15,0.225,0.25,0.2
0.25133332078307496,0.15,0.225,0.25,0.2
0.25238069193957474,0.15,0.225,0.25,0.2
0.2534324277634254,0.15,0.225,0.25,0.2
0.25448854644332847,0.15,0.225,0.25,0.2
0.25554906624378243,0.15,0.225,0.25,0.2
0.25661400550539804,0.15,0.225,0.25,0.2
0.2576833826452169,0.15,0.225,0.25,0.2
0.25875721615702907,0.15,0.225,0.25,0.2
0.25983552461169235,0.15,0.225,0.25,0.2
0.2609183266574549,0.15,0.225,0.25,0.2
0.262005641020277,0.15,0.225,0.25,0.2
0.26309748650415404,0.15,0.25,0.25,0.2
0.2641938819914433,0.15,0.25,0.25,0.2
0.26529484644318974,0.15,0.25,0.25,0.2
0.26640039889945316,0.15,0.25,0.25,0.2
0.26751055847963906,0.15,0.25,0.25,0.2
0.26862534438282837,0.15,0.25,0.25,0.2
0.2697447758881088,0.15,0.25,0.25,0.2
0.2708688723549099,0.15,0.25,0.25,0.2
0.2719976532233369,0.175,0.25,0.25,0.2
0.27313113801450617,0.175,0.25,0.25,0.2
0.27426934633088457,0.175,0.25,0.25,0.2
0.2754122978566274,0.175,0.25,0.25,0.2
0.27656001235791816,0.175,0.25,0.25,0.2
0.27771250968331196,0.175,0.25,0.25,0.2
0.2788698097640781,0.175,0.25,0.25,0.2
0.28003193261454373,0.175,0.25,0.25,0.2
0.28119889833244194,0.175,0.25,0.25,0.2
0.28237072709925737,0.175,0.25,0.25,0.2
0.28354743918057673,0.175,0.25,0.25,0.2
0.28472905492643896,0.175,0.25,0.25,0.2
0.2859155947716858,0.175,0.25,0.25,0.2
0.28710707923631734,0.175,0.25,0.25,0.2
0.2883035289258456,0.175,0.25,0.25,0.2
0.2895049645316505,0.175,0.25,0.25,0.2
0.29071140683133895,0.175,0.25,0.25,0.225
0.29192287668910377,0.175,0.25,0.25,0.225
0.29313939505608316,0.175,0.25,0.25,0.225
0.29436098297072527,0.175,0.25,0.25,0.225
0.2955876615591507,0.175,0.25,0.25,0.225
0.29681945203551746,0.175,0.25,0.25,0.225
0.29805637570238896,0.175,0.25,0.25,0.225
0.29929845395110233,0.175,0.25,0.25,0.225
0.3005457082621368,0.175,0.25,0.25,0.225
0.3017981602054873,0.175,0.25,0.25,0.225
0.3030558314410365,0.175,0.25,0.25,0.225
0.30431874371892853,0.175,0.25,0.25,0.225
0.30558691887994704,0.175,0.25,0.25,0.225
0.3068603788558917,0.175,0.25,0.25,0.225
0.3081391456699568,0.175,0.25,0.25,0.225
0.3094232414371141,0.175,0.25,0.25,0.225
0.3107126883644939,0.175,0.25,0.25,0.225
0.31200750875176875,0.175,0.25,0.25,0.225
0.31330772499154036,0.175,0.25,0.25,0.225
0.3146133595697264,0.175,0.25,0.25,0.225
0.31592443506594825,0.175,0.25,0.25,0.225
0.3172409741539233,0.175,0.25,0.25,0.225
0.31856299960185624,0.175,0.25,0.25,0.225
0.3198905342728319,0.175,0.25,0.25,0.225
0.3212236011252122,0.175,0.25,0.25,0.225
0.3225622232130329,0.175,0.25,0.25,0.225
0.32390642368640066,0.175,0.25,0.25,0.225
0.3252562257918957,0.2,0.25,0.25,0.225
0.32661165287297284,0.2,0.25,0.25,0.225
0.32797272837036395,0.2,0.25,0.25,0.225
0.3293394758224858,0.2,0.25,0.25,0.225
0.33071191886584556,0.2,0.25,0.25,0.225
0.332090081235449,0.2,0.25,0.25,0.225
0.33347398676521284,0.2,0.25,0.25,0.225
0.3348636593883758,0.2,0.25,0.25,0.225
0.3362591231379118,0.2,0.25,0.25,0.225
0.33766040214694715,0.2,0.25,0.25,0.225
0.3390675206491774,0.2,0.25,0.25,0.225
0.34048050297928506,0.2,0.25,0.25,0.225
0.3418993735733626,0.2,0.25,0.25,0.225
0.34332415696933405,0.2,0.25,0.25,0.225
0.3447548778073783,0.2,0.25,0.25,0.225
0.3461915608303573,0.2,0.25,0.25,0.225
0.3476342308842429,0.2,0.25,0.25,0.225
0.34908291291854554,0.2,0.25,0.25,0.225
0.35053763198674776,0.2,0.25,0.25,0.225
0.35199841324673653,0.2,0.25,0.25,0.225
0.35346528196123717,0.2,0.25,0.25,0.225
0.35493826349825236,0.2,0.25,0.25,0.225
0.3564173833314998,0.2,0.25,0.25,0.225
0.3579026670408519,0.2,0.25,0.25,0.225
0.35939414031277983,0.2,0.25,0.25,0.225
0.3608918289407972,0.2,0.25,0.25,0.225
0.36239575882590463,0.2,0.25,0.25,0.225
0.3639059559770405,0.2,0.25,0.25,0.225
0.3654224465115276,0.2,0.25,0.25,0.225
0.36694525665552763,0.2,0.25,0.25,0.225
0.3684744127444934,0.2,0.25,0.25,0.225
0.37000994122362324,0.2,0.25,0.25,0.225
0.37155186864832074,0.2,0.25,0.25,0.225
0.3731002216846526,0.2,0.25,0.25,0.225
0.374655027109809,0.2,0.25,0.25,0.225
0.37621631181256854,0.2,0.25,0.25,0.225
0.37778410279376246,0.2,0.25,0.25,0.225
0.3793584271667403,0.2,0.25,0.25,0.225
0.38093931215784105,0.2,0.25,0.25,0.225
0.38252678510686305,0.2,0.25,0.25,0.225
0.38412087346753543,0.2,0.25,0.25,0.225
0.3857216048079952,0.2,0.25,0.25,0.225
0.3873290068112632,0.2,0.25,0.25,0.225
0.38894310727572123,0.2,0.25,0.25,0.225
0.39056393411559537,0.2,0.25,0.25,0.225
0.39219151536143754,0.2,0.25,0.25,0.225
0.393825879160609,0.2,0.25,0.25,0.225
0.3954670537777698,0.2,0.275,0.25,0.225
0.39711506759536574,0.2,0.275,0.25,0.225
0.3987699491141189,0.2,0.275,0.25,0.225
0.400431726953522,0.2,0.275,0.25,0.225
0.4021004298523331,0.2,0.275,0.25,0.225
0.4037760866690705,0.2,0.275,0.25,0.225
0.40545872638251484,0.2,0.275,0.25,0.225
0.40714837809220883,0.2,0.275,0.25,0.225
0.4088450710189593,0.2,0.275,0.25,0.225
0.410548834505345,0.2,0.3,0.25,0.225
0.4122596980162228,0.2,0.3,0.25,0.225
0.4139776911392361,0.2,0.3,0.25,0.225
0.4157028435853288,0.2,0.3,0.25,0.225
0.41743518518925804,0.2,0.3,0.25,0.225
0.419174745910109,0.2,0.3,0.25,0.225
0.42092155583181534,0.2,0.3,0.25,0.225
0.4226756451636782,0.2,0.3,0.25,0.225
0.42443704424088763,0.2,0.3,0.25,0.225
0.4262057835250493,0.2,0.3,0.25,0.225
0.42798189360471045,0.2,0.3,0.25,0.225
0.4297654051958875,0.2,0.3,0.275,0.225
0.43155634914259966,0.2,0.3,0.275,0.225
0.43335475641740123,0.2,0.3,0.3,0.225
0.43516065812191584,0.2,0.3,0.3,0.225
0.43697408548737704,0.2,0.3,0.3,0.225
0.4387950698751669,0.2,0.3,0.3,0.225
0.44062364277735727,0.2,0.3,0.3,0.225
0.442459835817257,0.2,0.3,0.3,0.225
0.4443036807499574,0.2,0.3,0.3,0.225
0.4461552094628802,0.2,0.3,0.3,0.225
0.4480144539763315,0.2,0.3,0.3,0.225
0.44988144644405453,0.2,0.3,0.3,0.225
0.45175621915378406,0.2,0.3,0.3,0.225
0.4536388045278075,0.2,0.3,0.3,0.225
0.4555292351235245,0.2,0.3,0.3,0.225
0.45742754363400834,0.2,0.3,0.3,0.225
0.4593337628885743,0.2,0.3,0.3,0.225
0.4612479258533459,0.2,0.3,0.3,0.225
0.46317006563182356,0.2,0.3,0.3,0.225
0.4651002154654606,0.2,0.3,0.3,0.225
0.46703840873423413,0.2,0.3,0.3,0.225
0.4689846789572257,0.2,0.3,0.3,0.225
0.47093905979319955,0.2,0.3,0.3,0.225
0.47290158504118346,0.2,0.3,0.3,0.225
0.4748722886410557,0.2,0.3,0.3,0.225
0.47685120467413106,0.2,0.3,0.3,0.225
0.47883836736374835,0.2,0.3,0.3,0.225
0.4808338110758656,0.2,0.3,0.3,0.225
0.48283757031965246,0.2,0.3,0.3,0.225
0.48484967974808596,0.2,0.3,0.3,0.225
0.48687017415855244,0.2,0.3,0.3,0.225
0.4888990884934481,0.2,0.3,0.3,0.225
0.49093645784078155,0.2,0.3,0.3,0.225
0.49298231743478377,0.2,0.3,0.3,0.225
0.49503670265651595,0.2,0.3,0.3,0.225
0.49709964903447984,0.2,0.3,0.3,0.225
0.49917119224523515,0.2,0.3,0.3,0.225
0.501251368114015,0.2,0.3,0.3,0.225
0.5033402126153443,0.2,0.3,0.3,0.225
0.5054377618736645,0.2,0.3,0.3,0.225
0.5075440521639567,0.2,0.3,0.3,0.225
0.5096591199123681,0.2,0.3,0.3,0.225
0.5117830016968447,0.2,0.3,0.3,0.225
0.5139157342477618,0.2,0.3,0.3,0.225
0.5160573544485587,0.2,0.3,0.3,0.225
0.5182078993363788,0.2,0.3,0.3,0.225
0.5203674061027089,0.2,0.3,0.3,0.225
0.5225359120940211,0.2,0.3,0.3,0.225
0.5247134548124209,0.2,0.3,0.3,0.225
0.5269000719162956,0.2,0.3,0.3,0.225
0.5290958012209627,0.2,0.3,0.3,0.225
0.5313006806993273,0.2,0.3,0.325,0.225
0.5335147484825381,0.2,0.3,0.325,0.225
0.5357380428606442,0.2,0.3,0.325,0.225
0.5379706022832607,0.2,0.3,0.325,0.225
0.5402124653602326,0.2,0.3,0.325,0.225
0.5424636708623004,0.2,0.3,0.325,0.225
0.5447242577217738,0.2,0.3,0.325,0.225
0.5469942650332038,0.2,0.3,0.325,0.225
0.5492737320540566,0.2,0.3,0.325,0.225
0.5515626982053964,0.2,0.3,0.325,0.225
0.553861203072565,0.2,0.3,0.325,0.225
0.5561692864058649,0.2,0.3,0.325,0.225
0.5584869881212503,0.2,0.3,0.325,0.225
0.5608143483010154,0.2,0.3,0.325,0.225
0.563151407194486,0.2,0.3,0.325,0.225
0.565498205218719,0.2,0.3,0.325,0.225
0.5678547829591997,0.2,0.3,0.325,0.225
0.570221181170542,0.2,0.3,0.325,0.225
0.5725974407771963,0.2,0.3,0.325,0.225
0.5749836028741563,0.2,0.3,0.325,0.225
0.5773797087276669,0.2,0.325,0.325,0.225
0.5797857997759421,0.2,0.325,0.325,0.225
0.5822019176298802,0.2,0.325,0.325,0.225
0.5846281040737801,0.2,0.325,0.325,0.225
0.5870644010660694,0.2,0.325,0.325,0.225
0.5895108507400271,0.2,0.325,0.325,0.225
0.5919674954045103,0.2,0.325,0.325,0.225
0.5944343775446906,0.2,0.325,0.325,0.225
0.5969115398227858,0.2,0.325,0.325,0.25
0.5993990250787965,0.2,0.325,0.325,0.25
0.6018968763312514,0.2,0.325,0.325,0.25
0.6044051367779457,0.2,0.325,0.325,0.25
0.6069238497966933,0.2,0.325,0.325,0.25
0.6094530589460744,0.2,0.325,0.325,0.25
0.6119928079661873,0.2,0.325,0.325,0.25
0.6145431407794085,0.2,0.325,0.325,0.25
0.6171041014911508,0.2,0.325,0.325,0.25
0.6196757343906232,0.2,0.325,0.325,0.25
0.6222580839516015,0.2,0.325,0.325,0.25
0.6248511948331955,0.2,0.325,0.325,0.25
0.6274551118806189,0.2,0.325,0.325,0.25
0.6300698801259689,0.2,0.325,0.325,0.25
0.6326955447890034,0.2,0.325,0.325,0.25
0.6353321512779206,0.2,0.325,0.325,0.25
0.6379797451901486,0.2,0.325,0.325,0.25
0.6406383723131316,0.2,0.325,0.325,0.25
0.64330807862512,0.2,0.325,0.325,0.25
0.6459889102959697,0.2,0.325,0.325,0.25
0.6486809136879382,0.2,0.325,0.325,0.25
0.6513841353564845,0.2,0.325,0.325,0.25
0.6540986220510786,0.2,0.325,0.325,0.25
0.6568244207160071,0.2,0.325,0.325,0.25
0.6595615784911842,0.2,0.325,0.325,0.25
0.6623101427129701,0.2,0.325,0.325,0.25
0.6650701609149877,0.2,0.325,0.325,0.25
0.6678416808289432,0.2,0.325,0.325,0.25
0.6706247503854552,0.2,0.325,0.325,0.25
0.6734194177148812,0.2,0.325,0.325,0.25
0.6762257311481488,0.2,0.325,0.325,0.25
0.6790437392175949,0.2,0.325,0.325,0.25
0.6818734906578033,0.2,0.325,0.325,0.25
0.6847150344064457,0.2,0.325,0.325,0.25
0.6875684196051312,0.2,0.325,0.325,0.25
0.6904336956002552,0.2,0.325,0.325,0.25
0.6933109119438504,0.2,0.325,0.325,0.25
0.6962001183944472,0.2,0.325,0.325,0.25
0.6991013649179333,0.2,0.325,0.325,0.25
0.7020147016884146,0.2,0.325,0.325,0.25
0.704940179089088,0.2,0.325,0.325,0.25
0.70787784771311,0.2,0.35,0.35,0.25
0.7108277583644702,0.2,0.35,0.35,0.25
0.7137899620588731,0.2,0.35,0.35,0.25
0.7167645100246194,0.2,0.35,0.35,0.25
0.719751453703489,0.2,0.35,0.35,0.25
0.7227508447516354,0.2,0.35,0.35,0.25
0.7257627350404765,0.2,0.35,0.35,0.25
0.7287871766575899,0.2,0.35,0.35,0.25
0.7318242219076174,0.2,0.35,0.35,0.25
0.7348739233131685,0.2,0.35,0.35,0.25
0.7379363336157252,0.2,0.35,0.35,0.25
0.7410115057765594,0.2,0.35,0.35,0.25
0.7440994929776465,0.2,0.35,0.35,0.25
0.7472003486225826,0.2,0.35,0.35,0.25
0.7503141263375126,0.2,0.35,0.35,0.25
0.7534408799720558,0.2,0.35,0.35,0.25
0.756580663600234,0.2,0.35,0.35,0.25
0.7597335315214123,0.2,0.35,0.35,0.25
0.7628995382612351,0.2,0.35,0.35,0.25
0.766078738572567,0.2,0.35,0.35,0.25
0.7692711874364453,0.2,0.35,0.35,0.25
0.7724769400630239,0.2,0.35,0.35,0.25
0.7756960518925349,0.2,0.35,0.35,0.25
0.7789285785962433,0.2,0.35,0.35,0.25
0.7821745760774091,0.2,0.35,0.35,0.25
0.7854341004722577,0.2,0.35,0.35,0.25
0.7887072081509489,0.2,0.35,0.35,0.25
0.7919939557185488,0.2,0.35,0.35,0.25
0.7952944000160144,0.2,0.35,0.35,0.25
0.7986085981211734,0.2,0.35,0.35,0.25
0.8019366073497093,0.2,0.35,0.35,0.25
0.8052784852561574,0.2,0.35,0.35,0.25
0.8086342896348976,0.2,0.35,0.35,0.25
0.8120040785211515,0.2,0.35,0.35,0.25
0.8153879101919911,0.2,0.35,0.35,0.25
0.8187858431673439,0.2,0.35,0.35,0.25
0.8221979362110029,0.2,0.35,0.35,0.25
0.8256242483316474,0.2,0.35,0.35,0.25
0.8290648387838611,0.2,0.35,0.35,0.25
0.8325197670691544,0.2,0.35,0.35,0.25
0.8359890929369989,0.2,0.35,0.35,0.25
0.8394728763858571,0.225,0.35,0.35,0.25
0.8429711776642185,0.225,0.35,0.35,0.25
0.8464840572716462,0.225,0.35,0.35,0.25
0.8500115759598208,0.225,0.35,0.35,0.25
0.8535537947335878,0.225,0.35,0.35,0.25
0.8571107748520191,0.225,0.35,0.35,0.25
0.8606825778294684,0.225,0.35,0.35,0.25
0.8642692654366334,0.225,0.35,0.35,0.25
0.8678708997016287,0.225,0.35,0.35,0.25
0.8714875429110563,0.225,0.35,0.35,0.25
0.8751192576110802,0.225,0.35,0.35,0.25
0.8787661066085127,0.225,0.35,0.35,0.25
0.8824281529718988,0.225,0.35,0.35,0.25
0.8861054600326034,0.225,0.35,0.35,0.25
0.8897980913859127,0.225,0.35,0.35,0.25
0.8935061108921306,0.225,0.35,0.35,0.25
0.8972295826776812,0.225,0.35,0.35,0.25
0.9009685711362223,0.225,0.35,0.35,0.25
0.9047231409297571,0.225,0.35,0.35,0.25
0.9084933569897493,0.225,0.35,0.35,0.25
0.9122792845182515,0.225,0.35,0.35,0.25
0.9160809889890302,0.225,0.35,0.35,0.25
0.9198985361486957,0.225,0.35,0.35,0.25
0.9237319920178435,0.225,0.35,0.35,0.25
0.9275814228921948,0.225,0.35,0.35,0.25
0.9314468953437389,0.225,0.35,0.35,0.25
0.9353284762218912,0.225,0.35,0.35,0.25
0.9392262326546456,0.225,0.35,0.35,0.25
0.9431402320497327,0.225,0.35,0.35,0.25
0.9470705420957921,0.225,0.35,0.35,0.275
0.9510172307635391,0.225,0.35,0.35,0.275
0.9549803663069376,0.225,0.35,0.35,0.275
0.9589600172643868,0.225,0.35,0.35,0.275
0.962956252459903,0.225,0.35,0.35,0.275
0.966969141004307,0.225,0.35,0.35,0.275
0.9709987522964252,0.225,0.35,0.35,0.275
0.9750451560242872,0.225,0.35,0.35,0.275
0.9791084221663277,0.225,0.35,0.35,0.275
0.9831886209926032,0.225,0.35,0.35,0.275
0.9872858230660004,0.225,0.35,0.35,0.275
0.9914000992434625,0.225,0.35,0.35,0.275
0.9955315206772121,0.225,0.35,0.35,0.275
0.9996801588159784,0.225,0.35,0.35,0.275
1.0038460854062392,0.225,0.35,0.35,0.275
1.0080293724934584,0.225,0.35,0.35,0.275
1.0122300924233287,0.225,0.35,0.35,0.275
1.01644831784303,0.225,0.35,0.35,0.275
1.0206841217024807,0.225,0.35,0.35,0.275
1.0249375772555982,0.225,0.35,0.35,0.275
1.029208758061571,0.225,0.35,0.35,0.275
1.0334977379861272,0.225,0.35,0.35,0.275
1.0378045912028102,0.225,0.35,0.35,0.275
1.0421293921942665,0.225,0.35,0.35,0.275
1.046472215753531,0.225,0.35,0.35,0.3
1.050833136985318,0.225,0.35,0.35,0.3
1.055212231307325,0.225,0.35,0.35,0.3
1.0596095744515357,0.225,0.35,0.35,0.3
1.0640252424655239,0.225,0.35,0.35,0.3
1.0684593117137782,0.25,0.35,0.35,0.3
1.0729118588790165,0.25,0.35,0.35,0.3
1.0773829609635113,0.25,0.35,0.35,0.3
1.081872695290426,0.25,0.35,0.35,0.3
1.0863811395051504,0.25,0.35,0.35,0.3
1.0909083715766388,0.25,0.35,0.35,0.3
1.095454469798766,0.25,0.35,0.35,0.3
1.1000195127916779,0.25,0.35,0.35,0.3
1.104603579503147,0.25,0.35,0.35,0.3
1.1092067492099456,0.25,0.35,0.35,0.3
1.1138291015192125,0.25,0.35,0.35,0.3
1.1184707163698273,0.25,0.35,0.35,0.3
1.1231316740337984,0.25,0.35,0.35,0.3
1.1278120551176485,0.25,0.35,0.35,0.3
1.1325119405638056,0.25,0.35,0.35,0.3
1.137231411652009,0.25,0.35,0.35,0.3
1.1419705500007116,0.25,0.35,0.35,0.3
1.1467294375684887,0.25,0.35,0.35,0.3
1.1515081566554608,0.25,0.35,0.35,0.3
1.1563067899047152,0.25,0.35,0.35,0.3
1.1611254203037304,0.25,0.35,0.35,0.3
1.165964131185819,0.25,0.35,0.35,0.3
1.1708230062315654,0.25,0.35,0.35,0.3
1.175702129470268,0.25,0.35,0.35,0.3
1.180601585281402,0.25,0.35,0.35,0.3
1.1855214583960734,0.25,0.35,0.35,0.325
1.1904618338984805,0.25,0.35,0.35,0.325
1.1954227972273936,0.25,0.35,0.35,0.325
1.200404434177629,0.25,0.35,0.35,0.325
1.2054068309015276,0.25,0.35,0.35,0.325
1.2104300739104539,0.25,0.35,0.35,0.325
1.2154742500762872,0.25,0.35,0.35,0.325
1.2205394466329211,0.25,0.35,0.35,0.325
1.2256257511777793,0.25,0.35,0.35,0.325
1.2307332516733263,0.25,0.35,0.35,0.325
1.2358620364485853,0.25,0.35,0.35,0.325
1.2410121942006738,0.25,0.35,0.35,0.325
1.2461838139963322,0.25,0.35,0.35,0.325
1.2513769852734622,0.25,0.35,0.35,0.325
1.2565917978426797,0.25,0.35,0.35,0.325
1.2618283418888654,0.25,0.35,0.35,0.325
1.267086707972719,0.25,0.35,0.35,0.325
1.2723669870323362,0.25,0.375,0.375,0.325
1.2776692703847696,0.25,0.375,0.375,0.325
1.2829936497276178,0.25,0.375,0.375,0.325
1.2883402171406069,0.25,0.375,0.375,0.325
1.2937090650871794,0.25,0.375,0.375,0.325
1.2991002864161005,0.25,0.375,0.375,0.325
1.304513974363061,0.25,0.375,0.375,0.325
1.3099502225522843,0.25,0.375,0.375,0.325
1.3154091249981545,0.25,0.375,0.375,0.325
1.3208907761068382,0.25,0.375,0.375,0.325
1.326395270677913,0.25,0.375,0.375,0.325
1.3319227039060144,0.25,0.375,0.375,0.325
1.3374731713824795,0.25,0.375,0.375,0.325
1.3430467690969943,0.25,0.375,0.375,0.325
1.3486435934392638,0.25,0.375,0.375,0.325
1.3542637412006728,0.25,0.375,0.375,0.325
1.359907309575958,0.25,0.375,0.375,0.325
1.365574396164895,0.25,0.375,0.375,0.325
1.3712650989739834,0.25,0.375,0.375,0.325
1.3769795164181369,0.25,0.375,0.375,0.325
1.3827177473223942,0.25,0.375,0.375,0.325
1.3884798909236233,0.25,0.375,0.375,0.325
1.394266046872234,0.25,0.375,0.375,0.325
1.400076315233909,0.25,0.375,0.375,0.325
1.4059107964913313,0.25,0.375,0.375,0.325
1.4117695915459163,0.25,0.375,0.375,0.325
1.4176528017195669,0.25,0.375,0.375,0.325
1.42356052875642,0.25,0.375,0.375,0.325
1.4294928748246023,0.25,0.375,0.375,0.325
1.4354499425180067,0.25,0.375,0.375,0.325
1.441431834858061,0.25,0.375,0.375,0.325
1.4474386552955054,0.25,0.375,0.375,0.325
1.453470507712191,0.25,0.375,0.375,0.325
1.4595274964228713,0.25,0.375,0.375,0.325
1.4656097261770022,0.25,0.375,0.375,0.325
1.4717173021605618,0.25,0.375,0.375,0.325
1.4778503299978658,0.25,0.375,0.375,0.325
1.4840089157533896,0.25,0.375,0.375,0.325
1.4901931659336105,0.25,0.4,0.375,0.325
1.4964031874888468,0.25,0.4,0.375,0.325
1.5026390878151012,0.25,0.4,0.375,0.325
1.5089009747559288,0.25,0.4,0.375,0.325
1.515188956604296,0.25,0.4,0.375,0.325
1.5215031421044496,0.25,0.4,0.375,0.325
1.5278436404538072,0.25,0.4,0.375,0.325
1.5342105613048396,0.25,0.4,0.375,0.325
1.5406040147669637,0.25,0.425,0.375,0.325
1.547024111408455,0.25,0.425,0.375,0.325
1.5534709622583567,0.25,0.425,0.4,0.325
1.5599446788083933,0.25,0.425,0.4,0.325
1.5664453730149088,0.25,0.425,0.4,0.325
1.5729731573007992,0.25,0.425,0.4,0.325
1.5795281445574503,0.25,0.425,0.4,0.325
1.586110448146701,0.25,0.425,0.4,0.325
1.592720181902798,0.25,0.425,0.4,0.325
1.59935746013436,0.25,0.425,0.4,0.325
1.6060223976263646,0.25,0.425,0.4,0.325
1.6127151096421277,0.25,0.425,0.4,0.325
1.6194357119252927,0.25,0.425,0.4,0.325
1.6261843207018434,0.25,0.425,0.4,0.325
1.6329610526821006,0.25,0.425,0.4,0.325
1.6397660250627526,0.25,0.425,0.4,0.325
1.6465993555288765,0.25,0.425,0.4,0.325
1.6534611622559685,0.25,0.425,0.4,0.325
1.6603515639119981,0.25,0.425,0.4,0.325
1.667270679659455,0.25,0.425,0.4,0.325
1.6742186291574044,0.25,0.425,0.4,0.325
1.6811955325635672,0.25,0.425,0.4,0.325
1.6882015105363932,0.25,0.425,0.4,0.325
1.6952366842371414,0.25,0.425,0.4,0.325
1.7023011753319865,0.25,0.425,0.4,0.325
1.7093951059941184,0.25,0.425,0.4,0.325
1.716518598905848,0.25,0.425,0.4,0.325
1.7236717772607417,0.25,0.425,0.4,0.325
1.7308547647657444,0.25,0.425,0.4,0.325
1.7380676856433153,0.25,0.425,0.4,0.325
1.7453106646335856,0.25,0.425,0.4,0.325
1.752583826996512,0.275,0.425,0.4,0.325
1.7598872985140352,0.275,0.425,0.4,0.325
1.7672212054922685,0.275,0.425,0.4,0.325
1.7745856747636746,0.275,0.425,0.4,0.325
1.7819808336892553,0.275,0.425,0.4,0.325
1.7894068101607634,0.275,0.425,0.4,0.325
1.7968637326029109,0.275,0.425,0.4,0.325
1.804351729975582,0.275,0.425,0.4,0.325
1.811870931776077,0.275,0.425,0.4,0.325
1.8194214680413445,0.275,0.425,0.4,0.325
1.827003469350225,0.275,0.425,0.4,0.325
1.834617066825721,0.275,0.425,0.4,0.325
1.8422623921372583,0.275,0.425,0.4,0.325
1.8499395775029575,0.275,0.425,0.4,0.325
1.8576487556919326,0.275,0.425,0.4,0.325
1.8653900600265805,0.275,0.425,0.4,0.325
1.8731636243848817,0.275,0.425,0.4,0.325
1.8809695832027267,0.275,0.425,0.4,0.325
1.888808071476235,0.275,0.425,0.4,0.325
1.896679224764084,0.275,0.425,0.4,0.325
1.904583179189866,0.275,0.425,0.4,0.325
1.9125200714444344,0.275,0.425,0.4,0.325
1.920490038788264,0.275,0.425,0.4,0.325
1.928493219053835,0.275,0.425,0.4,0.325
1.9365297506480115,0.275,0.425,0.4,0.325
1.9445997725544286,0.275,0.425,0.4,0.325
1.9527034243359087,0.275,0.425,0.4,0.325
1.9608408461368687,0.275,0.425,0.4,0.325
1.969012178685737,0.275,0.425,0.4,0.325
1.9772175632974007,0.275,0.425,0.4,0.325
1.9854571418756424,0.275,0.425,0.4,0.325
1.9937310569155882,0.275,0.425,0.4,0.325
2.0020394515061843,0.275,0.425,0.4,0.325
2.0103824693326673,0.275,0.45,0.4,0.325
2.018760254679039,0.275,0.45,0.4,0.325
2.0271729524305773,0.275,0.45,0.4,0.325
2.0356207080763355,0.275,0.45,0.4,0.325
2.0441036677116498,0.275,0.45,0.4,0.325
2.052621978040681,0.275,0.45,0.4,0.325
2.0611757863789433,0.275,0.45,0.4,0.325
2.0697652406558467,0.275,0.45,0.4,0.325
2.0783904894172687,0.275,0.45,0.425,0.325
2.087051681828115,0.275,0.45,0.425,0.325
2.0957489676748944,0.275,0.45,0.425,0.325
2.1044824973683225,0.275,0.45,0.425,0.325
2.113252421945908,0.275,0.45,0.425,0.325
2.1220588930745783,0.275,0.45,0.425,0.325
2.1309020630532958,0.275,0.45,0.425,0.325
2.1397820848156854,0.275,0.45,0.425,0.35
2.148699111932694,0.275,0.45,0.425,0.35
2.157653298615237,0.275,0.45,0.425,0.35
2.16664479971686,0.275,0.45,0.425,0.35
2.175673770736432,0.275,0.45,0.425,0.35
2.1847403678208246,0.275,0.45,0.425,0.35
2.1938447477676077,0.275,0.45,0.425,0.35
2.202987068027773,0.275,0.45,0.425,0.35
2.2121674867084535,0.275,0.45,0.425,0.35
2.221386162575647,0.275,0.45,0.425,0.35
2.230643255056978,0.275,0.45,0.425,0.35
2.239938924244447,0.275,0.45,0.425,0.35
2.2492733308971933,0.275,0.45,0.425,0.35
2.2586466364442863,0.275,0.45,0.425,0.35
2.2680590029875147,0.275,0.475,0.425,0.35
2.2775105933041786,0.275,0.475,0.425,0.35
2.2870015708499207,0.275,0.475,0.425,0.35
2.296532099761546,0.275,0.475,0.425,0.35
2.3061023448598537,0.275,0.475,0.425,0.35
2.3157124716525,0.275,0.475,0.425,0.35
2.325362646336855,0.275,0.475,0.425,0.35
2.3350530358028694,0.275,0.475,0.425,0.35
2.344783807635974,0.275,0.475,0.425,0.35
2.3545551301199725,0.275,0.475,0.425,0.35
2.3643671722399437,0.275,0.475,0.425,0.35
2.374220103685177,0.275,0.475,0.425,0.35
2.384114094852103,0.275,0.475,0.425,0.35
2.394049316847229,0.275,0.475,0.425,0.35
2.404025941490117,0.275,0.475,0.425,0.35
2.414044141316344,0.275,0.475,0.425,0.35
2.4241040895804806,0.275,0.475,0.425,0.35
2.434205960259103,0.275,0.475,0.425,0.35
2.4443499280537897,0.275,0.475,0.425,0.35
2.4545361683941422,0.275,0.475,0.425,0.35
2.464764857440828,0.275,0.475,0.425,0.35
2.475036172088622,0.275,0.475,0.425,0.35
2.485350289969458,0.275,0.475,0.425,0.35
2.4957073894555166,0.275,0.475,0.425,0.35
2.506107649662301,0.275,0.475,0.425,0.35
2.516551250451727,0.275,0.475,0.425,0.35
2.52703837243525,0.275,0.475,0.45,0.35
2.53756919697698,0.275,0.475,0.45,0.35
2.5481439061968105,0.275,0.475,0.45,0.35
2.5587626829735837,0.275,0.475,0.45,0.35
2.5694257109482455,0.275,0.475,0.45,0.35
2.5801331745270133,0.275,0.475,0.45,0.35
2.590885258884581,0.275,0.475,0.45,0.35
2.601682149967313,0.275,0.475,0.45,0.35
2.6125240344964538,0.275,0.475,0.45,0.35
2.62341109997137,0.275,0.475,0.45,0.35
2.6343435346727873,0.275,0.475,0.45,0.35
2.6453215276660393,0.275,0.475,0.45,0.35
2.6563452688043507,0.275,0.475,0.45,0.35
2.6674149487321137,0.275,0.475,0.45,0.35
2.6785307588881775,0.275,0.475,0.45,0.35
2.689692891509177,0.275,0.475,0.45,0.35
2.700901539632838,0.275,0.475,0.45,0.35
2.71215689710133,0.275,0.475,0.45,0.35
2.723459158564615,0.275,0.475,0.45,0.35
2.7348085194838023,0.275,0.475,0.45,0.35
2.7462051761345485,0.275,0.475,0.475,0.35
2.7576493256104406,0.275,0.475,0.475,0.35
2.769141165826397,0.275,0.475,0.475,0.35
2.780680895522108,0.275,0.475,0.475,0.35
2.7922687142654636,0.275,0.475,0.475,0.35
2.8039048224559964,0.275,0.475,0.475,0.35
2.8155894213283643,0.275,0.475,0.475,0.35
2.8273227129558225,0.275,0.475,0.475,0.35
2.8391049002537088,0.275,0.475,0.475,0.35
2.8509361869829717,0.275,0.475,0.475,0.35
2.8628167777536824,0.275,0.475,0.475,0.35
2.8747468780285685,0.275,0.475,0.475,0.35
2.886726694126582,0.275,0.475,0.475,0.35
2.8987564332264593,0.275,0.475,0.475,0.35
2.9108363033702966,0.275,0.475,0.475,0.35
2.9229665134671627,0.275,0.475,0.475,0.35
2.9351472732967068,0.275,0.475,0.475,0.35
2.947378793512773,0.275,0.475,0.475,0.35
2.9596612856470657,0.275,0.475,0.475,0.35
2.9719949621127952,0.275,0.475,0.475,0.35
2.9843800362083446,0.275,0.475,0.475,0.35
2.996816722120976,0.275,0.475,0.475,0.35
3.0093052349305247,0.275,0.475,0.475,0.35
3.0218457906131104,0.275,0.475,0.475,0.35
3.034438606044891,0.275,0.475,0.475,0.35
3.047083899005803,0.275,0.475,0.475,0.35
3.05978188818332,0.275,0.475,0.475,0.35
3.072532793176251,0.275,0.475,0.475,0.35
3.0853368344985324,0.275,0.475,0.475,0.35
3.0981942335830275,0.275,0.475,0.475,0.35
3.1111052127853784,0.275,0.475,0.475,0.35
3.124069995387841,0.275,0.475,0.475,0.35
3.137088805603137,0.275,0.475,0.475,0.35
3.150161868578349,0.275,0.475,0.475,0.35
3.1632894103988076,0.275,0.475,0.475,0.35
3.1764716580919883,0.275,0.475,0.475,0.35
3.18970883963146,0.275,0.475,0.475,0.35
3.2030011839408163,0.275,0.475,0.475,0.35
3.216348920897624,0.275,0.475,0.475,0.35
3.229752281337421,0.275,0.475,0.475,0.35
3.243211497057695,0.275,0.475,0.475,0.35
3.2567268008218853,0.275,0.475,0.475,0.35
3.2702984263634263,0.275,0.475,0.475,0.35
3.2839266083897805,0.275,0.475,0.475,0.35
3.2976115825864865,0.275,0.475,0.475,0.35
3.311353585621257,0.275,0.475,0.475,0.35
3.325152855148059,0.275,0.475,0.475,0.35
3.339009629811217,0.275,0.475,0.475,0.35
3.3529241492495565,0.275,0.475,0.475,0.35
3.3668966541005414,0.275,0.475,0.475,0.375
3.3809273860044238,0.275,0.475,0.475,0.375
3.3950165876084433,0.275,0.475,0.475,0.375
3.4091645025710138,0.275,0.475,0.475,0.375
3.4233713755659276,0.275,0.475,0.475,0.375
3.437637452286608,0.275,0.475,0.475,0.375
3.451962979450335,0.275,0.475,0.475,0.375
3.466348204802532,0.275,0.475,0.475,0.375
3.4807933771210426,0.275,0.475,0.475,0.375
3.4952987462204224,0.275,0.475,0.475,0.375
3.509864562956278,0.275,0.475,0.475,0.375
3.524491079229598,0.275,0.475,0.475,0.375
3.539178547991096,0.275,0.475,0.475,0.375
3.553927223245609,0.275,0.475,0.475,0.375
3.5687373600564762,0.275,0.475,0.475,0.375
3.5836092145499423,0.275,0.475,0.475,0.375
3.598543043919607,0.275,0.475,0.475,0.375
3.613539106430862,0.275,0.475,0.475,0.375
3.628597661425349,0.3,0.475,0.475,0.375
3.6437189693254615,0.3,0.475,0.475,0.375
3.658903291638843,0.3,0.475,0.475,0.375
3.674150890962895,0.3,0.475,0.475,0.375
3.6894620309893424,0.3,0.5,0.475,0.375
3.704836976508781,0.3,0.5,0.475,0.375
3.720275993415248,0.3,0.5,0.475,0.375
3.7357793487108393,0.3,0.5,0.475,0.375
3.751347310510319,0.3,0.5,0.475,0.375
3.7669801480457443,0.3,0.5,0.475,0.375
3.7826781316711418,0.3,0.5,0.475,0.375
3.7984415328671752,0.3,0.5,0.475,0.375
3.8142706242458257,0.3,0.5,0.5,0.375
3.830165679555132,0.3,0.5,0.5,0.375
3.8461269736839117,0.3,0.5,0.5,0.375
3.8621547826665026,0.3,0.5,0.5,0.375
3.878249383687563,0.3,0.5,0.5,0.375
3.894411055086849,0.3,0.5,0.5,0.375
3.9106400763640217,0.3,0.5,0.5,0.375
3.9269367281834997,0.3,0.5,0.5,0.375
3.943301292379303,0.3,0.5,0.5,0.375
3.9597340519599165,0.3,0.5,0.5,0.375
3.976235291113206,0.3,0.5,0.5,0.375
3.9928052952113218,0.3,0.5,0.5,0.375
4.009444350815622,0.3,0.5,0.5,0.375
4.026152745681652,0.325,0.5,0.5,0.375
4.042930768764111,0.325,0.5,0.5,0.375
4.059778710221833,0.325,0.5,0.5,0.375
4.076696861422833,0.325,0.5,0.5,0.375
4.093685514949329,0.325,0.5,0.5,0.375
4.110744964602798,0.325,0.5,0.5,0.375
4.127875505409071,0.325,0.5,0.5,0.375
4.145077433623433,0.325,0.5,0.5,0.375
4.162351046735725,0.325,0.5,0.5,0.375
4.17969664347552,0.325,0.5,0.5,0.375
4.197114523817274,0.325,0.5,0.5,0.375
4.214604988985502,0.325,0.5,0.5,0.4
4.232168341460014,0.325,0.5,0.5,0.4
4.249804884981128,0.325,0.5,0.5,0.4
4.267514924554917,0.325,0.5,0.5,0.4
4.285298766458506,0.325,0.5,0.5,0.4
4.303156718245355,0.325,0.5,0.5,0.4
4.321089088750567,0.325,0.5,0.5,0.4
4.339096188096254,0.325,0.5,0.5,0.4
4.357178327696888,0.325,0.5,0.5,0.4
4.375335820264669,0.325,0.5,0.5,0.4
4.39356897981497,0.325,0.5,0.5,0.4
4.41187812167174,0.325,0.5,0.5,0.4
4.430263562472956,0.325,0.5,0.5,0.4
4.448725620176125,0.325,0.5,0.5,0.4
4.467264614063747,0.325,0.5,0.5,0.4
4.485880864748867,0.325,0.5,0.5,0.4
4.504574694180611,0.325,0.5,0.5,0.4
4.523346425649732,0.325,0.5,0.5,0.4
4.542196383794239,0.325,0.5,0.5,0.4
4.561124894604988,0.325,0.5,0.5,0.4
4.5801322854313105,0.325,0.5,0.5,0.4
4.5992188849867,0.325,0.5,0.5,0.4
4.61838502335449,0.325,0.5,0.5,0.4
4.637631031993535,0.325,0.5,0.5,0.4
4.656957243743984,0.325,0.5,0.5,0.4
4.676363992833016,0.325,0.5,0.5,0.4
4.695851614880606,0.325,0.5,0.5,0.4
4.715420446905361,0.325,0.5,0.5,0.4
4.73507082733033,0.325,0.5,0.5,0.4
4.754803095988844,0.325,0.5,0.5,0.4
4.774617594130425,0.325,0.5,0.5,0.4
4.794514664426667,0.325,0.5,0.5,0.4
4.814494650977152,0.325,0.5,0.5,0.4
4.8345578993154295,0.325,0.5,0.5,0.4
4.854704756414977,0.325,0.5,0.5,0.4
4.874935570695184,0.325,0.5,0.5,0.4
4.895250692027412,0.325,0.5,0.5,0.4
4.915650471741023,0.325,0.5,0.5,0.4
4.936135262629449,0.325,0.5,0.5,0.4
4.956705418956316,0.325,0.5,0.5,0.4
4.9773612964615594,0.325,0.5,0.5,0.4
4.998103252367559,0.325,0.5,0.5,0.4
5.01893164538535,0.325,0.5,0.5,0.4
5.039846835720808,0.35,0.5,0.5,0.4
5.0608491850808655,0.35,0.5,0.5,0.4
5.081939056679796,0.35,0.5,0.5,0.4
5.103116815245483,0.35,0.5,0.5,0.4
5.124382827025708,0.35,0.5,0.5,0.4
5.1457374597945185,0.35,0.5,0.5,0.4
5.167181082858574,0.35,0.5,0.5,0.4
5.18871406706351,0.35,0.5,0.5,0.4
5.2103367848003925,0.35,0.5,0.5,0.4
5.232049610012136,0.35,0.5,0.5,0.4
5.253852918199955,0.35,0.5,0.5,0.4
5.275747086429893,0.35,0.5,0.5,0.4
5.297732493339325,0.35,0.5,0.5,0.4
5.319809519143488,0.35,0.5,0.5,0.4
5.341978545642094,0.35,0.5,0.5,0.4
5.364239956225911,0.35,0.5,0.5,0.4
5.3865941358833815,0.35,0.5,0.5,0.4
5.409041471207309,0.35,0.5,0.5,0.4
5.431582350401531,0.35,0.5,0.5,0.4
5.454217163287613,0.35,0.5,0.5,0.4
5.476946301311626,0.35,0.5,0.5,0.4
5.4997701575509,0.35,0.5,0.5,0.4
5.5226891267208,0.35,0.5,0.5,0.4
5.545703605181591,0.35,0.5,0.5,0.4
5.568813990945273,0.35,0.5,0.5,0.4
5.59202068368245,0.35,0.5,0.5,0.4
5.615324084729274,0.35,0.5,0.5,0.4
5.638724597094366,0.35,0.5,0.5,0.4
5.662222625465775,0.35,0.5,0.5,0.4
5.685818576218011,0.35,0.525,0.5,0.4
5.709512857419031,0.35,0.525,0.5,0.4
5.73330587883733,0.35,0.525,0.5,0.4
5.757198051949019,0.35,0.525,0.5,0.4
5.781189789944919,0.35,0.525,0.5,0.4
5.805281507737738,0.35,0.525,0.5,0.4
5.829473621969237,0.35,0.525,0.5,0.4
5.853766551017412,0.35,0.525,0.5,0.4
5.878160715003768,0.35,0.525,0.5,0.4
5.902656535800562,0.35,0.525,0.5,0.4
5.927254437038085,0.35,0.525,0.525,0.4
5.951954844112028,0.35,0.525,0.525,0.4
5.97675818419081,0.35,0.525,0.525,0.4
6.001664886222957,0.35,0.525,0.525,0.4
6.026675380944552,0.35,0.525,0.525,0.4
6.0517901008866675,0.35,0.525,0.525,0.4
6.077009480382827,0.35,0.525,0.525,0.4
6.102333955576551,0.35,0.525,0.55,0.4
6.127763964428886,0.35,0.525,0.55,0.4
6.153299946725954,0.35,0.525,0.55,0.4
6.178942344086603,0.35,0.525,0.575,0.4
6.204691599970017,0.35,0.525,0.575,0.4
6.230548159683374,0.35,0.525,0.6,0.4
6.256512470389577,0.35,0.525,0.6,0.4
6.2825849811149785,0.35,0.525,0.6,0.4
6.308766142757117,0.35,0.525,0.6,0.4
6.335056408092559,0.35,0.525,0.6,0.4
6.3614562317847065,0.35,0.525,0.6,0.4
6.387966070391647,0.35,0.525,0.625,0.4
6.414586382374079,0.35,0.525,0.625,0.4
6.441317628103226,0.35,0.55,0.625,0.4
6.468160269868782,0.35,0.55,0.625,0.4
6.495114771886936,0.35,0.55,0.625,0.4
6.522181600308392,0.35,0.55,0.625,0.4
6.549361223226401,0.35,0.6,0.625,0.4
6.576654110684903,0.35,0.625,0.625,0.4
6.60406073468663,0.35,0.625,0.625,0.4
6.631581569201255,0.35,0.625,0.625,0.4
6.659217090173622,0.35,0.625,0.625,0.4
6.686967775531964,0.35,0.625,0.625,0.4
6.714834105196144,0.35,0.625,0.625,0.4
6.742816561085994,0.35,0.625,0.625,0.4
6.770915627129633,0.35,0.625,0.625,0.425
6.799131789271812,0.35,0.625,0.625,0.425
6.827465535482363,0.35,0.625,0.625,0.425
6.855917355764611,0.35,0.625,0.625,0.425
6.884487742163834,0.35,0.625,0.625,0.425
6.913177188775813,0.35,0.625,0.625,0.425
6.9419861917553485,0.35,0.625,0.625,0.425
6.970915249324831,0.35,0.625,0.625,0.425
6.999964861782891,0.35,0.625,0.625,0.425
7.0291355315130355,0.35,0.625,0.625,0.45
7.058427762992311,0.35,0.625,0.625,0.45
7.087842062800073,0.35,0.625,0.625,0.45
7.117378939626724,0.35,0.625,0.625,0.45
7.147038904282491,0.35,0.625,0.625,0.45
7.176822469706299,0.35,0.625,0.625,0.45
7.206730150974625,0.35,0.625,0.625,0.45
7.23676246531038,0.35,0.625,0.625,0.45
7.266919932091899,0.35,0.625,0.625,0.45
7.297203072861905,0.35,0.625,0.625,0.45
7.327612411336495,0.35,0.625,0.625,0.45
7.358148473414264,0.35,0.625,0.625,0.45
7.38881178718533,0.35,0.625,0.625,0.45
7.419602882940521,0.35,0.625,0.625,0.45
7.450522293180526,0.35,0.625,0.625,0.45
7.48157055262508,0.35,0.625,0.625,0.45
7.512748198222256,0.35,0.625,0.625,0.45
7.544055769157728,0.35,0.625,0.625,0.45
7.575493806864075,0.35,0.625,0.625,0.45
7.60706285503019,0.35,0.65,0.625,0.45
7.638763459610656,0.35,0.65,0.625,0.45
7.670596168835169,0.35,0.65,0.625,0.45
7.702561533218064,0.35,0.65,0.625,0.45
7.7346601055678095,0.35,0.65,0.625,0.45
7.766892440996551,0.35,0.65,0.65,0.45
7.799259096929751,0.35,0.65,0.65,0.45
7.831760633115807,0.35,0.65,0.65,0.45
7.864397611635715,0.35,0.65,0.65,0.45
7.897170596912826,0.35,0.65,0.65,0.45
7.930080155722593,0.35,0.65,0.65,0.45
7.963126857202346,0.35,0.65,0.65,0.45
7.996311272861181,0.35,0.65,0.65,0.45
8.02963397658982,0.35,0.65,0.65,0.45
8.06309554467051,0.35,0.65,0.65,0.45
8.096696555787045,0.35,0.65,0.65,0.45
8.130437591034744,0.35,0.65,0.65,0.45
8.16431923393047,0.35,0.65,0.65,0.45
8.198342070422786,0.35,0.65,0.65,0.45
8.232506688902049,0.35,0.65,0.65,0.45
8.266813680210564,0.35,0.65,0.65,0.45
8.301263637652863,0.35,0.65,0.65,0.45
8.335857157005924,0.35,0.65,0.65,0.45
8.37059483652946,0.35,0.65,0.65,0.45
8.405477276976312,0.35,0.65,0.65,0.45
8.440505081602813,0.35,0.65,0.65,0.45
8.4756788561792,0.35,0.65,0.65,0.45
8.510999209000135,0.35,0.65,0.65,0.45
8.546466750895199,0.35,0.65,0.65,0.45
8.582082095239437,0.35,0.675,0.65,0.45
8.61784585796401,0.35,0.675,0.65,0.45
8.653758657566826,0.35,0.675,0.65,0.45
8.689821115123207,0.35,0.675,0.65,0.45
8.726033854296682,0.35,0.675,0.65,0.45
8.76239750134975,0.35,0.675,0.65,0.45
8.79891268515468,0.35,0.675,0.65,0.45
8.835580037204442,0.35,0.675,0.65,0.45
8.872400191623603,0.35,0.675,0.65,0.45
8.909373785179264,0.35,0.675,0.65,0.45
8.946501457292122,0.35,0.675,0.65,0.45
8.983783850047514,0.35,0.675,0.65,0.45
9.021221608206478,0.35,0.675,0.65,0.45
9.058815379216972,0.35,0.675,0.675,0.45
9.096565813225036,0.35,0.675,0.675,0.45
9.134473563086004,0.35,0.675,0.675,0.45
9.172539284375867,0.35,0.675,0.675,0.45
9.210763635402559,0.35,0.675,0.675,0.45
9.249147277217334,0.35,0.675,0.675,0.45
9.287690873626245,0.35,0.675,0.675,0.45
9.326395091201592,0.35,0.675,0.675,0.45
9.365260599293432,0.35,0.675,0.675,0.45
9.404288070041211,0.35,0.675,0.675,0.45
9.443478178385323,0.35,0.675,0.675,0.45
9.482831602078836,0.35,0.675,0.675,0.45
9.52234902169919,0.35,0.675,0.675,0.45
9.562031120659947,0.35,0.675,0.675,0.45
9.601878585222652,0.35,0.675,0.675,0.45
9.641892104508681,0.35,0.7,0.675,0.45
9.682072370511131,0.35,0.7,0.675,0.45
9.722420078106842,0.35,0.7,0.675,0.45
9.762935925068387,0.35,0.7,0.675,0.45
9.803620612076104,0.35,0.7,0.675,0.45
9.844474842730286,0.35,0.7,0.675,0.45
9.885499323563302,0.35,0.7,0.675,0.45
9.9266947640518,0.35,0.7,0.675,0.45
9.968061876629033,0.35,0.7,0.675,0.45
10.009601376697143,0.35,0.7,0.675,0.45
10.051313982639499,0.35,0.7,0.675,0.45
10.093200415833232,0.35,0.7,0.675,0.45
10.135261400661582,0.35,0.7,0.675,0.45
10.177497664526475,0.35,0.7,0.675,0.45
10.219909937861173,0.35,0.7,0.675,0.45
10.262498954142783,0.35,0.7,0.675,0.45
10.305265449905,0.35,0.7,0.675,0.45
10.34821016475091,0.35,0.7,0.675,0.45
10.39133384136565,0.35,0.7,0.675,0.45
10.434637225529324,0.35,0.7,0.675,0.45
10.478121066129956,0.35,0.7,0.675,0.45
10.521786115176315,0.35,0.7,0.675,0.45
10.56563312781099,0.35,0.7,0.675,0.45
10.609662862323509,0.35,0.7,0.675,0.45
10.653876080163318,0.35,0.7,0.675,0.45
10.69827354595305,0.35,0.7,0.675,0.45
10.742856027501693,0.35,0.7,0.675,0.45
10.787624295817961,0.35,0.7,0.675,0.45
10.832579125123496,0.35,0.7,0.675,0.45
10.87772129286632,0.35,0.7,0.675,0.45
10.923051579734352,0.35,0.7,0.675,0.45
10.968570769668773,0.35,0.7,0.675,0.45
11.014279649877649,0.35,0.7,0.675,0.45
11.06017901084961,0.35,0.7,0.675,0.45
11.106269646367402,0.35,0.7,0.675,0.45
11.152552353521653,0.35,0.7,0.675,0.45
11.199027932724757,0.35,0.7,0.675,0.45
11.245697187724556,0.35,0.7,0.675,0.45
11.292560925618321,0.35,0.7,0.675,0.45
11.339619956866779,0.35,0.7,0.675,0.45
11.386875095307984,0.35,0.7,0.675,0.45
11.434327158171465,0.35,0.7,0.675,0.45
11.481976966092427,0.35,0.7,0.675,0.45
11.529825343125808,0.35,0.7,0.675,0.45
11.577873116760596,0.35,0.7,0.675,0.45
11.626121117934208,0.35,0.7,0.675,0.45
11.674570181046724,0.35,0.7,0.675,0.45
11.723221143975387,0.35,0.7,0.675,0.45
11.772074848089161,0.35,0.7,0.675,0.45
11.821132138263142,0.35,0.7,0.675,0.45
11.870393862893238,0.35,0.7,0.675,0.45
11.919860873910919,0.35,0.7,0.675,0.45
11.969534026797799,0.35,0.7,0.675,0.45
12.019414180600506,0.35,0.7,0.675,0.45
12.069502197945612,0.35,0.7,0.675,0.45
12.119798945054404,0.35,0.7,0.675,0.45
12.170305291757938,0.35,0.7,0.675,0.45
12.221022111512156,0.35,0.7,0.675,0.45
12.271950281412842,0.35,0.7,0.675,0.45
12.323090682210868,0.35,0.7,0.675,0.45
12.374444198327495,0.35,0.7,0.675,0.45
12.426011717869526,0.35,0.7,0.675,0.45
12.477794132644732,0.35,0.7,0.675,0.45
12.529792338177353,0.35,0.7,0.675,0.45
12.58200723372344,0.35,0.7,0.675,0.45
12.634439722286471,0.35,0.7,0.675,0.45
12.687090710633056,0.35,0.7,0.675,0.45
12.739961109308458,0.35,0.7,0.675,0.45
12.793051832652415,0.35,0.7,0.675,0.45
12.84636379881504,0.35,0.7,0.675,0.45
12.89989792977253,0.35,0.7,0.675,0.45
12.953655151343202,0.35,0.7,0.675,0.45
13.007636393203576,0.35,0.7,0.7,0.45
13.061842588904295,0.35,0.7,0.7,0.45
13.116274675886347,0.35,0.7,0.7,0.45
13.170933595497363,0.35,0.7,0.7,0.45
13.225820293007738,0.35,0.7,0.7,0.45
13.280935717627044,0.35,0.7,0.7,0.45
13.336280822520541,0.35,0.7,0.7,0.45
13.391856564825499,0.35,0.7,0.7,0.45
13.447663905667822,0.35,0.7,0.7,0.45
13.50370381017876,0.35,0.7,0.7,0.45
13.559977247511428,0.35,0.7,0.7,0.45
13.616485190857658,0.35,0.7,0.7,0.45
13.67322861746491,0.35,0.7,0.7,0.45
13.730208508652998,0.35,0.7,0.7,0.45
13.787425849831155,0.35,0.7,0.7,0.45
13.844881630515152,0.35,0.725,0.7,0.475
13.902576844344244,0.35,0.725,0.7,0.475
13.960512489098443,0.35,0.725,0.7,0.475
14.018689566715848,0.35,0.725,0.7,0.475
14.077109083309812,0.35,0.725,0.7,0.475
14.135772049186423,0.35,0.725,0.7,0.475
14.194679478862064,0.35,0.725,0.7,0.475
14.25383239108078,0.35,0.725,0.7,0.475
14.313231808831992,0.35,0.725,0.7,0.475
14.37287875936827,0.375,0.725,0.7,0.475
14.432774274222918,0.375,0.725,0.7,0.5
14.492919389227916,0.375,0.725,0.7,0.5
14.553315144531908,0.375,0.725,0.7,0.5
14.613962584618017,0.375,0.725,0.7,0.5
14.674862758322003,0.375,0.75,0.7,0.5
14.736016718850482,0.375,0.75,0.7,0.5
14.797425523798967,0.375,0.75,0.7,0.5
14.859090235170246,0.4,0.75,0.7,0.5
14.92101191939284,0.4,0.75,0.7,0.5
14.98319164733926,0.4,0.75,0.7,0.5
15.045630494344623,0.4,0.75,0.7,0.5
15.108329540225338,0.4,0.75,0.7,0.5
15.171289869297597,0.4,0.75,0.7,0.5
15.234512570396218,0.4,0.775,0.7,0.5
15.297998736893572,0.4,0.775,0.75,0.5
15.361749466718296,0.4,0.775,0.75,0.5
15.425765862374389,0.4,0.775,0.75,0.5
15.49004903096036,0.4,0.775,0.75,0.5
15.554600084188191,0.4,0.775,0.75,0.5
15.619420138402655,0.4,0.775,0.75,0.5
15.68451031460072,0.4,0.775,0.75,0.5
15.749871738450745,0.4,0.775,0.75,0.5
15.815505540312035,0.4,0.775,0.75,0.5
15.8814128552545,0.4,0.775,0.75,0.5
15.947594823078079,0.4,0.775,0.75,0.5
16.014052588332554,0.4,0.775,0.75,0.5
16.080787300337445,0.4,0.775,0.75,0.5
16.147800113201672,0.4,0.775,0.75,0.5
16.21509218584365,0.4,0.775,0.75,0.5
16.282664682011383,0.4,0.775,0.75,0.5
16.35051877030243,0.4,0.775,0.75,0.5
16.418655624184193,0.4,0.775,0.75,0.5
16.487076422014322,0.4,0.775,0.75,0.5
16.555782347060887,0.4,0.775,0.75,0.5
16.62477458752294,0.4,0.775,0.75,0.5
16.694054336551165,0.4,0.775,0.75,0.5
16.763622792268325,0.4,0.775,0.75,0.5
16.833481157790064,0.4,0.775,0.75,0.5
16.90363064124582,0.4,0.775,0.75,0.5
16.97407245579952,0.4,0.775,0.75,0.5
17.044807819670662,0.4,0.775,0.75,0.5
17.115837956155485,0.4,0.775,0.75,0.5
17.18716409364791,0.4,0.775,0.75,0.5
17.258787465660905,0.4,0.775,0.75,0.5
17.3307093108479,0.4,0.8,0.75,0.5
17.40293087302402,0.4,0.8,0.75,0.5
17.475453401187675,0.4,0.8,0.75,0.5
17.548278149542305,0.4,0.8,0.75,0.5
17.621406377517815,0.4,0.8,0.75,0.5
17.69483934979252,0.4,0.8,0.75,0.5
17.768578336314953,0.4,0.8,0.75,0.5
17.84262461232595,0.425,0.8,0.75,0.5
17.916979458380496,0.425,0.8,0.75,0.5
17.99164416036999,0.425,0.8,0.75,0.5
18.066620009544575,0.425,0.8,0.75,0.5
18.141908302535267,0.425,0.825,0.75,0.5
18.21751034137647,0.425,0.825,0.75,0.5
18.29342743352862,0.425,0.825,0.75,0.5
18.36966089190057,0.425,0.825,0.75,0.5
18.4462120348724,0.425,0.825,0.775,0.5
18.523082186318334,0.425,0.825,0.775,0.5
18.60027267562942,0.425,0.825,0.775,0.5
18.67778483773661,0.45,0.825,0.775,0.5
18.75562001313398,0.45,0.825,0.775,0.5
18.833779547901685,0.45,0.825,0.775,0.5
18.91226479372933,0.45,0.825,0.775,0.5
18.991077107939493,0.45,0.825,0.775,0.5
19.070217853510936,0.45,0.825,0.775,0.5
19.14968839910232,0.45,0.825,0.775,0.5
19.229490119075972,0.45,0.825,0.775,0.5
19.309624393521425,0.45,0.825,0.775,0.5
19.39009260827941,0.45,0.825,0.775,0.5
19.470896154965924,0.475,0.825,0.775,0.5
19.55203643099608,0.475,0.825,0.775,0.5
19.633514839608374,0.475,0.825,0.775,0.5
19.71533278988909,0.475,0.825,0.775,0.5
19.797491696796413,0.475,0.825,0.775,0.5
19.879992981185026,0.475,0.85,0.775,0.5
19.962838069830806,0.475,0.85,0.775,0.5
20.04602839545525,0.475,0.85,0.775,0.5
20.129565396750383,0.475,0.85,0.775,0.5
20.21345051840375,0.475,0.85,0.775,0.5
20.297685211123163,0.475,0.85,0.775,0.5
20.38227093166191,0.475,0.85,0.775,0.525
20.467209142844073,0.475,0.85,0.775,0.525
20.552501313589577,0.5,0.875,0.775,0.525
20.63814891893971,0.5,0.875,0.775,0.525
20.724153440082777,0.5,0.875,0.775,0.525
20.810516364379446,0.5,0.875,0.775,0.525
20.897239185388603,0.5,0.875,0.775,0.525
20.98432340289331,0.5,0.875,0.775,0.525
21.071770522926485,0.5,0.875,0.775,0.525
21.159582057797078,0.5,0.875,0.775,0.525
21.247759526116354,0.5,0.875,0.775,0.525
21.336304452823885,0.5,0.875,0.775,0.525
21.425218369214075,0.5,0.875,0.775,0.525
21.514502812962753,0.5,0.875,0.775,0.525
21.60415932815351,0.5,0.875,0.775,0.525
21.694189465304536,0.5,0.875,0.775,0.525
21.784594781395565,0.5,0.875,0.775,0.525
21.87537683989454,0.5,0.875,0.775,0.525
21.966537210784768,0.5,0.875,0.775,0.525
22.058077470592234,0.5,0.875,0.775,0.525
22.14999920241257,0.5,0.875,0.775,0.525
22.242303995938585,0.5,0.875,0.775,0.525
22.334993447487882,0.5,0.875,0.775,0.525
22.428069160030198,0.5,0.875,0.775,0.525
22.52153274321526,0.5,0.875,0.775,0.525
22.615385813400763,0.5,0.875,0.775,0.525
22.709629993680046,0.5,0.875,0.775,0.525
22.804266913910297,0.5,0.875,0.775,0.525
22.899298210740877,0.5,0.875,0.775,0.525
22.994725527641364,0.5,0.875,0.775,0.525
23.090550514930083,0.5,0.875,0.775,0.525
23.18677482980281,0.5,0.875,0.775,0.525
23.283400136361156,0.5,0.875,0.775,0.525
23.380428105641457,0.5,0.875,0.775,0.525
23.477860415643846,0.5,0.875,0.775,0.525
23.57569875136097,0.5,0.875,0.775,0.525
23.673944804807277,0.5,0.875,0.775,0.525
23.772600275048426,0.5,0.875,0.775,0.525
23.871666868230374,0.5,0.875,0.775,0.525
23.971146297609035,0.5,0.875,0.775,0.525
24.07104028358005,0.5,0.875,0.775,0.525
24.171350553708244,0.5,0.875,0.775,0.525
24.27207884275766,0.5,0.875,0.775,0.525
24.373226892721696,0.5,0.875,0.775,0.525
24.474796452852942,0.5,0.875,0.8,0.525
24.576789279693575,0.5,0.875,0.8,0.525
24.67920713710589,0.5,0.875,0.8,0.525
24.782051796302508,0.5,0.875,0.8,0.525
24.88532503587714,0.5,0.875,0.8,0.525
24.989028641835525,0.5,0.875,0.8,0.525
25.09316440762599,0.5,0.875,0.8,0.525
25.197734134170627,0.5,0.875,0.8,0.525
25.3027396298966,0.5,0.875,0.8,0.525
25.408182710767086,0.5,0.875,0.8,0.525
25.514065200312874,0.5,0.875,0.8,0.525
25.620388929664013,0.5,0.875,0.825,0.525
25.72715573758121,0.5,0.875,0.825,0.525
25.834367470487745,0.5,0.875,0.825,0.525
25.942025982501598,0.5,0.875,0.825,0.525
26.050133135467167,0.5,0.875,0.825,0.525
26.15869079898765,0.5,0.875,0.825,0.525
26.267700850457523,0.5,0.875,0.85,0.525
26.377165175094685,0.5,0.875,0.85,0.525
26.487085665973236,0.5,0.875,0.85,0.525
26.597464224056363,0.5,0.875,0.875,0.525
26.7083027582289,0.5,0.875,0.875,0.525
26.8196031853305,0.5,0.875,0.875,0.525
26.931367430188942,0.5,0.875,0.875,0.525
27.043597425653108,0.5,0.875,0.875,0.525
27.156295112626555,0.5,0.875,0.875,0.525
27.269462440101254,0.5,0.875,0.875,0.525
27.383101365190967,0.5,0.875,0.875,0.525
27.49721385316526,0.5,0.875,0.875,0.525
27.611801877483646,0.5,0.875,0.875,0.525
27.7268674198294,0.5,0.875,0.875,0.525
27.842412470143973,0.5,0.875,0.875,0.55
27.958439026661598,0.5,0.875,0.875,0.55
28.074949095943488,0.5,0.875,0.875,0.55
28.191944692912728,0.5,0.875,0.875,0.55
28.309427840889274,0.5,0.875,0.875,0.55
28.427400571624613,0.5,0.875,0.875,0.55
28.545864925337064,0.5,0.875,0.875,0.55
28.66482295074724,0.5,0.875,0.875,0.55
28.784276705113136,0.5,0.875,0.875,0.55
28.904228254265927,0.5,0.875,0.875,0.55
29.024679672645583,0.5,0.875,0.875,0.55
29.14563304333698,0.5,0.9,0.875,0.575
29.267090458105578,0.5,0.9,0.875,0.575
29.389054017433757,0.5,0.9,0.875,0.575
29.511525830557343,0.5,0.9,0.875,0.575
29.634508015501705,0.5,0.9,0.875,0.6
29.758002699118578,0.5,0.9,0.875,0.6
29.882012017123017,0.5,0.9,0.875,0.6
30.00653811412998,0.5,0.9,0.875,0.6
30.13158314369159,0.5,0.9,0.875,0.6
30.257149268334555,0.5,0.9,0.875,0.6
30.38323865959722,0.5,0.9,0.875,0.6
30.509853498067297,0.5,0.9,0.875,0.6
30.636995973419744,0.5,0.9,0.875,0.6
30.764668284454284,0.5,0.9,0.875,0.6
30.89287263913361,0.5,0.9,0.875,0.6
31.021611254621753,0.5,0.9,0.875,0.6
31.150886357322058,0.5,0.9,0.875,0.6
31.280700182915865,0.5,0.9,0.875,0.6
31.41105497640137,0.5,0.9,0.875,0.6
31.541952992132074,0.5,0.9,0.875,0.6
31.673396493855943,0.5,0.9,0.875,0.6
31.80538775475477,0.5,0.9,0.875,0.6
31.937929057483082,0.5,0.9,0.875,0.6
32.071022694207834,0.5,0.9,0.875,0.6
32.20467096664822,0.5,0.9,0.875,0.6
32.338876186115115,0.5,0.9,0.875,0.6
32.47364067355119,0.5,0.9,0.875,0.6
32.608966759571324,0.5,0.9,0.875,0.6
32.74485678450246,0.5,0.9,0.875,0.6
32.88131309842427,0.5,0.9,0.875,0.6
33.01833806121006,0.525,0.9,0.875,0.6
33.155934042567104,0.525,0.9,0.875,0.6
33.29410342207787,0.525,0.9,0.875,0.6
33.43284858924137,0.525,0.9,0.875,0.6
33.57217194351408,0.525,0.9,0.875,0.6
33.71207589435162,0.525,0.9,0.875,0.6
33.852562861250654,0.525,0.9,0.875,0.6
33.99363527379031,0.525,0.9,0.875,0.6
34.13529557167438,0.525,0.9,0.875,0.6
34.277546204773785,0.525,0.9,0.875,0.6
34.42038963316845,0.525,0.925,0.875,0.6
34.563828327190095,0.525,0.925,0.875,0.6
34.70786476746518,0.525,0.925,0.875,0.6
34.852501444957355,0.525,0.925,0.875,0.6
34.99774086101076,0.525,0.925,0.875,0.6
35.14358552739352,0.525,0.925,0.875,0.6
35.290037966340705,0.525,0.925,0.875,0.6
35.4371007105982,0.525,0.925,0.875,0.6
35.58477630346675,0.525,0.925,0.875,0.6
35.73306729884541,0.525,0.925,0.9,0.625
35.88197626127607,0.525,0.925,0.9,0.625
36.031505765987895,0.525,0.925,0.9,0.65
36.1816583989415,0.525,0.925,0.9,0.65
36.332436756873875,0.525,0.925,0.9,0.65
36.48384344734349,0.525,0.925,0.9,0.65
36.63588108877497,0.525,0.925,0.9,0.65
36.78855231050462,0.525,0.925,0.925,0.65
36.941859752826055,0.525,0.925,0.925,0.65
37.09580606703549,0.525,0.925,0.925,0.65
37.25039391547775,0.525,0.925,0.925,0.65
37.40562597159259,0.525,0.925,0.925,0.65
37.56150491996045,0.525,0.925,0.925,0.65
37.71803345634909,0.525,0.925,0.925,0.65
37.8752142877605,0.525,0.925,0.925,0.65
38.0330501324772,0.525,0.925,0.925,0.65
38.1915437201095,0.525,0.925,0.925,0.65
38.35069779164293,0.525,0.925,0.925,0.65
38.5105150994852,0.525,0.925,0.925,0.65
38.67099840751399,0.525,0.925,0.925,0.65
38.832150491125056,0.525,0.925,0.925,0.65
38.99397413727967,0.525,0.925,0.925,0.65
39.15647214455311,0.525,0.95,0.925,0.65
39.31964732318328,0.525,0.95,0.925,0.65
39.48350249511885,0.525,0.95,0.925,0.65
39.648040494068255,0.525,0.95,0.925,0.65
39.81326416554898,0.525,0.95,0.925,0.65
39.979176366936294,0.525,0.95,0.925,0.65
40.145779967512865,0.525,0.95,0.925,0.65
40.313077848518674,0.525,0.95,0.925,0.65
40.48107290320031,0.525,0.95,0.925,0.65
40.64976803686128,0.525,0.95,0.925,0.65
40.8191661669125,0.525,0.95,0.925,0.65
40.98927022292224,0.525,0.95,0.925,0.65
41.16008314666703,0.525,0.95,0.925,0.65
41.33160789218281,0.525,0.95,0.925,0.65
41.5038474258155,0.525,0.95,0.925,0.65
41.67680472627255,0.525,0.95,0.95,0.65
41.85048278467471,0.525,0.95,0.95,0.65
42.024884604607266,0.525,0.95,0.95,0.65
42.200013202172194,0.525,0.95,0.95,0.65
42.37587160604063,0.525,0.95,0.95,0.65
42.552462857504715,0.525,0.95,0.95,0.65
42.729790010530415,0.525,0.95,0.95,0.65
42.90785613181065,0.525,0.95,0.95,0.65
43.08666430081777,0.525,0.95,0.95,0.65
43.2662176098571,0.525,0.95,0.95,0.65
43.44651916412066,0.525,0.95,0.95,0.65
43.627572081740325,0.525,0.95,0.95,0.65
43.80937949384207,0.525,0.975,0.95,0.65
43.99194454460033,0.525,0.975,0.95,0.65
44.175270391291875,0.525,0.975,0.95,0.65
44.359360204350644,0.525,0.975,0.95,0.65
44.54421716742289,0.525,0.975,0.95,0.65
44.72984447742167,0.525,0.975,0.95,0.65
44.9162453445824,0.525,0.975,0.95,0.65
45.10342299251865,0.525,0.975,0.95,0.65
45.291380658277376,0.525,0.975,0.95,0.65
45.48012159239511,0.525,0.975,0.95,0.65
45.66964905895451,0.525,0.975,0.95,0.65
45.85996633564025,0.525,0.975,0.95,0.65
46.051076713795936,0.525,0.975,0.95,0.65
46.24298349848136,0.525,0.975,0.95,0.65
46.435690008529065,0.525,0.975,0.95,0.65
46.629199576602026,0.525,0.975,0.95,0.675
46.82351554925158,0.525,0.975,0.95,0.675
47.01864128697473,0.525,0.975,0.95,0.675
47.21458016427253,0.525,0.975,0.95,0.675
47.411335569708754,0.525,0.975,0.95,0.675
47.60891090596791,0.525,0.975,0.95,0.675
47.80730958991447,0.525,0.975,0.95,0.675
48.00653505265176,0.525,0.975,0.95,0.7
48.20659073958171,0.525,0.975,0.95,0.7
48.40748011046385,0.525,0.975,0.95,0.7
48.60920663947538,0.525,0.975,0.95,0.7
48.81177381527166,0.525,0.975,0.95,0.7
49.01518514104582,0.525,0.975,0.95,0.7
49.21944413458974,0.525,0.975,0.95,0.7
49.424554328355164,0.525,0.975,0.95,0.7
49.630519269514146,0.525,0.975,0.95,0.7
49.837342520020734,0.525,0.975,0.95,0.7
50.045027656672886,0.525,0.975,0.95,0.7
50.25357827117367,0.525,0.975,0.95,0.7
50.46299797019375,0.525,0.975,0.95,0.7
50.673290375433986,0.525,0.975,0.95,0.7
50.884459123687535,0.525,0.975,0.95,0.7
51.09650786690298,0.525,0.975,0.95,0.7
51.309440272247876,0.525,0.975,0.95,0.7
51.52326002217147,0.525,0.975,0.95,0.7
51.73797081446873,0.525,0.975,0.95,0.7
51.95357636234463,0.525,0.975,0.95,0.7
52.170080394477694,0.525,0.975,0.95,0.7
52.38748665508484,0.525,0.975,0.95,0.7
52.60579890398642,0.525,0.975,0.95,0.7
52.8250209166706,0.525,0.975,0.95,0.7
53.045156484359,0.525,1.0,0.95,0.7
53.266209414072556,0.525,1.0,0.95,0.7
53.48818352869674,0.525,1.0,0.95,0.7
53.711082667047954,0.525,1.0,0.95,0.7
53.9349106839403,0.525,1.0,0.95,0.7
54.15967145025154,0.525,1.0,0.95,0.7
54.385368852990396,0.525,1.0,0.95,0.7
54.612006795364096,0.525,1.0,0.95,0.7
54.83958919684521,0.525,1.0,0.95,0.7
55.06811999323977,0.525,1.0,0.95,0.7
55.29760313675567,0.525,1.0,0.95,0.7
55.528042596070335,0.525,1.0,0.95,0.7
55.7594423563997,0.525,1.0,0.95,0.7
55.99180641956749,0.525,1.0,0.95,0.7
56.22513880407369,0.525,1.0,0.95,0.7
56.45944354516443,0.525,1.0,0.95,0.7
56.69472469490213,0.525,1.0,0.95,0.7
56.930986322234816,0.525,1.0,0.95,0.7
57.168232513066904,0.525,1.0,0.95,0.7
57.406467370330176,0.525,1.0,0.95,0.7
57.645695014054056,0.525,1.0,0.95,0.7
57.885919581437165,0.525,1.0,0.95,0.7
58.127145226919296,0.525,1.0,0.95,0.7
58.3693761222525,0.525,1.0,0.95,0.7
58.61261645657359,0.525,1.0,0.95,0.7
58.85687043647698,0.525,1.0,0.95,0.7
59.102142286086675,0.525,1.0,0.95,0.7
59.34843624712972,0.525,1.0,0.95,0.7
59.59575657900987,0.525,1.0,0.95,0.7
59.844107558880594,0.525,1.0,0.95,0.7
60.093493481719335,0.525,1.0,0.95,0.7
60.34391866040221,0.525,1.0,0.95,0.7
60.59538742577784,0.525,1.0,0.95,0.7
60.84790412674259,0.525,1.0,0.95,0.7
61.10147313031622,0.525,1.0,0.95,0.7
61.35609882171659,0.525,1.0,0.95,0.7
61.61178560443591,0.525,1.0,0.95,0.7
61.86853790031725,0.525,1.0,0.95,0.7
62.12636014963029,0.525,1.0,0.95,0.7
62.385256811148444,0.525,1.0,0.95,0.7
62.64523236222639,0.525,1.0,0.95,0.7
62.90629129887672,0.525,1.0,0.95,0.7
63.168438135848056,0.525,1.0,0.95,0.7
63.43167740670356,0.525,1.0,0.95,0.7
63.69601366389853,0.525,1.0,0.95,0.7
63.96145147885954,0.525,1.0,0.95,0.7
64.22799544206384,0.525,1.0,0.95,0.7
64.49565016311804,0.525,1.0,0.95,0.7
64.76442027083814,0.525,1.0,0.95,0.7
65.03431041333005,0.525,1.0,0.95,0.7
65.3053252580691,0.525,1.0,0.95,0.7
65.57746949198125,0.525,1.0,0.95,0.7
65.85074782152446,0.525,1.0,0.95,0.7
66.12516497276934,0.525,1.0,0.95,0.7
66.40072569148126,0.525,1.0,0.95,0.7
66.67743474320281,0.525,1.0,0.95,0.7
66.95529691333546,0.525,1.0,0.95,0.7
67.23431700722264,0.525,1.0,0.95,0.7
67.51449985023338,0.525,1.0,0.95,0.7
67.79585028784479,0.525,1.0,0.95,0.7
68.07837318572635,0.525,1.0,0.95,0.7
68.36207342982452,0.525,1.0,0.95,0.7
68.64695592644627,0.525,1.0,0.95,0.7
68.9330256023445,0.525,1.0,0.95,0.7
69.22028740480351,0.525,1.0,0.95,0.7
69.50874630172389,0.525,1.0,0.95,0.725
69.79840728170866,0.525,1.0,0.95,0.725
70.08927535415013,0.525,1.0,0.95,0.725
70.38135554931561,0.525,1.0,0.95,0.725
70.67465291843484,0.525,1.0,0.95,0.725
70.96917253378777,0.525,1.0,0.95,0.725
71.2649194887914,0.525,1.0,0.95,0.725
71.56189889808837,0.525,1.0,0.95,0.725
71.86011589763578,0.525,1.0,0.95,0.725
72.15957564479314,0.525,1.0,0.95,0.725
72.46028331841201,0.525,1.0,0.95,0.725
72.76224411892605,0.525,1.0,0.95,0.725
73.06546326844,0.525,1.0,0.95,0.725
73.36994601082047,0.525,1.0,0.95,0.725
73.67569761178709,0.525,1.0,0.95,0.725
73.98272335900263,0.525,1.0,0.95,0.725
74.29102856216495,0.525,1.0,0.95,0.725
74.60061855309924,0.525,1.0,0.95,0.725
74.91149868584931,0.525,1.0,0.95,0.725
75.22367433677071,0.525,1.0,0.95,0.725
75.53715090462408,0.525,1.0,0.95,0.725
75.85193381066765,0.525,1.0,0.95,0.725
76.16802849875143,0.525,1.0,0.95,0.725
76.48544043541185,0.525,1.0,0.95,0.725
76.8041751099653,0.525,1.0,0.95,0.725
77.12423803460365,0.525,1.0,0.95,0.725
77.44563474448991,0.525,1.0,0.95,0.725
77.76837079785312,0.525,1.0,0.95,0.725
78.09245177608487,0.525,1.0,0.95,0.725
78.41788328383636,0.525,1.0,0.95,0.725
78.74467094911432,0.525,1.0,0.95,0.725
79.07282042337903,0.55,1.0,0.95,0.725
79.4023373816417,0.55,1.0,0.95,0.725
79.73322752256327,0.55,1.0,0.95,0.725
80.06549656855199,0.55,1.0,0.95,0.725
80.39915026586287,0.55,1.0,0.95,0.725
80.73419438469756,0.55,1.0,0.95,0.75
81.0706347193031,0.55,1.0,0.95,0.75
81.40847708807271,0.55,1.0,0.95,0.75
81.74772733364686,0.55,1.0,0.95,0.75
82.08839132301328,0.55,1.0,0.95,0.75
82.430474947609,0.55,1.0,0.95,0.75
82.77398412342266,0.55,1.0,0.95,0.75
83.11892479109589,0.55,1.0,0.95,0.75
83.46530291602652,0.55,1.0,0.95,0.75
83.81312448847221,0.55,1.0,0.95,0.75
84.16239552365309,0.575,1.0,0.95,0.75
84.51312206185628,0.575,1.0,0.95,0.75
84.86531016854084,0.575,1.0,0.95,0.75
85.21896593444168,0.575,1.0,0.95,0.775
85.57409547567536,0.575,1.0,0.95,0.775
85.93070493384641,0.575,1.0,0.95,0.775
86.2888004761525,0.575,1.0,0.95,0.775
86.64838829549161,0.575,1.0,0.95,0.775
87.00947461056968,0.575,1.0,0.95,0.775
87.37206566600705,0.575,1.0,0.95,0.775
87.73616773244702,0.575,1.0,0.95,0.775
88.10178710666484,0.575,1.0,0.95,0.775
88.4689301116755,0.575,1.0,0.95,0.775
88.83760309684365,0.575,1.0,0.95,0.8
89.20781243799392,0.575,1.0,0.95,0.8
89.57956453752013,0.575,1.0,0.95,0.8
89.95286582449648,0.575,1.0,0.95,0.8
90.32772275478943,0.575,1.0,0.95,0.8
90.70414181116809,0.575,1.0,0.95,0.8
91.08212950341695,0.575,1.0,0.95,0.8
91.46169236844906,0.575,1.0,0.95,0.8
91.8428369704179,0.575,1.0,0.95,0.8
92.22556990083149,0.575,1.0,0.95,0.8
92.6098977786669,0.575,1.0,0.95,0.8
92.9958272504837,0.575,1.0,0.95,0.8
93.38336499053932,0.575,1.0,0.95,0.8
93.77251770090517,0.575,1.0,0.95,0.8
94.16329211158137,0.575,1.0,0.95,0.8
94.55569498061364,0.575,1.0,0.95,0.8
94.94973309421086,0.575,1.0,0.95,0.8
95.34541326686121,0.575,1.0,0.95,0.8
95.7427423414506,0.575,1.0,0.95,0.8
96.14172718938158,0.575,1.0,0.95,0.8
96.54237471069112,0.575,1.0,0.95,0.8
96.94469183417033,0.575,1.0,0.95,0.8
97.34868551748504,0.575,1.0,0.95,0.8
97.75436274729488,0.6,1.0,0.95,0.8
98.16173053937467,0.6,1.0,0.95,0.8
98.57079593873644,0.6,1.0,0.95,0.8
98.98156601974996,0.6,1.0,0.95,0.8
99.39404788626577,0.6,1.0,0.95,0.8
99.80824867173855,0.6,1.0,0.95,0.8
100.22417553934942,0.6,1.0,0.95,0.8
100.64183568213024,0.6,1.0,0.95,0.8
101.06123632308876,0.6,1.0,0.95,0.8
101.48238471533227,0.6,1.0,0.95,0.8
101.90528814219361,0.6,1.0,0.95,0.8
102.32995391735781,0.6,1.0,0.95,0.8
102.75638938498726,0.6,1.0,0.95,0.8
103.18460191984943,0.6,1.0,0.95,0.8
103.61459892744494,0.6,1.0,0.95,0.8
104.04638784413446,0.6,1.0,0.95,0.8
104.47997613726785,0.6,1.0,0.95,0.8
104.91537130531408,0.6,1.0,0.95,0.8
105.35258087798947,0.6,1.0,0.95,0.825
105.79161241638865,0.6,1.0,0.95,0.825
106.2324735131159,0.6,1.0,0.95,0.825
106.67517179241528,0.6,1.0,0.95,0.825
107.11971491030302,0.6,1.0,0.95,0.825
107.56611055470054,0.6,1.0,0.95,0.825
108.0143664455663,0.6,1.0,0.975,0.825
108.4644903350297,0.6,1.0,0.975,0.825
108.91649000752602,0.6,1.0,0.975,0.825
109.37037327992961,0.6,1.0,0.975,0.825
109.82614800168975,0.6,1.0,0.975,0.825
110.2838220549671,0.6,1.0,0.975,0.825
110.74340335476867,0.6,1.0,0.975,0.825
111.20489984908532,0.6,1.0,0.975,0.825
111.66831951902996,0.6,1.0,0.975,0.825
112.13367037897417,0.6,1.0,0.975,0.825
112.60096047668749,0.6,1.0,0.975,0.825
113.07019789347731,0.6,1.0,0.975,0.825
113.54139074432723,0.6,1.0,0.975,0.825
114.01454717803807,0.6,1.0,0.975,0.825
114.48967537736955,0.6,1.0,0.975,0.825
114.96678355918036,0.6,1.0,0.975,0.825
115.44587997457094,0.6,1.0,0.975,0.825
115.92697290902696,0.6,1.0,0.975,0.825
116.41007068256111,0.6,1.0,0.975,0.825
116.89518164985776,0.6,1.0,0.975,0.825
117.38231420041814,0.6,1.0,0.975,0.825
117.87147675870393,0.6,1.0,0.975,0.825
118.36267778428382,0.6,1.0,0.975,0.825
118.85592577198035,0.6,1.0,0.975,0.825
119.35122925201553,0.6,1.0,0.975,0.825
119.84859679015898,0.6,1.0,0.975,0.825
120.34803698787685,0.6,1.0,0.975,0.825
120.8495584824791,0.6,1.0,0.975,0.825
121.35316994726959,0.6,1.0,0.975,0.825
121.85888009169685,0.6,1.0,0.975,0.825
122.36669766150315,0.6,1.0,0.975,0.825
122.87663143887661,0.6,1.0,0.975,0.825
123.3886902426037,0.6,1.0,0.975,0.825
123.90288292822032,0.6,1.0,0.975,0.825
124.41921838816569,0.6,1.0,0.975,0.825
124.9377055519369,0.6,1.0,0.975,0.825
125.45835338624178,0.6,1.0,0.975,0.825
125.98117089515482,0.6,1.0,0.975,0.825
126.5061671202735,0.6,1.0,0.975,0.825
127.0333511408733,0.6,1.0,0.975,0.825
127.56273207406532,0.6,1.0,0.975,0.825
128.09431907495488,0.6,1.0,0.975,0.825
128.6281213367982,0.6,1.0,0.975,0.825
129.16414809116208,0.6,1.0,0.975,0.825
129.7024086080846,0.6,1.0,0.975,0.825
130.24291219623362,0.6,1.0,0.975,0.825
130.7856682030689,0.6,1.0,0.975,0.825
131.33068601500324,0.6,1.0,0.975,0.825
131.87797505756583,0.6,1.0,0.975,0.825
132.42754479556373,0.6,1.0,0.975,0.825
132.97940473324627,0.6,1.0,0.975,0.825
133.53356441447025,0.6,1.0,0.975,0.825
134.09003342286346,0.6,1.0,0.975,0.825
134.64882138199104,0.6,1.0,0.975,0.825
135.20993795552292,0.6,1.0,0.975,0.825
135.77339284739924,0.6,1.0,0.975,0.825
136.33919580199893,0.6,1.0,0.975,0.825
136.90735660430911,0.6,1.0,0.975,0.825
137.47788508009268,0.6,1.0,0.975,0.825
138.05079109605896,0.6,1.0,0.975,0.825
138.6260845600354,0.6,1.0,0.975,0.825
139.20377542113692,0.6,1.0,0.975,0.825
139.78387366993914,0.6,1.0,0.975,0.825
140.36638933865171,0.6,1.0,0.975,0.825
140.95133250129038,0.6,1.0,0.975,0.825
141.5387132738518,0.6,1.0,0.975,0.825
142.12854181448958,0.6,1.0,0.975,0.825
142.7208283236881,0.6,1.0,0.975,0.825
143.3155830444397,0.6,1.0,0.975,0.825
143.912816262423,0.6,1.0,0.975,0.825
144.51253830617864,0.6,1.0,0.975,0.825
145.11475954728908,0.6,1.0,0.975,0.825
145.7194904005587,0.6,1.0,0.975,0.825
146.3267413241922,0.6,1.0,0.975,0.825
146.9365228199763,0.6,1.0,0.975,0.825
147.54884543346233,0.6,1.0,0.975,0.825
148.1637197541468,0.6,1.0,0.975,0.825
148.78115641565526,0.6,1.0,0.975,0.825
149.40116609592738,0.6,1.0,0.975,0.825
150.02375951739958,0.6,1.0,0.975,0.825
150.64894744719155,0.6,1.0,0.975,0.825
151.2767406972932,0.6,1.0,0.975,0.825
151.90715012474988,0.6,1.0,0.975,0.825
152.5401866318511,0.6,1.0,0.975,0.825
153.17586116632,0.6,1.0,0.975,0.825
153.81418472150068,0.6,1.0,0.975,0.825
154.4551683365495,0.6,1.0,0.975,0.85
155.09882309662663,0.6,1.0,0.975,0.85
155.7451601330862,0.6,1.0,0.975,0.85
156.39419062366946,0.6,1.0,0.975,0.85
157.0459257926992,0.6,1.0,0.975,0.85
157.70037691127192,0.625,1.0,0.975,0.85
158.35755529745373,0.625,1.0,0.975,0.85
159.01747231647695,0.625,1.0,0.975,0.85
159.6801393809349,0.625,1.0,0.975,0.85
160.34556795098004,0.625,1.0,0.975,0.85
161.0137695345233,0.625,1.0,0.975,0.85
161.68475568743105,0.625,1.0,0.975,0.85
162.358538013726,0.625,1.0,0.975,0.85
163.03512816578873,0.625,1.0,0.975,0.85
163.7145378445574,0.625,1.0,0.975,0.85
164.396778799731,0.625,1.0,0.975,0.85
165.0818628299736,0.625,1.0,1.0,0.85
165.76980178311624,0.625,1.0,1.0,0.85
166.46060755636304,0.625,1.0,1.0,0.85
167.1542920964979,0.625,1.0,1.0,0.85
167.85086740008893,0.625,1.0,1.0,0.85
168.55034551369718,0.625,1.0,1.0,0.85
169.25273853408578,0.625,1.0,1.0,0.85
169.95805860842725,0.625,1.0,1.0,0.85
170.66631793451447,0.625,1.0,1.0,0.85
171.37752876097275,0.625,1.0,1.0,0.85
172.09170338746958,0.625,1.0,1.0,0.85
172.8088541649283,0.625,1.0,1.0,0.85
173.52899349574287,0.625,1.0,1.0,0.85
174.25213383399014,0.625,1.0,1.0,0.85
174.97828768564636,0.625,1.0,1.0,0.85
175.70746760880445,0.625,1.0,1.0,0.85
176.43968621388916,0.625,1.0,1.0,0.85
177.17495616387606,0.625,1.0,1.0,0.85
177.91329017451176,0.625,1.0,1.0,0.85
178.65470101453164,0.625,1.0,1.0,0.85
179.39920150588165,0.625,1.0,1.0,0.85
180.1468045239412,0.625,1.0,1.0,0.85
180.8975229977437,0.625,1.0,1.0,0.85
181.65136991020117,0.625,1.0,1.0,0.85
182.40835829832992,0.625,1.0,1.0,0.85
183.16850125347372,0.625,1.0,1.0,0.85
183.93181192153142,0.625,1.0,1.0,0.85
184.69830350318537,0.625,1.0,1.0,0.85
185.46798925412745,0.625,1.0,1.0,0.85
186.2408824852894,0.625,1.0,1.0,0.85
187.01699656307426,0.625,1.0,1.0,0.85
187.79634490958517,0.625,1.0,1.0,0.85
188.5789410028587,0.625,1.0,1.0,0.85
189.36479837709896,0.625,1.0,1.0,0.85
190.1539306229095,0.625,1.0,1.0,0.85
190.9463513875295,0.625,1.0,1.0,0.85
191.74207437507076,0.625,1.0,1.0,0.85
192.5411133467526,0.625,1.0,1.0,0.85
193.34348212114088,0.625,1.0,1.0,0.85
194.14919457438816,0.625,1.0,1.0,0.85
194.9582646404714,0.625,1.0,1.0,0.85
195.77070631143403,0.625,1.0,1.0,0.85
196.58653363762912,0.625,1.0,1.0,0.85
197.40576072796006,0.625,1.0,1.0,0.85
198.22840175012567,0.625,1.0,1.0,0.85
199.05447093086647,0.625,1.0,1.0,0.85
199.88398255620825,0.625,1.0,1.0,0.85
200.71695097171045,0.625,1.0,1.0,0.85
201.5533905827153,0.625,1.0,1.0,0.85
202.3933158545947,0.625,1.0,1.0,0.85
203.23674131300146,0.625,1.0,1.0,0.85
204.08368154412176,0.625,1.0,1.0,0.85
204.93415119492502,0.625,1.0,1.0,0.85
205.78816497341833,0.625,1.0,1.0,0.85
206.64573764890218,0.625,1.0,1.0,0.85
207.50688405222328,0.625,1.0,1.0,0.85
208.37161907603226,0.625,1.0,1.0,0.85
209.23995767504263,0.625,1.0,1.0,0.85
210.1119148662868,0.625,1.0,1.0,0.85
210.987505729377,0.625,1.0,1.0,0.85
211.8667454067675,0.625,1.0,1.0,0.85
212.74964910401368,0.625,1.0,1.0,0.85
213.6362320900365,0.625,1.0,1.0,0.85
214.52650969738775,0.625,1.0,1.0,0.85
215.42049732251266,0.625,1.0,1.0,0.85
216.31821042601788,0.625,1.0,1.0,0.85
217.2196645329379,0.625,1.0,1.0,0.85
218.12487523300553,0.625,1.0,1.0,0.85
219.03385818091854,0.625,1.0,1.0,0.85
219.94662909661204,0.625,1.0,1.0,0.85
220.8632037655314,0.625,1.0,1.0,0.85
221.7835980389028,0.625,1.0,1.0,0.85
222.7078278340085,0.625,1.0,1.0,0.85
223.63590913446365,0.625,1.0,1.0,0.85
224.56785799048984,0.625,1.0,1.0,0.85
225.50369051919412,0.625,1.0,1.0,0.85
226.4434229048491,0.625,1.0,1.0,0.85
227.38707139917,0.625,1.0,1.0,0.85
228.33465232159728,0.625,1.0,1.0,0.85
229.28618205958003,0.625,1.0,1.0,0.85
230.24167706885672,0.625,1.0,1.0,0.85
231.2011538737412,0.625,1.0,1.0,0.85
232.16462906740972,0.625,1.0,1.0,0.85
233.13211931218532,0.625,1.0,1.0,0.85
234.1036413398272,0.625,1.0,1.0,0.875
235.07921195182152,0.625,1.0,1.0,0.875
236.05884801966923,0.625,1.0,1.0,0.875
237.0425664851792,0.625,1.0,1.0,0.875
238.03038436076264,0.625,1.0,1.0,0.875
239.02231872972442,0.625,1.0,1.0,0.875
240.01838674655997,0.625,1.0,1.0,0.875
241.01860563725347,0.625,1.0,1.0,0.875
242.02299269957277,0.625,1.0,1.0,0.875
243.03156530336992,0.625,1.0,1.0,0.875
244.04434089088323,0.625,1.0,1.0,0.875
245.0613369770358,0.625,1.0,1.0,0.875
246.08257114974,0.625,1.0,1.0,0.875
247.10806107020304,0.625,1.0,1.0,0.875
248.13782447322953,0.625,1.0,1.0,0.875
249.1718791675295,0.625,1.0,1.0,0.875
250.21024303602815,0.625,1.0,1.0,0.875
251.25293403617187,0.625,1.0,1.0,0.875
252.29997020024035,0.625,1.0,1.0,0.875
253.3513696356601,0.625,1.0,1.0,0.875
254.40715052531434,0.625,1.0,1.0,0.875
255.46733112785915,0.625,1.0,1.0,0.875
256.5319297780407,0.625,1.0,1.0,0.875
257.6009648870092,0.625,1.0,1.0,0.875
258.674454942639,0.625,1.0,1.0,0.875
259.7524185098497,0.625,1.0,1.0,0.875
260.83487423092413,0.625,1.0,1.0,0.875
261.9218408258325,0.625,1.0,1.0,0.875
263.01333709255744,0.625,1.0,1.0,0.875
264.10938190741615,0.625,1.0,1.0,0.875
265.20999422538824,0.625,1.0,1.0,0.875
266.31519308044534,0.625,1.0,1.0,0.875
267.4249975858769,0.625,1.0,1.0,0.875
268.53942693462244,0.625,1.0,1.0,0.875
269.6585003996051,0.625,1.0,1.0,0.875
270.78223733406156,0.625,1.0,1.0,0.875
271.9106571718786,0.625,1.0,1.0,0.875
273.0437794279305,0.625,1.0,1.0,0.875
274.18162369841355,0.625,1.0,1.0,0.875
275.32420966118656,0.625,1.0,1.0,0.875
276.47155707611256,0.625,1.0,1.0,0.875
277.6236857853975,0.625,1.0,1.0,0.875
278.780615713935,0.625,1.0,1.0,0.875
279.9423668696524,0.625,1.0,1.0,0.875
281.10895934385377,0.625,1.0,1.0,0.875
282.2804133115686,0.625,1.0,1.0,0.875
283.456749031903,0.625,1.0,1.0,0.875
284.63798684838594,0.625,1.0,1.0,0.875
285.8241471893235,0.625,1.0,1.0,0.875
287.0152505681534,0.625,1.0,1.0,0.875
288.21131758379636,0.625,1.0,1.0,0.875
289.41236892101426,0.625,1.0,1.0,0.875
290.6184253507694,0.625,1.0,1.0,0.875
291.82950773058053,0.625,1.0,1.0,0.875
293.0456370048848,0.625,1.0,1.0,0.875
294.2668342054022,0.625,1.0,1.0,0.875
295.4931204514955,0.625,1.0,1.0,0.875
296.72451695053746,0.625,1.0,1.0,0.875
297.96104499827914,0.625,1.0,1.0,0.875
299.2027259792148,0.625,1.0,1.0,0.875
300.4495813669533,0.65,1.0,1.0,0.875
301.7016327245916,0.65,1.0,1.0,0.875
302.95890170508375,0.65,1.0,1.0,0.875
304.2214100516172,0.65,1.0,1.0,0.875
305.4891795979909,0.65,1.0,1.0,0.875
306.76223226898907,0.65,1.0,1.0,0.875
308.040590080762,0.65,1.0,1.0,0.875
309.324275141209,0.65,1.0,1.0,0.875
310.6133096503569,0.65,1.0,1.0,0.875
311.90771590074564,0.65,1.0,1.0,0.875
313.20751627781596,0.65,1.0,1.0,0.875
314.51273326029263,0.65,1.0,1.0,0.875
315.8233894205751,0.65,1.0,1.0,0.875
317.13950742512975,0.65,1.0,1.0,0.875
318.4611100348781,0.65,1.0,1.0,0.875
319.7882201055924,0.65,1.0,1.0,0.875
321.12086058829266,0.65,1.0,1.0,0.875
322.4590545296398,0.65,1.0,1.0,0.875
323.80282507233625,0.65,1.0,1.0,0.875
325.15219545552804,0.65,1.0,1.0,0.875
326.5071890152027,0.65,1.0,1.0,0.875
327.8678291845949,0.65,1.0,1.0,0.875
329.23413949459365,0.65,1.0,1.0,0.9
330.60614357414545,0.65,1.0,1.0,0.9
331.9838651506645,0.65,1.0,1.0,0.9
333.3673280504454,0.65,1.0,1.0,0.9
334.7565561990712,0.65,1.0,1.0,0.9
336.15157362182896,0.65,1.0,1.0,0.9
337.55240444412726,0.65,1.0,1.0,0.9
338.9590728919097,0.65,1.0,1.0,0.9
340.3716032920756,0.65,1.0,1.0,0.9
341.7900200729027,0.65,1.0,1.0,0.9
343.2143477644658,0.675,1.0,1.0,0.925
344.6446109990628,0.675,1.0,1.0,0.925
346.08083451164305,0.675,1.0,1.0,0.925
347.52304314023047,0.675,1.0,1.0,0.925
348.9712618263556,0.675,1.0,1.0,0.925
350.425515615489,0.675,1.0,1.0,0.925
351.88582965746997,0.675,1.0,1.0,0.925
353.3522292069438,0.675,1.0,1.0,0.925
354.8247396238005,0.675,1.0,1.0,0.925
356.3033863736092,0.675,1.0,1.0,0.925
357.7881950280614,0.675,1.0,1.0,0.925
359.2791912654118,0.675,1.0,1.0,0.925
360.77640087092504,0.675,1.0,1.0,0.925
362.2798497373177,0.675,1.0,1.0,0.925
363.7895638652079,0.675,1.0,1.0,0.925
365.3055693635673,0.675,1.0,1.0,0.925
366.8278924501682,0.675,1.0,1.0,0.925
368.3565594520391,0.675,1.0,1.0,0.925
369.8915968059225,0.675,1.0,1.0,0.925
371.4330310587272,0.675,1.0,1.0,0.925
372.9808888679899,0.675,1.0,1.0,0.925
374.5351970023386,0.675,1.0,1.0,0.925
376.09598234195056,0.675,1.0,1.0,0.925
377.66327187902,0.675,1.0,1.0,0.925
379.2370927182267,0.675,1.0,1.0,0.925
380.81747207720053,0.675,1.0,1.0,0.925
382.4044372869941,0.675,1.0,1.0,0.925
383.99801579255814,0.675,1.0,1.0,0.925
385.59823515321114,0.675,1.0,1.0,0.925
387.2051230431184,0.675,1.0,1.0,0.925
388.8187072517731,0.675,1.0,1.0,0.925
390.4390156844721,0.675,1.0,1.0,0.925
392.0660763628007,0.675,1.0,1.0,0.925
393.69991742511996,0.675,1.0,1.0,0.925
395.34056712704836,0.675,1.0,1.0,0.925
396.9880538419529,0.675,1.0,1.0,0.925
398.642406061442,0.675,1.0,1.0,0.925
400.3036523958538,0.675,1.0,1.0,0.925
401.9718215747531,0.675,1.0,1.0,0.925
403.64694244743066,0.7,1.0,1.0,0.925
405.3290439833972,0.7,1.0,1.0,0.925
407.01815527288693,0.7,1.0,1.0,0.925
408.7143055273632,0.7,1.0,1.0,0.925
410.41752408001855,0.7,1.0,1.0,0.925
412.1278403862845,0.7,1.0,1.0,0.925
413.8452840243436,0.7,1.0,1.0,0.925
415.5698846956357,0.7,1.0,1.0,0.925
417.3016722253744,0.7,1.0,1.0,0.925
419.0406765630652,0.7,1.0,1.0,0.925
420.7869277830183,0.7,1.0,1.0,0.925
422.54045608487155,0.7,1.0,1.0,0.925
424.301291794115,0.7,1.0,1.0,0.925
426.06946536261023,0.7,1.0,1.0,0.925
427.8450073691197,0.7,1.0,1.0,0.925
429.6279485198381,0.7,1.0,1.0,0.925
431.4183196489183,0.7,1.0,1.0,0.925
433.21615171900686,0.7,1.0,1.0,0.925
435.02147582178253,0.7,1.0,1.0,0.925
436.83432317848843,0.7,1.0,1.0,0.925
438.65472514047474,0.7,1.0,1.0,0.925
440.4827131897435,0.7,1.0,1.0,0.925
442.31831893948765,0.7,1.0,1.0,0.925
444.1615741346407,0.7,1.0,1.0,0.95
446.01251065242815,0.7,1.0,1.0,0.95
447.87116050291337,0.7,1.0,1.0,0.95
449.7375558295541,0.7,1.0,1.0,0.95
451.61172890976076,0.7,1.0,1.0,0.95
453.49371215544966,0.7,1.0,1.0,0.95
455.38353811360565,0.7,1.0,1.0,0.95
457.2812394668484,0.7,1.0,1.0,0.95
459.1868490339914,0.7,1.0,1.0,0.95
461.10039977061297,0.7,1.0,1.0,0.95
463.0219247696285,0.7,1.0,1.0,0.95
464.9514572618574,0.7,1.0,1.0,0.95
466.8890306166005,0.7,1.0,1.0,0.95
468.83467834222,0.7,1.0,1.0,0.95
470.78843408671327,0.725,1.0,1.0,0.95
472.7503316382977,0.725,1.0,1.0,0.95
474.7204049259977,0.725,1.0,1.0,0.95
476.6986880202259,0.725,1.0,1.0,0.95
478.68521513337527,0.725,1.0,1.0,0.95
480.6800206204135,0.725,1.0,1.0,0.95
482.6831389794713,0.725,1.0,1.0,0.95
484.69460485244235,0.725,1.0,1.0,0.95
486.7144530255848,0.725,1.0,1.0,0.95
488.7427184301173,0.725,1.0,1.0,0.95
490.7794361428259,0.725,1.0,1.0,0.95
492.8246413866737,0.725,1.0,1.0,0.95
494.87836953140413,0.725,1.0,1.0,0.95
496.94065609415543,0.725,1.0,1.0,0.95
499.011536740078,0.725,1.0,1.0,0.95
501.09104728294506,0.725,1.0,1.0,0.95
503.1792236857753,0.725,1.0,1.0,0.95
505.27610206145755,0.725,1.0,1.0,0.95
507.38171867336945,0.725,1.0,1.0,0.95
509.4961099360075,0.725,1.0,1.0,0.95
511.6193124156198,0.725,1.0,1.0,0.95
513.7513628308327,0.725,1.0,1.0,0.95
515.8922980532883,0.725,1.0,1.0,0.95
518.0421551082857,0.725,1.0,1.0,0.95
520.2009711754148,0.725,1.0,1.0,0.95
522.3687835892025,0.725,1.0,1.0,0.95
524.5456298397617,0.725,1.0,1.0,0.95
526.7315475734329,0.725,1.0,1.0,0.95
528.9265745934388,0.725,1.0,1.0,0.95
531.130748860541,0.725,1.0,1.0,0.95
533.3441084936906,0.725,1.0,1.0,0.95
535.5666917706897,0.725,1.0,1.0,0.95
537.7985371288576,0.725,1.0,1.0,0.95
540.0396831656885,0.725,1.0,1.0,0.95
542.2901686395226,0.725,1.0,1.0,0.95
544.5500324702188,0.725,1.0,1.0,0.95
546.8193137398225,0.725,1.0,1.0,0.95
549.098051693244,0.725,1.0,1.0,0.95
551.3862857389403,0.725,1.0,1.0,0.95
553.6840554495907,0.725,1.0,1.0,0.95
555.9914005627838,0.725,1.0,1.0,0.95
558.308360981709,0.725,1.0,1.0,0.95
560.6349767758385,0.725,1.0,1.0,0.95
562.9712881816249,0.725,1.0,1.0,0.95
565.3173356031997,0.725,1.0,1.0,0.95
567.6731596130656,0.725,1.0,1.0,0.95
570.0388009528016,0.725,1.0,1.0,0.95
572.4143005337704,0.725,1.0,1.0,0.95
574.79969943782,0.725,1.0,1.0,0.95
577.1950389179967,0.725,1.0,1.0,0.95
579.600360399263,0.725,1.0,1.0,0.95
582.0157054792057,0.725,1.0,1.0,0.95
584.4411159287614,0.725,1.0,1.0,0.95
586.8766336929356,0.725,1.0,1.0,0.95
589.3223008915328,0.725,1.0,1.0,0.95
591.7781598198785,0.725,1.0,1.0,0.95
594.2442529495536,0.725,1.0,1.0,0.95
596.7206229291327,0.725,1.0,1.0,0.95
599.2073125849146,0.725,1.0,1.0,0.95
601.7043649216661,0.725,1.0,1.0,0.95
604.21182312337,0.725,1.0,1.0,0.95
606.729730553964,0.725,1.0,1.0,0.95
609.2581307580948,0.725,1.0,1.0,0.95
611.7970674618747,0.725,1.0,1.0,0.95
614.3465845736299,0.725,1.0,1.0,0.95
616.9067261846646,0.725,1.0,1.0,0.95
619.4775365700262,0.725,1.0,1.0,0.95
622.0590601892641,0.725,1.0,1.0,0.95
624.6513416872021,0.725,1.0,1.0,0.95
627.2544258947146,0.725,1.0,1.0,0.95
629.8683578294937,0.725,1.0,1.0,0.95
632.4931826968323,0.725,1.0,1.0,0.95
635.1289458904089,0.725,1.0,1.0,0.95
637.7756929930658,0.725,1.0,1.0,0.95
640.4334697776006,0.725,1.0,1.0,0.95
643.1023222075619,0.725,1.0,1.0,0.95
645.7822964380365,0.725,1.0,1.0,0.95
648.4734388164513,0.725,1.0,1.0,0.95
651.1757958833792,0.725,1.0,1.0,0.95
653.8894143733355,0.725,1.0,1.0,0.95
656.6143412155903,0.725,1.0,1.0,0.95
659.3506235349844,0.725,1.0,1.0,0.95
662.0983086527359,0.725,1.0,1.0,0.95
664.8574440872626,0.725,1.0,1.0,0.95
667.628077555008,0.725,1.0,1.0,0.95
670.4102569712584,0.725,1.0,1.0,0.95
673.2040304509754,0.725,1.0,1.0,0.95
676.0094463096325,0.725,1.0,1.0,0.95
678.8265530640417,0.725,1.0,1.0,0.95
681.6553994331978,0.725,1.0,1.0,0.95
684.4960343391236,0.725,1.0,1.0,0.95
687.3485069077095,0.725,1.0,1.0,0.95
690.2128664695654,0.725,1.0,1.0,0.95
693.0891625608791,0.725,1.0,1.0,0.95
695.9774449242647,0.725,1.0,1.0,0.95
698.8777635096261,0.725,1.0,1.0,0.95
701.790168475026,0.725,1.0,1.0,0.95
704.7147101875445,0.725,1.0,1.0,0.95
707.6514392241542,0.725,1.0,1.0,0.95
710.6004063725994,0.725,1.0,1.0,0.95
713.5616626322661,0.725,1.0,1.0,0.95
716.5352592150676,0.725,1.0,1.0,0.95
719.5212475463352,0.725,1.0,1.0,0.95
722.5196792656982,0.725,1.0,1.0,0.95
725.5306062279817,0.725,1.0,1.0,0.95
728.5540805041079,0.725,1.0,1.0,0.95
731.5901543819875,0.725,1.0,1.0,0.95
734.6388803674287,0.725,1.0,1.0,0.95
737.7003111850489,0.725,1.0,1.0,0.95
740.774499779179,0.725,1.0,1.0,0.95
743.8614993147819,0.725,1.0,1.0,0.95
746.9613631783778,0.725,1.0,1.0,0.95
750.0741449789575,0.725,1.0,1.0,0.95
753.1998985489145,0.725,1.0,1.0,0.95
756.3386779449802,0.725,1.0,1.0,0.95
759.4905374491503,0.725,1.0,1.0,0.95
762.6555315696273,0.725,1.0,1.0,0.95
765.8337150417682,0.725,1.0,1.0,0.95
769.0251428290219,0.725,1.0,1.0,0.95
772.2298701238841,0.725,1.0,1.0,0.95
775.4479523488567,0.725,1.0,1.0,0.95
778.6794451573968,0.725,1.0,1.0,0.95
781.9244044348841,0.725,1.0,1.0,0.95
785.1828862995917,0.725,1.0,1.0,0.95
788.4549471036474,0.725,1.0,1.0,0.95
791.740643434013,0.725,1.0,1.0,0.95
795.0400321134675,0.725,1.0,1.0,0.95
798.3531702015805,0.725,1.0,1.0,0.95
801.6801149957035,0.725,1.0,1.0,0.95
805.0209240319659,0.725,1.0,1.0,0.95
808.3756550862604,0.725,1.0,1.0,0.95
811.7443661752461,0.725,1.0,1.0,0.95
815.1271155573584,0.725,1.0,1.0,0.95
818.5239617338052,0.725,1.0,1.0,0.95
821.9349634495843,0.725,1.0,1.0,0.95
825.360179694504,0.725,1.0,1.0,0.95
828.7996697041938,0.725,1.0,1.0,0.95
832.2534929611328,0.725,1.0,1.0,0.95
835.7217091956848,0.725,1.0,1.0,0.95
839.2043783871197,0.725,1.0,1.0,0.95
842.7015607646574,0.725,1.0,1.0,0.95
846.2133168085131,0.725,1.0,1.0,0.95
849.7397072509337,0.725,1.0,1.0,0.95
853.2807930772533,0.725,1.0,1.0,0.95
856.8366355269528,0.725,1.0,1.0,0.95
860.4072960947087,0.75,1.0,1.0,0.95
863.9928365314618,0.75,1.0,1.0,0.95
867.5933188454902,0.75,1.0,1.0,0.95
871.2088053034716,0.75,1.0,1.0,0.95
874.839358431565,0.75,1.0,1.0,0.95
878.485041016497,0.75,1.0,1.0,0.95
882.1459161066383,0.75,1.0,1.0,0.95
885.8220470130976,0.75,1.0,1.0,0.95
889.5134973108236,0.75,1.0,1.0,0.95
893.2203308396923,0.75,1.0,1.0,0.95
896.9426117056174,0.75,1.0,1.0,0.95
900.6804042816639,0.75,1.0,1.0,0.95
904.4337732091504,0.75,1.0,1.0,0.95
908.202783398773,0.75,1.0,1.0,0.95
911.9875000317328,0.75,1.0,1.0,0.95
915.7879885608523,0.75,1.0,1.0,0.95
919.6043147117132,0.75,1.0,1.0,0.95
923.4365444837979,0.75,1.0,1.0,0.95
927.2847441516205,0.75,1.0,1.0,0.95
931.148980265878,0.75,1.0,1.0,0.95
935.0293196546073,0.75,1.0,1.0,0.95
938.9258294243291,0.75,1.0,1.0,0.95
942.8385769612146,0.75,1.0,1.0,0.95
946.7676299322562,0.75,1.0,1.0,0.95
950.7130562864266,0.75,1.0,1.0,0.95
954.6749242558597,0.75,1.0,1.0,0.95
958.6533023570356,0.75,1.0,1.0,0.95
962.6482593919552,0.75,1.0,1.0,0.95
966.6598644493369,0.75,1.0,1.0,0.95
970.6881869058072,0.75,1.0,1.0,0.95
974.73329642711,0.75,1.0,1.0,0.95
978.7952629692975,0.75,1.0,1.0,0.95
982.8741567799474,0.75,1.0,1.0,0.95
986.9700483993832,0.75,1.0,1.0,0.95
991.0830086618824,0.75,1.0,1.0,0.95
995.2131086969068,0.75,1.0,1.0,0.95
999.3604199303398,0.75,1.0,1.0,0.95
1003.5250140857084,0.75,1.0,1.0,0.95
1007.7069631854304,0.75,1.0,1.0,0.95
1011.9063395520658,0.75,1.0,1.0,0.95
1016.1232158095553,0.75,1.0,1.0,0.95
1020.3576648844823,0.75,1.0,1.0,0.95
1024.6097600073406,0.75,1.0,1.0,0.95
1028.8795747137883,0.75,1.0,1.0,0.95
1033.167182845925,0.75,1.0,1.0,0.95
1037.4726585535768,0.75,1.0,1.0,0.95
1041.7960762955645,0.75,1.0,1.0,0.95
1046.1375108409977,0.75,1.0,1.0,0.95
1050.4970372705754,0.75,1.0,1.0,0.95
1054.8747309778707,0.75,1.0,1.0,0.95
1059.2706676706414,0.75,1.0,1.0,0.95
1063.684923372145,0.75,1.0,1.0,0.95
1068.1175744224417,0.775,1.0,1.0,0.95
1072.5686974797209,0.775,1.0,1.0,0.95
1077.0383695216321,0.775,1.0,1.0,0.95
1081.526667846605,0.775,1.0,1.0,0.95
1086.0336700751914,0.775,1.0,1.0,0.95
1090.5594541514147,0.775,1.0,1.0,0.95
1095.104098344105,0.775,1.0,1.0,0.95
1099.6676812482585,0.775,1.0,1.0,0.95
1104.2502817864042,0.775,1.0,1.0,0.95
1108.8519792099546,0.775,1.0,1.0,0.95
1113.472853100584,0.775,1.0,1.0,0.95
1118.1129833716102,0.775,1.0,1.0,0.95
1122.7724502693643,0.775,1.0,1.0,0.95
1127.4513343745848,0.775,1.0,1.0,0.95
1132.149716603817,0.775,1.0,1.0,0.95
1136.8676782108007,0.8,1.0,1.0,0.95
1141.6053007878804,0.8,1.0,1.0,0.95
1146.3626662674244,0.8,1.0,1.0,0.95
1151.1398569232267,0.8,1.0,1.0,0.95
1155.9369553719387,0.8,1.0,1.0,0.95
1160.754044574503,0.8,1.0,1.0,0.95
1165.5912078375752,0.8,1.0,1.0,0.95
1170.4485288149713,0.8,1.0,1.0,0.95
1175.3260915091216,0.8,1.0,1.0,0.95
1180.2239802725092,0.8,1.0,1.0,0.95
1185.1422798091357,0.8,1.0,1.0,0.95
1190.0810751759939,0.8,1.0,1.0,0.95
1195.0404517845234,0.8,1.0,1.0,0.95
1200.0204954020955,0.8,1.0,1.0,0.95
1205.0212921535044,0.8,1.0,1.0,0.95
1210.0429285224402,0.8,1.0,1.0,0.95
1215.0854913529938,0.825,1.0,1.0,0.95
1220.149067851165,0.825,1.0,1.0,0.95
1225.2337455863565,0.825,1.0,1.0,0.95
1230.3396124928952,0.825,1.0,1.0,0.95
1235.4667568715604,0.825,1.0,1.0,0.95
1240.6152673910965,0.825,1.0,1.0,0.95
1245.7852330897538,0.825,1.0,1.0,0.95
1250.9767433768347,0.825,1.0,1.0,0.95
1256.1898880342271,0.825,1.0,1.0,0.95
1261.4247572179622,0.825,1.0,1.0,0.95
1266.681441459783,0.825,1.0,1.0,0.95
1271.9600316686938,0.825,1.0,1.0,0.95
1277.2606191325406,0.825,1.0,1.0,0.95
1282.5832955195967,0.825,1.0,1.0,0.95
1287.9281528801341,0.825,1.0,1.0,0.95
1293.295283648021,0.825,1.0,1.0,0.95
1298.6847806423305,0.825,1.0,1.0,0.95
1304.096737068928,0.825,1.0,1.0,0.95
1309.5312465220925,0.825,1.0,1.0,0.95
1314.9884029861423,0.825,1.0,1.0,0.95
1320.468300837045,0.825,1.0,1.0,0.95
1325.9710348440574,0.825,1.0,1.0,0.95
1331.496700171372,0.825,1.0,1.0,0.95
1337.0453923797475,0.825,1.0,1.0,0.95
1342.6172074281685,0.825,1.0,1.0,0.95
1348.2122416755149,0.825,1.0,1.0,0.95
1353.8305918822098,0.825,1.0,1.0,0.95
1359.4723552119021,0.825,1.0,1.0,0.95
1365.137629233156,0.825,1.0,1.0,0.95
1370.82651192112,0.825,1.0,1.0,0.975
1376.539101659231,0.825,1.0,1.0,0.975
1382.275497240923,0.825,1.0,1.0,0.975
1388.0357978713203,0.825,1.0,1.0,0.975
1393.8201031689598,0.825,1.0,1.0,0.975
1399.628513167524,0.825,1.0,1.0,0.975
1405.4611283175527,0.825,1.0,1.0,0.975
1411.3180494881892,0.825,1.0,1.0,0.975
1417.1993779689333,0.825,1.0,1.0,0.975
1423.105215471376,0.825,1.0,1.0,0.975
1429.0356641309666,0.825,1.0,1.0,0.975
1434.9908265087881,0.825,1.0,1.0,0.975
1440.9708055933136,0.825,1.0,1.0,0.975
1446.9757048021957,0.85,1.0,1.0,0.975
1453.005627984064,0.85,1.0,1.0,0.975
1459.0606794203034,0.85,1.0,1.0,0.975
1465.1409638268667,0.85,1.0,1.0,0.975
1471.2465863560938,0.85,1.0,1.0,0.975
1477.3776525985127,0.85,1.0,1.0,0.975
1483.534268584675,0.85,1.0,1.0,0.975
1489.7165407869975,0.85,1.0,1.0,0.975
1495.9245761215866,0.85,1.0,1.0,0.975
1502.1584819500958,0.85,1.0,1.0,0.975
1508.4183660815916,0.85,1.0,1.0,0.975
1514.704336774399,0.85,1.0,1.0,0.975
1521.0165027379849,0.85,1.0,1.0,0.975
1527.3549731348446,0.85,1.0,1.0,0.975
1533.7198575823734,0.85,1.0,1.0,0.975
1540.1112661547706,0.85,1.0,1.0,0.975
1546.5293093849523,0.85,1.0,1.0,0.975
1552.9740982664448,0.85,1.0,1.0,0.975
1559.4457442553132,0.85,1.0,1.0,0.975
1565.9443592720986,0.85,1.0,1.0,0.975
1572.4700557037338,0.85,1.0,1.0,0.975
1579.022946405498,0.85,1.0,1.0,0.975
1585.6031447029768,0.85,1.0,1.0,0.975
1592.2107643940033,0.85,1.0,1.0,0.975
1598.8459197506386,0.85,1.0,1.0,0.975
1605.5087255211427,0.85,1.0,1.0,0.975
1612.1992969319701,0.85,1.0,1.0,0.975
1618.9177496897453,0.85,1.0,1.0,0.975
1625.6641999832711,0.85,1.0,1.0,0.975
1632.4387644855497,0.85,1.0,1.0,0.975
1639.2415603557797,0.85,1.0,1.0,0.975
1646.0727052413934,0.85,1.0,1.0,0.975
1652.932317280099,0.85,1.0,1.0,0.975
1659.8205151019063,0.85,1.0,1.0,0.975
1666.7374178311866,0.85,1.0,1.0,0.975
1673.6831450887437,0.85,1.0,1.0,0.975
1680.657816993862,0.85,1.0,1.0,0.975
1687.6615541663946,0.85,1.0,1.0,0.975
1694.6944777288581,0.85,1.0,1.0,0.975
1701.7567093085088,0.85,1.0,1.0,0.975
1708.8483710394546,0.85,1.0,1.0,0.975
1715.969585564779,0.85,1.0,1.0,0.975
1723.1204760386397,0.85,1.0,1.0,0.975
1730.3011661284104,0.85,1.0,1.0,0.975
1737.5117800168293,0.85,1.0,1.0,0.975
1744.7524424041255,0.85,1.0,1.0,0.975
1752.0232785101864,0.85,1.0,1.0,0.975
1759.324414076734,0.85,1.0,1.0,0.975
1766.6559753694776,0.85,1.0,1.0,0.975
1774.0180891803086,0.85,1.0,1.0,0.975
1781.4108828295043,0.85,1.0,1.0,0.975
1788.8344841679072,0.85,1.0,1.0,0.975
1796.2890215791479,0.85,1.0,1.0,0.975
1803.7746239818753,0.85,1.0,1.0,0.975
1811.2914208319653,0.85,1.0,1.0,0.975
1818.8395421247699,0.85,1.0,1.0,0.975
1826.4191183973765,0.85,1.0,1.0,0.975
1834.030280730843,0.85,1.0,1.0,0.975
1841.6731607524766,0.85,1.0,1.0,0.975
1849.3478906381206,0.85,1.0,1.0,0.975
1857.0546031144177,0.85,1.0,1.0,0.975
1864.7934314611177,0.85,1.0,1.0,0.975
1872.5645095133923,0.85,1.0,1.0,0.975
1880.3679716641284,0.85,1.0,1.0,0.975
1888.2039528662624,0.85,1.0,1.0,0.975
1896.0725886351263,0.85,1.0,1.0,0.975
1903.9740150507682,0.85,1.0,1.0,0.975
1911.9083687603165,0.85,1.0,1.0,0.975
1919.8757869803562,0.85,1.0,1.0,0.975
1927.8764074992773,0.85,1.0,1.0,0.975
1935.910368679669,0.85,1.0,1.0,0.975
1943.9778094607266,0.85,1.0,1.0,0.975
1952.0788693606282,0.85,1.0,1.0,0.975
1960.2136884789604,0.85,1.0,1.0,0.975
1968.3824074991533,0.85,1.0,1.0,0.975
1976.5851676908894,0.85,1.0,1.0,0.975
1984.8221109125586,0.85,1.0,1.0,0.975
1993.0933796137235,0.85,1.0,1.0,0.975
2001.399116837559,0.85,1.0,1.0,0.975
2009.7394662233376,0.85,1.0,1.0,0.975
2018.1145720089266,0.85,1.0,1.0,0.975
2026.5245790332576,0.85,1.0,1.0,0.975
2034.9696327388435,0.85,1.0,1.0,0.975
2043.4498791743063,0.85,1.0,1.0,0.975
2051.965464996878,0.85,1.0,1.0,0.975
2060.516537474949,0.85,1.0,1.0,0.975
2069.1032444906286,0.85,1.0,1.0,0.975
2077.7257345422763,0.85,1.0,1.0,0.975
2086.3841567470827,0.85,1.0,1.0,0.975
2095.078660843661,0.85,1.0,1.0,0.975
2103.8093971946114,0.85,1.0,1.0,0.975
2112.5765167891345,0.85,1.0,1.0,0.975
2121.380171245654,0.85,1.0,1.0,0.975
2130.2205128144146,0.85,1.0,1.0,0.975
2139.097694380128,0.85,1.0,1.0,0.975
2148.011869464627,0.85,1.0,1.0,0.975
2156.9631922294993,0.85,1.0,1.0,0.975
2165.951817478762,0.85,1.0,1.0,0.975
2174.977900661555,0.85,1.0,1.0,0.975
2184.041597874801,0.85,1.0,1.0,0.975
2193.1430658659197,0.85,1.0,1.0,0.975
2202.282462035551,0.85,1.0,1.0,0.975
2211.4599444402506,0.85,1.0,1.0,0.975
2220.6756717952376,0.85,1.0,1.0,0.975
2229.929803477151,0.85,1.0,1.0,0.975
2239.2224995267807,0.85,1.0,1.0,0.975
2248.5539206518483,0.85,1.0,1.0,0.975
2257.9242282297996,0.85,1.0,1.0,0.975
2267.3335843105683,0.85,1.0,1.0,0.975
2276.782151619392,0.85,1.0,1.0,0.975
2286.270093559641,0.85,1.0,1.0,0.975
2295.797574215615,0.85,1.0,1.0,0.975
2305.3647583553966,0.875,1.0,1.0,0.975
2314.971811433713,0.875,1.0,1.0,0.975
2324.618899594771,0.875,1.0,1.0,0.975
2334.3061896751424,0.875,1.0,1.0,0.975
2344.0338492066653,0.875,1.0,1.0,0.975
2353.802046419311,0.875,1.0,1.0,0.975
2363.6109502441104,0.875,1.0,1.0,0.975
2373.4607303160865,0.875,1.0,1.0,0.975
2383.351556977163,0.875,1.0,1.0,0.975
2393.2836012791204,0.875,1.0,1.0,0.975
2403.2570349865723,0.875,1.0,1.0,0.975
2413.272030579905,0.875,1.0,1.0,0.975
2423.3287612582753,0.875,1.0,1.0,0.975
2433.427400942621,0.875,1.0,1.0,0.975
2443.568124278638,0.875,1.0,1.0,0.975
2453.751106639817,0.875,1.0,1.0,0.975
2463.976524130489,0.9,1.0,1.0,0.975
2474.2445535888446,0.9,1.0,1.0,0.975
2484.555372590003,0.9,1.0,1.0,0.975
2494.909159449102,0.9,1.0,1.0,0.975
2505.3060932243475,0.9,1.0,1.0,0.975
2515.746353720129,0.9,1.0,1.0,0.975
2526.230121490142,0.9,1.0,1.0,0.975
2536.757577840482,0.9,1.0,1.0,0.975
2547.3289048327924,0.9,1.0,1.0,0.975
2557.9442852874313,0.9,1.0,1.0,0.975
2568.6039027866004,0.9,1.0,1.0,0.975
2579.3079416775367,0.9,1.0,1.0,0.975
2590.0565870757155,0.9,1.0,1.0,0.975
2600.85002486802,0.925,1.0,1.0,0.975
2611.6884417159727,0.925,1.0,1.0,0.975
2622.5720250589793,0.925,1.0,1.0,0.975
2633.500963117538,0.925,1.0,1.0,0.975
2644.4754448965155,0.925,1.0,1.0,0.975
2655.495660188406,0.925,1.0,1.0,0.975
2666.5617995766343,0.925,1.0,1.0,0.975
2677.674054438819,0.925,1.0,1.0,0.975
2688.8326169500997,0.925,1.0,1.0,0.975
2700.037680086476,0.925,1.0,1.0,0.975
2711.2894376281115,0.925,1.0,1.0,0.975
2722.588084162702,0.925,1.0,1.0,0.975
2733.9338150888584,0.925,1.0,1.0,0.975
2745.3268266194505,0.925,1.0,1.0,0.975
2756.767315785018,0.925,1.0,1.0,0.975
2768.255480437196,0.925,1.0,1.0,0.975
2779.791519252101,0.925,1.0,1.0,0.975
2791.3756317337834,0.925,1.0,1.0,0.975
2803.008018217698,0.925,1.0,1.0,0.975
2814.6888798741306,0.925,1.0,1.0,0.975
2826.4184187116966,0.95,1.0,1.0,0.975
2838.19683758085,0.95,1.0,1.0,0.975
2850.0243401773596,0.95,1.0,1.0,0.975
2861.901131045846,0.95,1.0,1.0,0.975
2873.8274155833374,0.95,1.0,1.0,0.975
2885.803400042789,0.95,1.0,1.0,0.975
2897.829291536663,0.975,1.0,1.0,0.975
2909.9052980405336,0.975,1.0,1.0,0.975
2922.031628396643,0.975,1.0,1.0,0.975
2934.208492317535,0.975,1.0,1.0,0.975
2946.4361003896956,0.975,1.0,1.0,0.975
2958.7146640771643,0.975,1.0,1.0,0.975
2971.0443957252037,0.975,1.0,1.0,0.975
2983.4255085639934,0.975,1.0,1.0,0.975
2995.85821671228,0.975,1.0,1.0,0.975
3008.3427351810988,0.975,1.0,1.0,0.975
3020.87927987751,0.975,1.0,1.0,0.975
3033.4680676082958,0.975,1.0,1.0,0.975
3046.1093160837286,0.975,1.0,1.0,0.975
3058.8032439213557,0.975,1.0,1.0,0.975
3071.5500706497396,0.975,1.0,1.0,0.975
3084.350016712278,0.975,1.0,1.0,0.975
3097.2033034710294,0.975,1.0,1.0,0.975
3110.1101532105085,0.975,1.0,1.0,0.975
3123.070789141547,0.975,1.0,1.0,0.975
3136.0854354051717,0.975,1.0,1.0,0.975
3149.1543170764467,0.975,1.0,1.0,0.975
3162.2776601683795,0.975,1.0,1.0,0.975
