tau,QOCO,QOCO-GPU,CuClarabel,Mosek
1.0,0.125,0.6,0.225,0.05
1.0016648244735207,0.125,0.6,0.225,0.05
1.0033324205875689,0.125,0.625,0.25,0.05
1.0050027929564398,0.125,0.625,0.275,0.05
1.0066759462021102,0.125,0.625,0.275,0.05
1.008351884954252,0.125,0.625,0.275,0.05
1.0100306138502446,0.125,0.625,0.275,0.05
1.0117121375351876,0.125,0.625,0.275,0.05
1.0133964606619141,0.125,0.625,0.275,0.05
1.0150835878910032,0.125,0.625,0.275,0.05
1.0167735238907933,0.125,0.625,0.275,0.05
1.0184662733373946,0.125,0.625,0.275,0.05
1.020161840914702,0.125,0.625,0.3,0.05
1.0218602313144087,0.125,0.625,0.3,0.05
1.0235614492360183,0.125,0.625,0.3,0.05
1.0252654993868586,0.125,0.65,0.3,0.05
1.0269723864820943,0.125,0.65,0.3,0.05
1.0286821152447396,0.125,0.65,0.3,0.05
1.030394690405672,0.125,0.65,0.3,0.05
1.032110116703645,0.125,0.65,0.3,0.05
1.0338283988853016,0.125,0.65,0.3,0.05
1.0355495417051865,0.125,0.65,0.3,0.05
1.0372735499257604,0.125,0.675,0.35,0.05
1.0390004283174124,0.125,0.675,0.35,0.05
1.0407301816584738,0.125,0.675,0.35,0.05
1.0424628147352304,0.125,0.675,0.375,0.05
1.0441983323419368,0.125,0.675,0.4,0.05
1.045936739280829,0.125,0.675,0.425,0.05
1.0476780403621382,0.125,0.675,0.475,0.05
1.0494222404041031,0.125,0.675,0.475,0.05
1.0511693442329848,0.125,0.675,0.475,0.05
1.0529193566830786,0.125,0.675,0.475,0.05
1.054672282596728,0.125,0.7,0.475,0.05
1.056428126824339,0.125,0.7,0.5,0.05
1.0581868942243917,0.125,0.7,0.5,0.05
1.0599485896634553,0.125,0.725,0.5,0.05
1.0617132180162008,0.125,0.725,0.5,0.05
1.0634807841654144,0.125,0.725,0.525,0.05
1.065251293002012,0.125,0.725,0.525,0.05
1.067024749425051,0.125,0.725,0.525,0.05
1.0688011583417463,0.125,0.725,0.55,0.05
1.0705805246674809,0.125,0.725,0.55,0.05
1.0723628533258218,0.125,0.725,0.55,0.05
1.074148149248533,0.125,0.75,0.55,0.05
1.075936417375589,0.125,0.75,0.55,0.05
1.077727662655188,0.125,0.75,0.55,0.05
1.0795218900437664,0.125,0.75,0.55,0.05
1.0813191045060127,0.125,0.75,0.55,0.05
1.0831193110148796,0.125,0.75,0.55,0.05
1.0849225145516,0.125,0.75,0.55,0.05
1.086728720105699,0.125,0.75,0.55,0.05
1.0885379326750089,0.125,0.775,0.55,0.05
1.0903501572656817,0.125,0.775,0.55,0.05
1.0921653988922047,0.125,0.775,0.55,0.05
1.0939836625774129,0.125,0.775,0.55,0.05
1.0958049533525036,0.125,0.775,0.55,0.05
1.0976292762570499,0.125,0.8,0.575,0.05
1.0994566363390155,0.125,0.8,0.6,0.05
1.1012870386547673,0.125,0.8,0.6,0.05
1.1031204882690908,0.125,0.8,0.6,0.05
1.1049569902552032,0.125,0.8,0.6,0.05
1.1067965496947678,0.125,0.8,0.6,0.05
1.1086391716779078,0.125,0.8,0.6,0.05
1.110484861303221,0.125,0.8,0.6,0.05
1.1123336236777928,0.125,0.825,0.625,0.05
1.1141854639172113,0.125,0.825,0.625,0.05
1.1160403871455817,0.125,0.825,0.625,0.05
1.117898398495539,0.125,0.825,0.625,0.05
1.119759503108264,0.125,0.825,0.625,0.05
1.121623706133496,0.125,0.825,0.625,0.05
1.1234910127295479,0.125,0.825,0.625,0.05
1.1253614280633206,0.125,0.825,0.625,0.05
1.1272349573103166,0.125,0.825,0.625,0.05
1.1291116056546548,0.125,0.825,0.625,0.05
1.1309913782890848,0.125,0.825,0.625,0.05
1.1328742804150014,0.125,0.85,0.625,0.05
1.1347603172424583,0.125,0.85,0.625,0.05
1.1366494939901837,0.125,0.85,0.625,0.05
1.1385418158855933,0.125,0.85,0.625,0.075
1.1404372881648064,0.125,0.85,0.625,0.075
1.1423359160726585,0.125,0.85,0.625,0.075
1.144237704862718,0.125,0.85,0.625,0.075
1.1461426597972986,0.125,0.85,0.625,0.075
1.1480507861474751,0.125,0.85,0.625,0.075
1.149962089193098,0.125,0.85,0.625,0.075
1.1518765742228076,0.125,0.85,0.625,0.075
1.153794246534049,0.125,0.85,0.625,0.075
1.1557151114330861,0.125,0.85,0.625,0.075
1.1576391742350174,0.125,0.85,0.625,0.075
1.1595664402637902,0.125,0.85,0.625,0.075
1.1614969148522145,0.125,0.85,0.625,0.075
1.1634306033419792,0.125,0.85,0.625,0.075
1.1653675110836659,0.125,0.85,0.625,0.075
1.1673076434367637,0.125,0.85,0.625,0.1
1.169251005769685,0.125,0.85,0.625,0.1
1.171197603459779,0.125,0.85,0.625,0.1
1.1731474418933476,0.125,0.85,0.625,0.1
1.1751005264656598,0.125,0.85,0.625,0.1
1.1770568625809668,0.125,0.85,0.625,0.1
1.179016455652517,0.125,0.85,0.625,0.1
1.1809793111025708,0.125,0.85,0.625,0.1
1.182945434362416,0.125,0.85,0.625,0.1
1.184914830872382,0.125,0.85,0.625,0.1
1.186887506081856,0.125,0.85,0.625,0.1
1.1888634654492969,0.125,0.85,0.625,0.1
1.1908427144422515,0.125,0.85,0.625,0.1
1.1928252585373686,0.125,0.85,0.625,0.1
1.1948111032204152,0.125,0.85,0.625,0.1
1.1968002539862908,0.125,0.85,0.625,0.1
1.1987927163390428,0.125,0.85,0.625,0.1
1.2007884957918824,0.125,0.85,0.625,0.1
1.202787597867199,0.125,0.85,0.625,0.1
1.2047900280965753,0.125,0.85,0.625,0.1
1.2067957920208041,0.125,0.85,0.625,0.1
1.208804895189902,0.125,0.85,0.625,0.1
1.2108173431631257,0.125,0.85,0.625,0.1
1.2128331415089868,0.125,0.85,0.625,0.1
1.214852295805268,0.125,0.85,0.625,0.1
1.2168748116390373,0.125,0.85,0.625,0.125
1.218900694606665,0.125,0.85,0.625,0.125
1.2209299503138373,0.125,0.85,0.625,0.125
1.222962584375574,0.125,0.85,0.625,0.125
1.2249986024162427,0.125,0.85,0.625,0.125
1.2270380100695737,0.125,0.85,0.65,0.125
1.2290808129786777,0.125,0.85,0.65,0.125
1.2311270167960593,0.125,0.85,0.65,0.125
1.2331766271836337,0.125,0.85,0.65,0.125
1.2352296498127426,0.125,0.85,0.65,0.125
1.2372860903641694,0.125,0.85,0.65,0.125
1.2393459545281542,0.125,0.85,0.65,0.125
1.2414092480044114,0.125,0.85,0.65,0.125
1.2434759765021441,0.125,0.85,0.65,0.125
1.2455461457400598,0.125,0.85,0.65,0.125
1.2476197614463873,0.125,0.85,0.65,0.125
1.2496968293588913,0.125,0.85,0.65,0.125
1.251777355224889,0.125,0.85,0.65,0.125
1.2538613448012663,0.125,0.85,0.65,0.125
1.255948803854493,0.125,0.85,0.65,0.125
1.258039738160639,0.125,0.85,0.65,0.125
1.2601341535053903,0.125,0.85,0.65,0.125
1.2622320556840652,0.125,0.85,0.65,0.125
1.2643334505016304,0.125,0.85,0.65,0.125
1.2664383437727162,0.125,0.85,0.65,0.125
1.268546741321634,0.125,0.85,0.65,0.125
1.2706586489823912,0.125,0.85,0.65,0.125
1.2727740725987078,0.125,0.85,0.65,0.125
1.2748930180240325,0.125,0.85,0.65,0.125
1.2770154911215597,0.125,0.85,0.65,0.125
1.2791414977642437,0.125,0.85,0.65,0.125
1.2812710438348176,0.125,0.85,0.65,0.125
1.283404135225807,0.125,0.85,0.65,0.125
1.2855407778395487,0.125,0.85,0.65,0.125
1.2876809775882045,0.125,0.85,0.65,0.125
1.2898247403937804,0.125,0.85,0.65,0.125
1.2919720721881405,0.125,0.85,0.65,0.125
1.2941229789130244,0.125,0.85,0.675,0.125
1.2962774665200643,0.125,0.85,0.675,0.125
1.2984355409708002,0.125,0.85,0.675,0.125
1.3005972082366974,0.125,0.85,0.675,0.125
1.3027624742991626,0.125,0.85,0.675,0.125
1.30493134514956,0.125,0.85,0.675,0.125
1.3071038267892292,0.125,0.85,0.675,0.125
1.3092799252295004,0.125,0.85,0.675,0.125
1.3114596464917119,0.125,0.85,0.675,0.125
1.3136429966072258,0.125,0.85,0.675,0.125
1.3158299816174466,0.125,0.85,0.675,0.125
1.3180206075738357,0.125,0.85,0.675,0.125
1.320214880537929,0.125,0.85,0.675,0.125
1.3224128065813547,0.125,0.85,0.675,0.125
1.3246143917858484,0.125,0.85,0.675,0.125
1.3268196422432712,0.125,0.85,0.7,0.125
1.3290285640556256,0.125,0.85,0.7,0.125
1.3312411633350736,0.125,0.85,0.7,0.125
1.333457446203952,0.125,0.85,0.7,0.125
1.3356774187947906,0.125,0.85,0.7,0.125
1.337901087250329,0.125,0.85,0.7,0.125
1.340128457723533,0.125,0.85,0.7,0.125
1.3423595363776128,0.125,0.85,0.7,0.15
1.344594329386038,0.125,0.85,0.7,0.15
1.346832842932557,0.125,0.85,0.75,0.15
1.3490750832112126,0.125,0.85,0.75,0.15
1.3513210564263594,0.125,0.85,0.75,0.15
1.353570768792682,0.125,0.85,0.75,0.15
1.35582422653521,0.125,0.85,0.75,0.15
1.358081435889338,0.125,0.85,0.75,0.15
1.3603424031008406,0.125,0.85,0.75,0.15
1.3626071344258908,0.125,0.85,0.75,0.15
1.364875636131077,0.125,0.85,0.75,0.15
1.36714791449342,0.125,0.85,0.75,0.15
1.3694239758003912,0.125,0.85,0.75,0.15
1.3717038263499297,0.125,0.85,0.75,0.15
1.373987472450459,0.125,0.85,0.75,0.15
1.3762749204209053,0.125,0.85,0.75,0.15
1.3785661765907147,0.125,0.85,0.75,0.15
1.3808612472998707,0.125,0.85,0.75,0.15
1.3831601388989119,0.125,0.85,0.75,0.15
1.385462857748949,0.125,0.85,0.75,0.15
1.3877694102216833,0.125,0.85,0.75,0.175
1.3900798026994237,0.125,0.85,0.75,0.175
1.3923940415751044,0.125,0.85,0.75,0.175
1.394712133252303,0.125,0.85,0.75,0.175
1.3970340841452575,0.125,0.85,0.75,0.175
1.399359900678885,0.125,0.85,0.75,0.175
1.4016895892887986,0.125,0.85,0.75,0.175
1.4040231564213257,0.125,0.85,0.75,0.175
1.4063606085335256,0.125,0.85,0.75,0.175
1.4087019520932076,0.125,0.85,0.75,0.175
1.4110471935789488,0.125,0.85,0.75,0.175
1.4133963394801117,0.125,0.85,0.75,0.175
1.4157493962968626,0.125,0.85,0.75,0.175
1.4181063705401895,0.125,0.85,0.75,0.175
1.4204672687319204,0.125,0.85,0.75,0.175
1.4228320974047404,0.125,0.85,0.75,0.175
1.4252008631022106,0.125,0.85,0.75,0.175
1.427573572378786,0.125,0.85,0.75,0.175
1.4299502317998334,0.125,0.85,0.75,0.175
1.43233084794165,0.125,0.85,0.75,0.175
1.434715427391482,0.125,0.85,0.75,0.175
1.437103976747541,0.125,0.85,0.75,0.175
1.439496502619024,0.125,0.85,0.75,0.175
1.4418930116261317,0.125,0.85,0.75,0.175
1.4442935104000851,0.125,0.85,0.75,0.175
1.4466980055831464,0.125,0.85,0.75,0.175
1.4491065038286346,0.125,0.85,0.75,0.175
1.4515190118009464,0.125,0.85,0.75,0.2
1.4539355361755733,0.125,0.85,0.75,0.2
1.4563560836391196,0.125,0.85,0.75,0.2
1.4587806608893228,0.125,0.85,0.75,0.2
1.46120927463507,0.125,0.85,0.75,0.2
1.4636419315964178,0.125,0.85,0.75,0.2
1.4660786385046105,0.125,0.85,0.75,0.2
1.4685194021020989,0.125,0.85,0.75,0.2
1.4709642291425582,0.125,0.85,0.75,0.2
1.4734131263909083,0.125,0.85,0.75,0.2
1.4758661006233305,0.125,0.85,0.75,0.2
1.4783231586272876,0.125,0.85,0.75,0.2
1.4807843072015427,0.125,0.85,0.75,0.2
1.4832495531561771,0.125,0.85,0.75,0.2
1.4857189033126101,0.125,0.85,0.75,0.2
1.4881923645036172,0.125,0.85,0.75,0.2
1.4906699435733493,0.125,0.85,0.75,0.2
1.4931516473773518,0.125,0.85,0.75,0.2
1.4956374827825833,0.125,0.85,0.75,0.2
1.4981274566674345,0.125,0.85,0.75,0.2
1.5006215759217476,0.125,0.85,0.75,0.2
1.5031198474468352,0.125,0.85,0.75,0.2
1.5056222781554995,0.125,0.85,0.75,0.2
1.5081288749720507,0.125,0.85,0.75,0.2
1.5106396448323274,0.125,0.85,0.75,0.2
1.5131545946837146,0.125,0.85,0.75,0.2
1.5156737314851643,0.125,0.85,0.75,0.2
1.5181970622072132,0.125,0.85,0.75,0.2
1.5207245938320029,0.125,0.85,0.75,0.2
1.5232563333532991,0.125,0.85,0.75,0.2
1.525792287776511,0.125,0.85,0.75,0.2
1.5283324641187104,0.125,0.85,0.75,0.2
1.5308768694086514,0.125,0.85,0.75,0.2
1.5334255106867896,0.125,0.85,0.75,0.2
1.5359783950053019,0.125,0.85,0.75,0.2
1.5385355294281056,0.125,0.85,0.75,0.2
1.5410969210308785,0.125,0.85,0.75,0.2
1.543662576901078,0.125,0.85,0.75,0.2
1.546232504137961,0.125,0.85,0.75,0.2
1.548806709852603,0.125,0.85,0.75,0.2
1.5513852011679186,0.125,0.85,0.75,0.2
1.5539679852186807,0.125,0.85,0.75,0.2
1.5565550691515402,0.125,0.85,0.75,0.2
1.5591464601250464,0.125,0.85,0.75,0.2
1.5617421653096657,0.125,0.85,0.75,0.2
1.5643421918878022,0.125,0.85,0.75,0.2
1.566946547053818,0.125,0.85,0.75,0.2
1.5695552380140518,0.125,0.85,0.75,0.2
1.5721682719868402,0.125,0.85,0.75,0.2
1.5747856562025364,0.125,0.85,0.75,0.2
1.5774073979035317,0.125,0.85,0.75,0.2
1.5800335043442741,0.125,0.85,0.75,0.2
1.582663982791289,0.125,0.85,0.75,0.2
1.5852988405231996,0.125,0.85,0.75,0.2
1.5879380848307465,0.125,0.85,0.75,0.2
1.5905817230168082,0.125,0.85,0.75,0.2
1.5932297623964211,0.125,0.85,0.75,0.2
1.5958822102968002,0.125,0.85,0.75,0.2
1.5985390740573586,0.125,0.85,0.75,0.2
1.6012003610297283,0.125,0.85,0.75,0.2
1.6038660785777807,0.125,0.85,0.75,0.2
1.6065362340776466,0.125,0.85,0.75,0.2
1.6092108349177368,0.125,0.85,0.75,0.2
1.6118898884987625,0.125,0.85,0.75,0.2
1.6145734022337557,0.125,0.85,0.75,0.2
1.6172613835480898,0.125,0.85,0.75,0.2
1.6199538398795006,0.125,0.85,0.75,0.2
1.6226507786781057,0.125,0.85,0.75,0.2
1.6253522074064264,0.125,0.85,0.75,0.2
1.6280581335394073,0.125,0.85,0.75,0.2
1.630768564564438,0.125,0.85,0.75,0.2
1.6334835079813732,0.125,0.85,0.75,0.2
1.6362029713025528,0.125,0.85,0.75,0.2
1.6389269620528246,0.125,0.85,0.75,0.2
1.6416554877695628,0.125,0.85,0.75,0.2
1.6443885560026912,0.125,0.85,0.75,0.2
1.6471261743147017,0.125,0.875,0.75,0.2
1.6498683502806772,0.125,0.875,0.75,0.2
1.6526150914883118,0.125,0.875,0.75,0.2
1.655366405537931,0.125,0.875,0.75,0.2
1.6581223000425143,0.125,0.875,0.75,0.2
1.6608827826277155,0.125,0.875,0.75,0.2
1.6636478609318832,0.125,0.875,0.75,0.2
1.6664175426060828,0.125,0.875,0.75,0.2
1.6691918353141175,0.125,0.875,0.75,0.2
1.6719707467325493,0.125,0.875,0.75,0.2
1.6747542845507202,0.125,0.875,0.75,0.2
1.677542456470774,0.125,0.875,0.75,0.2
1.6803352702076764,0.125,0.875,0.75,0.2
1.683132733489238,0.125,0.875,0.75,0.2
1.6859348540561345,0.125,0.875,0.75,0.2
1.6887416396619286,0.125,0.875,0.75,0.2
1.6915530980730913,0.125,0.875,0.75,0.2
1.694369237069023,0.125,0.875,0.75,0.2
1.697190064442076,0.125,0.875,0.75,0.2
1.7000155879975754,0.125,0.875,0.75,0.2
1.7028458155538402,0.125,0.875,0.75,0.2
1.7056807549422064,0.125,0.875,0.75,0.2
1.7085204140070473,0.125,0.875,0.75,0.2
1.711364800605796,0.125,0.875,0.75,0.2
1.7142139226089663,0.125,0.875,0.75,0.2
1.7170677879001754,0.125,0.875,0.75,0.2
1.7199264043761657,0.125,0.875,0.75,0.2
1.7227897799468255,0.125,0.875,0.75,0.2
1.7256579225352122,0.125,0.875,0.75,0.2
1.7285308400775736,0.125,0.875,0.75,0.2
1.73140854052337,0.125,0.875,0.75,0.2
1.734291031835296,0.125,0.875,0.75,0.2
1.7371783219893027,0.125,0.875,0.75,0.2
1.7400704189746201,0.125,0.875,0.75,0.2
1.7429673307937783,0.125,0.875,0.75,0.2
1.7458690654626308,0.125,0.875,0.75,0.2
1.7487756310103755,0.125,0.875,0.75,0.2
1.751687035479578,0.125,0.875,0.75,0.2
1.7546032869261932,0.125,0.875,0.75,0.2
1.7575243934195877,0.125,0.875,0.75,0.2
1.760450363042562,0.125,0.875,0.75,0.2
1.7633812038913736,0.125,0.875,0.75,0.2
1.7663169240757584,0.125,0.875,0.75,0.2
1.7692575317189534,0.125,0.875,0.75,0.2
1.7722030349577198,0.125,0.875,0.75,0.2
1.7751534419423651,0.125,0.875,0.75,0.2
1.7781087608367652,0.125,0.875,0.75,0.2
1.7810689998183875,0.125,0.875,0.75,0.2
1.7840341670783144,0.125,0.875,0.775,0.2
1.7870042708212632,0.125,0.875,0.775,0.2
1.7899793192656124,0.125,0.875,0.775,0.2
1.7929593206434216,0.125,0.875,0.775,0.2
1.7959442832004555,0.125,0.875,0.775,0.2
1.7989342151962073,0.125,0.875,0.775,0.2
1.8019291249039195,0.125,0.875,0.775,0.2
1.8049290206106092,0.125,0.875,0.775,0.2
1.8079339106170893,0.125,0.875,0.775,0.2
1.8109438032379928,0.125,0.875,0.775,0.2
1.8139587068017937,0.125,0.875,0.775,0.2
1.8169786296508332,0.125,0.875,0.775,0.2
1.82000358014134,0.125,0.875,0.775,0.2
1.8230335666434545,0.125,0.875,0.775,0.2
1.826068597541252,0.15,0.875,0.775,0.2
1.8291086812327664,0.15,0.875,0.775,0.2
1.8321538261300117,0.15,0.875,0.775,0.2
1.8352040406590076,0.15,0.875,0.775,0.2
1.8382593332598005,0.15,0.875,0.775,0.2
1.8413197123864893,0.15,0.875,0.775,0.2
1.8443851865072463,0.15,0.875,0.775,0.2
1.8474557641043425,0.15,0.875,0.775,0.2
1.8505314536741702,0.15,0.875,0.775,0.2
1.8536122637272667,0.15,0.875,0.775,0.2
1.8566982027883376,0.15,0.875,0.8,0.2
1.8597892793962816,0.15,0.875,0.8,0.2
1.8628855021042119,0.15,0.875,0.8,0.2
1.8659868794794818,0.15,0.875,0.8,0.2
1.8690934201037075,0.15,0.875,0.8,0.2
1.8722051325727926,0.15,0.875,0.8,0.2
1.8753220254969507,0.15,0.875,0.8,0.2
1.8784441075007305,0.15,0.875,0.8,0.2
1.8815713872230382,0.15,0.875,0.8,0.2
1.8847038733171635,0.15,0.875,0.8,0.2
1.887841574450801,0.15,0.875,0.8,0.2
1.8909844993060765,0.15,0.875,0.8,0.2
1.8941326565795693,0.15,0.875,0.8,0.2
1.8972860549823374,0.15,0.875,0.8,0.2
1.9004447032399416,0.15,0.875,0.8,0.2
1.903608610092468,0.15,0.875,0.8,0.2
1.9067777842945548,0.15,0.875,0.8,0.2
1.9099522346154136,0.15,0.875,0.8,0.2
1.913131969838857,0.15,0.875,0.8,0.2
1.9163169987633193,0.15,0.875,0.8,0.2
1.9195073302018844,0.15,0.875,0.8,0.2
1.9227029729823064,0.15,0.875,0.8,0.2
1.9259039359470385,0.15,0.875,0.8,0.2
1.9291102279532528,0.15,0.875,0.8,0.2
1.9323218578728685,0.15,0.875,0.8,0.2
1.935538834592574,0.15,0.875,0.8,0.2
1.9387611670138534,0.15,0.875,0.8,0.2
1.9419888640530094,0.15,0.875,0.8,0.2
1.9452219346411894,0.15,0.875,0.8,0.2
1.948460387724409,0.15,0.875,0.8,0.2
1.9517042322635785,0.15,0.875,0.8,0.2
1.9549534772345245,0.15,0.875,0.8,0.2
1.958208131628019,0.15,0.875,0.8,0.2
1.9614682044498004,0.15,0.875,0.8,0.2
1.964733704720601,0.15,0.875,0.8,0.2
1.9680046414761707,0.15,0.875,0.8,0.2
1.9712810237673026,0.15,0.875,0.8,0.2
1.974562860659857,0.15,0.875,0.8,0.2
1.9778501612347887,0.15,0.875,0.8,0.2
1.981142934588169,0.15,0.875,0.8,0.2
1.984441189831214,0.15,0.875,0.8,0.2
1.9877449360903072,0.15,0.875,0.8,0.2
1.9910541825070274,0.15,0.875,0.8,0.2
1.9943689382381706,0.15,0.875,0.8,0.2
1.997689212455779,0.15,0.875,0.8,0.2
2.0010150143471632,0.15,0.875,0.8,0.2
2.0043463531149306,0.15,0.875,0.825,0.2
2.0076832379770084,0.15,0.875,0.825,0.2
2.0110256781666696,0.15,0.875,0.825,0.2
2.0143736829325602,0.15,0.875,0.825,0.2
2.017727261538722,0.15,0.875,0.825,0.2
2.0210864232646215,0.15,0.875,0.825,0.2
2.0244511774051728,0.15,0.875,0.825,0.2
2.0278215332707648,0.15,0.875,0.825,0.2
2.031197500187286,0.15,0.875,0.825,0.2
2.0345790874961516,0.15,0.875,0.825,0.2
2.0379663045543284,0.15,0.875,0.825,0.2
2.041359160734361,0.15,0.875,0.825,0.2
2.044757665424397,0.15,0.875,0.825,0.2
2.048161828028215,0.15,0.875,0.825,0.2
2.0515716579652468,0.175,0.875,0.825,0.2
2.054987164670609,0.175,0.875,0.825,0.2
2.058408357595123,0.175,0.875,0.825,0.2
2.061835246205347,0.175,0.875,0.825,0.2
2.065267839983597,0.175,0.875,0.825,0.2
2.0687061484279767,0.175,0.875,0.825,0.2
2.072150181052402,0.175,0.875,0.825,0.2
2.0755999473866287,0.175,0.875,0.825,0.2
2.079055456976276,0.175,0.875,0.825,0.2
2.082516719382857,0.175,0.875,0.825,0.2
2.0859837441838014,0.175,0.875,0.825,0.2
2.089456540972485,0.175,0.875,0.825,0.2
2.0929351193582533,0.175,0.875,0.825,0.2
2.096419488966452,0.175,0.875,0.825,0.2
2.099909659438449,0.175,0.875,0.825,0.2
2.1034056404316646,0.175,0.875,0.825,0.2
2.1069074416195965,0.175,0.875,0.825,0.2
2.1104150726918474,0.175,0.875,0.825,0.2
2.1139285433541515,0.175,0.875,0.825,0.2
2.1174478633284015,0.175,0.875,0.825,0.2
2.1209730423526745,0.175,0.875,0.825,0.2
2.1245040901812606,0.175,0.875,0.825,0.2
2.1280410165846892,0.175,0.875,0.825,0.2
2.1315838313497553,0.175,0.875,0.825,0.2
2.1351325442795472,0.175,0.875,0.825,0.2
2.138687165193474,0.175,0.875,0.825,0.2
2.1422477039272927,0.175,0.875,0.825,0.2
2.1458141703331344,0.175,0.875,0.825,0.2
2.1493865742795326,0.175,0.875,0.825,0.2
2.1529649256514496,0.175,0.875,0.825,0.2
2.156549234350306,0.175,0.875,0.825,0.2
2.1601395102940044,0.175,0.875,0.825,0.2
2.1637357634169607,0.175,0.875,0.825,0.2
2.167338003670129,0.175,0.875,0.825,0.2
2.1709462410210305,0.175,0.875,0.825,0.2
2.17456048545378,0.175,0.875,0.825,0.2
2.1781807469691143,0.175,0.875,0.825,0.2
2.18180703558442,0.175,0.875,0.825,0.2
2.1854393613337604,0.175,0.875,0.825,0.2
2.1890777342679044,0.175,0.875,0.825,0.2
2.1927221644543526,0.175,0.875,0.825,0.2
2.1963726619773674,0.175,0.875,0.825,0.2
2.2000292369379992,0.175,0.875,0.825,0.2
2.2036918994541144,0.175,0.875,0.825,0.2
2.207360659660425,0.175,0.875,0.825,0.2
2.211035527708514,0.175,0.875,0.825,0.2
2.214716513766867,0.175,0.875,0.825,0.2
2.218403628020896,0.175,0.875,0.825,0.2
2.2220968806729724,0.175,0.875,0.825,0.225
2.2257962819424506,0.175,0.875,0.825,0.225
2.2295018420656993,0.175,0.875,0.825,0.25
2.23321357129613,0.175,0.875,0.825,0.25
2.236931479904222,0.175,0.875,0.825,0.25
2.2406555781775555,0.175,0.875,0.825,0.25
2.2443858764208358,0.175,0.875,0.825,0.25
2.2481223849559258,0.175,0.875,0.825,0.25
2.2518651141218697,0.175,0.875,0.825,0.25
2.255614074274927,0.175,0.875,0.85,0.25
2.2593692757885977,0.175,0.875,0.85,0.25
2.263130729053651,0.175,0.875,0.85,0.25
2.2668984444781564,0.175,0.875,0.85,0.25
2.2706724324875096,0.175,0.875,0.85,0.25
2.2744527035244633,0.175,0.875,0.85,0.25
2.278239268049156,0.175,0.875,0.85,0.25
2.28203213653914,0.175,0.875,0.85,0.25
2.285831319489411,0.175,0.875,0.85,0.25
2.289636827412437,0.175,0.875,0.85,0.25
2.2934486708381874,0.175,0.875,0.85,0.25
2.297266860314162,0.175,0.875,0.85,0.25
2.3010914064054213,0.175,0.875,0.85,0.25
2.304922319694613,0.175,0.875,0.85,0.25
2.3087596107820043,0.175,0.875,0.85,0.25
2.31260329028551,0.175,0.875,0.85,0.25
2.316453368840722,0.175,0.875,0.85,0.25
2.3203098571009373,0.175,0.875,0.85,0.25
2.3241727657371904,0.175,0.875,0.85,0.25
2.3280421054382794,0.175,0.875,0.85,0.25
2.3319178869107997,0.175,0.875,0.85,0.25
2.335800120879169,0.175,0.875,0.85,0.25
2.3396888180856616,0.175,0.875,0.85,0.25
2.343583989290433,0.175,0.875,0.85,0.25
2.3474856452715547,0.175,0.875,0.85,0.25
2.3513937968250413,0.175,0.875,0.85,0.25
2.3553084547648804,0.175,0.875,0.85,0.25
2.359229629923063,0.175,0.875,0.85,0.25
2.363157333149614,0.175,0.875,0.85,0.25
2.3670915753126214,0.175,0.875,0.85,0.25
2.371032367298266,0.175,0.875,0.85,0.25
2.3749797200108542,0.175,0.875,0.85,0.25
2.378933644372843,0.175,0.875,0.85,0.25
2.382894151324877,0.175,0.875,0.85,0.25
2.3868612518258114,0.175,0.875,0.85,0.25
2.3908349568527494,0.175,0.875,0.85,0.25
2.3948152774010665,0.175,0.875,0.85,0.25
2.398802224484445,0.175,0.875,0.85,0.25
2.4027958091349024,0.175,0.875,0.85,0.25
2.406796042402823,0.175,0.875,0.85,0.25
2.4108029353569878,0.175,0.875,0.85,0.25
2.4148164990846057,0.175,0.875,0.85,0.25
2.418836744691343,0.175,0.875,0.85,0.25
2.4228636833013564,0.175,0.875,0.85,0.25
2.4268973260573206,0.175,0.875,0.85,0.25
2.4309376841204626,0.175,0.875,0.85,0.25
2.43498476867059,0.175,0.875,0.85,0.25
2.439038590906123,0.175,0.875,0.85,0.25
2.4430991620441245,0.175,0.875,0.85,0.25
2.4471664933203336,0.175,0.875,0.85,0.25
2.451240595989193,0.175,0.875,0.85,0.25
2.455321481323883,0.175,0.875,0.85,0.25
2.459409160616352,0.175,0.875,0.85,0.25
2.4635036451773473,0.175,0.875,0.85,0.25
2.4676049463364453,0.175,0.875,0.85,0.25
2.471713075442087,0.175,0.875,0.85,0.25
2.475828043861604,0.175,0.875,0.85,0.25
2.4799498629812535,0.175,0.875,0.85,0.25
2.4840785442062487,0.175,0.875,0.85,0.25
2.488214098960791,0.175,0.875,0.85,0.25
2.4923565386881,0.175,0.875,0.85,0.25
2.496505874850447,0.175,0.875,0.85,0.25
2.500662118929186,0.175,0.875,0.85,0.25
2.5048252824247856,0.175,0.875,0.85,0.25
2.5089953768568596,0.175,0.875,0.85,0.25
2.513172413764201,0.175,0.875,0.85,0.25
2.5173564047048127,0.175,0.875,0.85,0.25
2.521547361255939,0.175,0.875,0.85,0.25
2.5257452950140995,0.175,0.875,0.85,0.25
2.5299502175951183,0.175,0.875,0.85,0.25
2.5341621406341597,0.175,0.875,0.85,0.25
2.538381075785757,0.175,0.875,0.85,0.25
2.5426070347238467,0.175,0.875,0.85,0.25
2.5468400291418005,0.175,0.875,0.85,0.25
2.5510800707524584,0.175,0.875,0.85,0.25
2.5553271712881576,0.175,0.875,0.85,0.25
2.5595813425007705,0.175,0.875,0.85,0.25
2.563842596161732,0.175,0.875,0.85,0.25
2.5681109440620773,0.175,0.875,0.85,0.25
2.5723863980124677,0.175,0.875,0.85,0.25
2.576668969843231,0.175,0.875,0.85,0.25
2.580958671404387,0.175,0.875,0.85,0.25
2.5852555145656866,0.175,0.875,0.85,0.25
2.5895595112166396,0.175,0.875,0.85,0.25
2.5938706732665513,0.175,0.875,0.85,0.25
2.5981890126445526,0.175,0.875,0.85,0.25
2.602514541299636,0.175,0.875,0.85,0.25
2.6068472712006847,0.175,0.875,0.85,0.25
2.61118721433651,0.175,0.875,0.85,0.25
2.615534382715882,0.175,0.875,0.85,0.25
2.619888788367562,0.175,0.875,0.85,0.25
2.6242504433403386,0.175,0.875,0.85,0.275
2.628619359703059,0.175,0.875,0.85,0.275
2.632995549544663,0.175,0.875,0.875,0.275
2.6373790249742153,0.175,0.875,0.875,0.275
2.6417697981209427,0.175,0.875,0.875,0.275
2.646167881134262,0.175,0.875,0.875,0.275
2.650573286183819,0.175,0.875,0.875,0.3
2.6549860254595177,0.175,0.875,0.875,0.325
2.659406111171558,0.175,0.875,0.875,0.325
2.6638335555504664,0.175,0.875,0.875,0.325
2.668268370847133,0.175,0.875,0.875,0.325
2.67271056933284,0.175,0.9,0.875,0.325
2.6771601632993027,0.175,0.9,0.875,0.35
2.6816171650586975,0.175,0.9,0.875,0.35
2.6860815869437005,0.175,0.9,0.875,0.35
2.6905534413075176,0.175,0.9,0.875,0.375
2.6950327405239216,0.175,0.9,0.875,0.375
2.699519496987285,0.175,0.9,0.875,0.375
2.704013723112616,0.175,0.9,0.875,0.375
2.7085154313355893,0.175,0.9,0.875,0.375
2.713024634112585,0.175,0.9,0.875,0.375
2.71754134392072,0.175,0.9,0.875,0.375
2.7220655732578836,0.175,0.9,0.875,0.375
2.726597334642771,0.175,0.9,0.875,0.375
2.731136640614921,0.175,0.9,0.875,0.375
2.7356835037347453,0.175,0.9,0.875,0.375
2.74023793658357,0.175,0.9,0.875,0.375
2.7447999517636634,0.175,0.9,0.875,0.375
2.749369561898278,0.175,0.9,0.875,0.375
2.753946779631679,0.175,0.9,0.875,0.375
2.758531617629183,0.175,0.9,0.9,0.375
2.7631240885771926,0.175,0.9,0.9,0.375
2.7677242051832303,0.175,0.9,0.9,0.375
2.772331980175975,0.175,0.9,0.9,0.375
2.776947426305296,0.175,0.9,0.9,0.375
2.781570556342289,0.175,0.9,0.9,0.375
2.786201383079312,0.175,0.9,0.9,0.375
2.7908399193300197,0.175,0.9,0.9,0.375
2.7954861779293987,0.175,0.9,0.9,0.375
2.8001401717338044,0.175,0.9,0.9,0.375
2.8048019136209947,0.175,0.9,0.9,0.375
2.809471416490169,0.175,0.9,0.9,0.375
2.8141486932619983,0.175,0.9,0.9,0.375
2.818833756878667,0.175,0.9,0.9,0.375
2.8235266203039044,0.175,0.9,0.9,0.375
2.828227296523024,0.175,0.9,0.9,0.375
2.8329357985429544,0.175,0.9,0.9,0.375
2.8376521393922816,0.175,0.9,0.9,0.375
2.84237633212128,0.175,0.9,0.9,0.375
2.8471083898019516,0.175,0.9,0.9,0.375
2.8518483255280596,0.175,0.9,0.9,0.375
2.8565961524151677,0.175,0.9,0.9,0.375
2.861351883600673,0.175,0.9,0.9,0.375
2.866115532243846,0.175,0.9,0.9,0.375
2.870887111525863,0.175,0.9,0.9,0.375
2.8756666346498467,0.175,0.9,0.9,0.375
2.880454114840898,0.175,0.9,0.9,0.375
2.8852495653461387,0.175,0.9,0.9,0.4
2.8900529994347415,0.175,0.9,0.9,0.4
2.8948644303979725,0.175,0.9,0.9,0.4
2.8996838715492235,0.175,0.9,0.9,0.4
2.904511336224051,0.175,0.9,0.9,0.4
2.9093468377802156,0.175,0.9,0.9,0.4
2.9141903895977115,0.175,0.9,0.9,0.4
2.9190420050788126,0.175,0.9,0.9,0.4
2.9239016976481027,0.2,0.9,0.9,0.4
2.928769480752516,0.2,0.9,0.9,0.4
2.9336453678613728,0.2,0.9,0.9,0.4
2.938529372466419,0.2,0.9,0.9,0.4
2.9434215080818604,0.2,0.9,0.9,0.4
2.948321788244402,0.2,0.9,0.9,0.4
2.9532302265132855,0.2,0.9,0.9,0.4
2.9581468364703256,0.2,0.9,0.9,0.4
2.963071631719949,0.2,0.9,0.9,0.4
2.9680046258892316,0.2,0.9,0.9,0.4
2.9729458326279343,0.2,0.9,0.9,0.4
2.9778952656085447,0.2,0.9,0.9,0.4
2.9828529385263107,0.2,0.9,0.9,0.4
2.9878188650992823,0.2,0.9,0.9,0.425
2.992793059068346,0.2,0.9,0.9,0.425
2.9977755341972663,0.2,0.9,0.9,0.425
3.002766304272719,0.2,0.9,0.9,0.425
3.0077653831043354,0.2,0.9,0.9,0.425
3.0127727845247354,0.2,0.9,0.9,0.425
3.0177885223895697,0.2,0.9,0.9,0.425
3.022812610577553,0.2,0.9,0.9,0.425
3.02784506299051,0.2,0.9,0.9,0.425
3.032885893553405,0.2,0.9,0.9,0.425
3.0379351162143884,0.2,0.9,0.9,0.425
3.0429927449448297,0.2,0.9,0.9,0.425
3.0480587937393597,0.2,0.9,0.9,0.425
3.0531332766159065,0.2,0.9,0.9,0.425
3.0582162076157373,0.2,0.9,0.9,0.425
3.063307600803493,0.2,0.9,0.9,0.425
3.0684074702672324,0.2,0.9,0.9,0.45
3.0735158301184673,0.2,0.9,0.9,0.45
3.0786326944922013,0.2,0.9,0.9,0.45
3.083758077546973,0.2,0.925,0.9,0.45
3.0888919934648897,0.2,0.925,0.9,0.45
3.094034456451672,0.2,0.925,0.9,0.45
3.099185480736689,0.2,0.925,0.9,0.45
3.1043450805729997,0.2,0.925,0.925,0.45
3.109513270237391,0.2,0.925,0.925,0.45
3.114690064030419,0.2,0.925,0.925,0.45
3.1198754762764485,0.2,0.925,0.925,0.45
3.1250695213236908,0.2,0.925,0.925,0.45
3.1302722135442433,0.2,0.925,0.925,0.45
3.1354835673341337,0.2,0.925,0.925,0.45
3.1407035971133532,0.2,0.925,0.925,0.45
3.145932317325902,0.2,0.925,0.925,0.45
3.1511697424398255,0.2,0.925,0.925,0.475
3.1564158869472574,0.2,0.925,0.925,0.475
3.1616707653644562,0.2,0.925,0.925,0.475
3.1669343922318496,0.2,0.925,0.925,0.475
3.172206782114072,0.2,0.925,0.925,0.475
3.1774879496000037,0.2,0.925,0.925,0.475
3.1827779093028146,0.225,0.925,0.925,0.475
3.1880766758600023,0.225,0.925,0.925,0.475
3.1933842639334347,0.225,0.925,0.925,0.475
3.198700688209387,0.225,0.925,0.925,0.475
3.2040259633985855,0.225,0.925,0.925,0.475
3.2093601042362465,0.225,0.925,0.925,0.5
3.21470312548212,0.225,0.925,0.925,0.5
3.220055041920526,0.225,0.925,0.925,0.5
3.225415868360398,0.225,0.925,0.925,0.5
3.2307856196353266,0.225,0.925,0.925,0.5
3.2361643106035944,0.225,0.925,0.925,0.5
3.2415519561482213,0.225,0.925,0.925,0.5
3.246948571177005,0.225,0.925,0.925,0.5
3.2523541706225636,0.225,0.925,0.925,0.5
3.2577687694423734,0.225,0.925,0.925,0.5
3.2631923826188123,0.225,0.925,0.925,0.5
3.2686250251592015,0.225,0.925,0.925,0.5
3.274066712095849,0.225,0.925,0.925,0.5
3.279517458486086,0.225,0.925,0.925,0.5
3.2849772794123115,0.225,0.925,0.925,0.5
3.290446189982036,0.25,0.925,0.925,0.5
3.295924205327921,0.25,0.925,0.925,0.5
3.30141134060782,0.25,0.925,0.925,0.5
3.306907611004823,0.25,0.925,0.925,0.5
3.312413031727295,0.25,0.925,0.925,0.5
3.317927618008923,0.25,0.925,0.925,0.5
3.323451385108755,0.275,0.925,0.925,0.5
3.32898434831124,0.275,0.925,0.925,0.5
3.3345265229262755,0.275,0.925,0.925,0.5
3.340077924289247,0.275,0.925,0.925,0.5
3.34563856776107,0.275,0.925,0.925,0.5
3.3512084687282333,0.275,0.925,0.925,0.5
3.356787642602841,0.275,0.925,0.925,0.5
3.3623761048226584,0.275,0.925,0.925,0.5
3.367973870851148,0.275,0.925,0.925,0.5
3.3735809561775194,0.275,0.925,0.925,0.5
3.379197376316766,0.275,0.925,0.925,0.5
3.3848231468097154,0.275,0.925,0.925,0.5
3.3904582832230634,0.275,0.925,0.925,0.5
3.3961028011494245,0.275,0.925,0.925,0.5
3.401756716207369,0.275,0.925,0.925,0.5
3.4074200440414746,0.275,0.925,0.925,0.5
3.41309280032236,0.275,0.925,0.925,0.5
3.418775000746733,0.275,0.925,0.925,0.5
3.424466661037437,0.275,0.925,0.925,0.5
3.430167796943488,0.275,0.925,0.925,0.5
3.435878424240122,0.275,0.925,0.925,0.5
3.441598558728838,0.275,0.925,0.925,0.5
3.4473282162374432,0.275,0.925,0.925,0.5
3.453067412620094,0.275,0.925,0.925,0.5
3.4588161637573407,0.275,0.925,0.925,0.5
3.464574485556172,0.275,0.925,0.925,0.5
3.4703423939500615,0.275,0.925,0.925,0.5
3.4761199048990057,0.275,0.925,0.925,0.5
3.481907034389574,0.275,0.925,0.925,0.5
3.487703798434949,0.275,0.925,0.925,0.5
3.4935102130749747,0.275,0.925,0.925,0.5
3.4993262943761962,0.275,0.925,0.925,0.5
3.5051520584319085,0.3,0.925,0.925,0.525
3.5109875213621966,0.3,0.925,0.925,0.525
3.516832699313986,0.3,0.925,0.925,0.525
3.522687608461082,0.3,0.925,0.925,0.525
3.528552265004216,0.3,0.925,0.925,0.525
3.5344266851710913,0.3,0.925,0.925,0.525
3.5403108852164284,0.3,0.925,0.925,0.525
3.5462048814220086,0.3,0.925,0.925,0.525
3.5521086900967185,0.3,0.925,0.925,0.525
3.5580223275765963,0.3,0.925,0.925,0.525
3.5639458102248787,0.3,0.925,0.925,0.525
3.569879154432043,0.3,0.925,0.925,0.525
3.575822376615853,0.3,0.925,0.925,0.525
3.581775493221405,0.3,0.925,0.925,0.525
3.5877385207211767,0.3,0.925,0.925,0.525
3.5937114756150663,0.3,0.925,0.925,0.525
3.5996943744304413,0.3,0.925,0.925,0.525
3.605687233722188,0.3,0.925,0.925,0.525
3.61169007007275,0.3,0.925,0.925,0.525
3.617702900092179,0.3,0.925,0.925,0.525
3.623725740418178,0.3,0.925,0.925,0.525
3.629758607716153,0.3,0.925,0.925,0.525
3.6358015186792514,0.3,0.925,0.925,0.525
3.6418544900284124,0.3,0.925,0.925,0.525
3.647917538512412,0.3,0.925,0.925,0.525
3.653990680907913,0.3,0.925,0.925,0.525
3.6600739340195054,0.3,0.925,0.925,0.525
3.666167314679756,0.3,0.925,0.925,0.525
3.6722708397492556,0.3,0.925,0.925,0.525
3.6783845261166666,0.3,0.925,0.925,0.525
3.6845083906987655,0.3,0.925,0.925,0.525
3.6906424504404933,0.3,0.925,0.925,0.525
3.696786722315,0.3,0.925,0.925,0.525
3.7029412233236965,0.3,0.925,0.925,0.525
3.7091059704962945,0.3,0.925,0.925,0.525
3.7152809808908587,0.3,0.925,0.925,0.525
3.721466271593851,0.3,0.925,0.925,0.525
3.727661859720182,0.3,0.925,0.925,0.525
3.733867762413254,0.3,0.925,0.925,0.525
3.7400839968450095,0.3,0.925,0.925,0.525
3.7463105802159795,0.3,0.925,0.925,0.525
3.7525475297553323,0.3,0.925,0.925,0.525
3.7587948627209187,0.3,0.925,0.925,0.525
3.7650525963993204,0.3,0.925,0.925,0.525
3.771320748105898,0.3,0.925,0.925,0.525
3.777599335184841,0.3,0.925,0.925,0.525
3.7838883750092123,0.3,0.925,0.925,0.525
3.790187884980997,0.3,0.925,0.925,0.525
3.7964978825311553,0.3,0.925,0.925,0.525
3.8028183851196626,0.3,0.925,0.925,0.525
3.8091494102355643,0.3,0.925,0.925,0.525
3.8154909753970205,0.3,0.925,0.925,0.525
3.821843098151359,0.3,0.925,0.925,0.55
3.8282057960751175,0.3,0.925,0.925,0.55
3.834579086774097,0.3,0.925,0.925,0.55
3.840962987883408,0.3,0.925,0.925,0.55
3.847357517067524,0.3,0.925,0.925,0.55
3.8537626920203216,0.3,0.925,0.925,0.55
3.8601785304651384,0.3,0.925,0.925,0.55
3.866605050154815,0.3,0.925,0.925,0.55
3.8730422688717514,0.3,0.925,0.925,0.55
3.8794902044279493,0.3,0.925,0.925,0.55
3.885948874665065,0.3,0.925,0.925,0.55
3.8924182974544563,0.3,0.925,0.925,0.55
3.8988984906972384,0.3,0.925,0.925,0.55
3.905389472324324,0.3,0.925,0.925,0.55
3.9118912602964797,0.3,0.925,0.925,0.55
3.918403872604372,0.3,0.925,0.925,0.55
3.9249273272686223,0.3,0.925,0.925,0.575
3.931461642339849,0.3,0.925,0.925,0.575
3.9380068358987246,0.3,0.925,0.925,0.575
3.9445629260560193,0.3,0.925,0.925,0.575
3.95112993095266,0.3,0.925,0.925,0.575
3.95770786875977,0.3,0.925,0.925,0.575
3.964296757678727,0.3,0.925,0.925,0.575
3.970896615941208,0.3,0.925,0.925,0.575
3.977507461809248,0.3,0.925,0.925,0.575
3.984129313575279,0.3,0.925,0.925,0.575
3.9907621895621905,0.3,0.925,0.925,0.575
3.9974061081233736,0.3,0.925,0.925,0.575
4.0040610876427785,0.3,0.925,0.925,0.6
4.0107271465349585,0.3,0.925,0.925,0.6
4.017404303245122,0.3,0.925,0.925,0.6
4.024092576249192,0.3,0.925,0.925,0.6
4.030791984053845,0.3,0.925,0.925,0.6
4.037502545196569,0.3,0.925,0.925,0.6
4.044224278245713,0.3,0.925,0.925,0.6
4.050957201800544,0.3,0.925,0.925,0.6
4.057701334491286,0.3,0.925,0.925,0.6
4.064456694979184,0.3,0.925,0.925,0.6
4.07122330195655,0.3,0.925,0.925,0.6
4.078001174146815,0.3,0.925,0.925,0.6
4.084790330304581,0.3,0.925,0.925,0.6
4.091590789215672,0.3,0.925,0.925,0.6
4.09840256969719,0.3,0.925,0.925,0.6
4.105225690597562,0.3,0.925,0.925,0.6
4.112060170796594,0.3,0.925,0.925,0.6
4.118906029205527,0.3,0.925,0.925,0.6
4.125763284767078,0.3,0.925,0.925,0.6
4.132631956455512,0.3,0.925,0.925,0.6
4.1395120632766735,0.3,0.925,0.925,0.6
4.14640362426805,0.3,0.925,0.925,0.6
4.153306658498826,0.3,0.925,0.925,0.6
4.160221185069931,0.3,0.925,0.925,0.6
4.167147223114095,0.3,0.925,0.925,0.6
4.174084791795899,0.3,0.925,0.925,0.6
4.181033910311831,0.3,0.925,0.925,0.6
4.187994597890338,0.3,0.925,0.925,0.6
4.194966873791878,0.3,0.925,0.925,0.6
4.201950757308976,0.3,0.925,0.925,0.6
4.2089462677662715,0.3,0.925,0.925,0.6
4.215953424520582,0.3,0.925,0.925,0.6
4.222972246960947,0.3,0.925,0.925,0.6
4.230002754508686,0.3,0.925,0.925,0.6
4.237044966617452,0.3,0.925,0.925,0.6
4.244098902773284,0.3,0.925,0.925,0.6
4.251164582494663,0.3,0.925,0.925,0.6
4.258242025332564,0.3,0.925,0.925,0.6
4.265331250870512,0.3,0.925,0.925,0.6
4.272432278724634,0.325,0.925,0.925,0.6
4.279545128543715,0.325,0.925,0.925,0.6
4.28666982000925,0.325,0.925,0.925,0.6
4.293806372835503,0.325,0.925,0.925,0.6
4.300954806769559,0.325,0.925,0.925,0.625
4.308115141591376,0.325,0.925,0.925,0.625
4.315287397113841,0.325,0.925,0.925,0.625
4.322471593182831,0.325,0.925,0.925,0.625
4.32966774967726,0.325,0.925,0.925,0.65
4.336875886509136,0.325,0.925,0.925,0.65
4.344096023623617,0.325,0.925,0.925,0.65
4.3513281809990705,0.325,0.925,0.925,0.65
4.358572378647118,0.325,0.925,0.925,0.65
4.365828636612701,0.325,0.925,0.925,0.65
4.37309697497413,0.325,0.925,0.925,0.65
4.380377413843147,0.325,0.925,0.925,0.65
4.38766997336497,0.325,0.925,0.925,0.65
4.39497467371836,0.325,0.925,0.925,0.65
4.402291535115668,0.325,0.925,0.925,0.65
4.409620577802902,0.325,0.925,0.925,0.65
4.416961822059769,0.325,0.925,0.925,0.65
4.4243152881997405,0.325,0.925,0.925,0.65
4.4316809965701065,0.325,0.925,0.925,0.65
4.439058967552032,0.325,0.925,0.925,0.65
4.4464492215606155,0.325,0.925,0.925,0.65
4.4538517790449355,0.325,0.925,0.925,0.65
4.461266660488123,0.325,0.925,0.925,0.65
4.468693886407405,0.325,0.925,0.925,0.65
4.476133477354169,0.325,0.925,0.925,0.65
4.483585453914013,0.325,0.925,0.925,0.65
4.49104983670681,0.325,0.925,0.925,0.65
4.498526646386761,0.325,0.925,0.925,0.65
4.50601590364245,0.325,0.925,0.925,0.65
4.513517629196906,0.325,0.925,0.925,0.65
4.521031843807661,0.325,0.925,0.925,0.65
4.528558568266798,0.325,0.925,0.925,0.65
4.536097823401021,0.325,0.925,0.925,0.65
4.543649630071702,0.325,0.925,0.925,0.65
4.551214009174949,0.325,0.925,0.925,0.65
4.558790981641653,0.325,0.925,0.925,0.675
4.566380568437555,0.325,0.925,0.925,0.675
4.573982790563298,0.325,0.925,0.925,0.675
4.581597669054491,0.325,0.925,0.925,0.675
4.5892252249817584,0.325,0.925,0.925,0.675
4.596865479450806,0.325,0.925,0.925,0.675
4.604518453602478,0.325,0.925,0.925,0.675
4.612184168612813,0.325,0.925,0.925,0.675
4.619862645693104,0.325,0.925,0.925,0.675
4.627553906089958,0.325,0.925,0.925,0.675
4.635257971085352,0.325,0.925,0.925,0.675
4.642974861996697,0.325,0.925,0.925,0.675
4.650704600176891,0.325,0.925,0.925,0.675
4.65844720701438,0.325,0.925,0.925,0.675
4.66620270393322,0.325,0.925,0.925,0.675
4.673971112393137,0.325,0.925,0.925,0.675
4.681752453889578,0.325,0.925,0.925,0.675
4.689546749953778,0.325,0.925,0.925,0.675
4.697354022152821,0.325,0.925,0.925,0.675
4.7051742920896915,0.325,0.925,0.925,0.675
4.7130075814033425,0.325,0.925,0.925,0.675
4.72085391176875,0.325,0.925,0.925,0.675
4.728713304896979,0.325,0.925,0.925,0.675
4.736585782535235,0.325,0.925,0.925,0.675
4.74447136646693,0.325,0.925,0.925,0.675
4.75237007851174,0.325,0.925,0.925,0.675
4.760281940525674,0.325,0.925,0.925,0.675
4.76820697440112,0.325,0.925,0.925,0.675
4.776145202066916,0.325,0.925,0.925,0.675
4.784096645488404,0.325,0.925,0.925,0.675
4.792061326667501,0.325,0.925,0.925,0.675
4.80003926764275,0.325,0.925,0.925,0.675
4.808030490489381,0.325,0.925,0.925,0.675
4.816035017319381,0.325,0.925,0.925,0.675
4.824052870281546,0.325,0.925,0.925,0.675
4.832084071561549,0.325,0.925,0.925,0.675
4.840128643381995,0.325,0.925,0.925,0.675
4.848186608002484,0.325,0.925,0.925,0.675
4.856257987719682,0.325,0.925,0.925,0.7
4.864342804867368,0.325,0.925,0.925,0.7
4.872441081816506,0.325,0.925,0.925,0.7
4.880552840975301,0.325,0.925,0.925,0.7
4.888678104789267,0.325,0.925,0.925,0.7
4.896816895741285,0.325,0.925,0.925,0.7
4.904969236351665,0.325,0.925,0.925,0.7
4.913135149178208,0.325,0.925,0.925,0.7
4.921314656816275,0.325,0.925,0.925,0.7
4.929507781898838,0.325,0.925,0.925,0.7
4.9377145470965536,0.325,0.925,0.925,0.7
4.945934975117819,0.325,0.925,0.925,0.7
4.954169088708837,0.325,0.925,0.925,0.7
4.96241691065368,0.325,0.925,0.925,0.7
4.970678463774347,0.325,0.925,0.925,0.7
4.978953770930842,0.325,0.925,0.925,0.7
4.987242855021215,0.325,0.925,0.925,0.7
4.995545738981646,0.325,0.925,0.925,0.7
5.003862445786493,0.325,0.925,0.925,0.7
5.01219299844837,0.35,0.925,0.925,0.7
5.020537420018195,0.35,0.925,0.925,0.7
5.028895733585268,0.35,0.925,0.925,0.7
5.0372679622773235,0.35,0.925,0.925,0.7
5.045654129260605,0.35,0.925,0.925,0.7
5.054054257739919,0.35,0.925,0.925,0.7
5.0624683709587055,0.35,0.925,0.925,0.7
5.070896492199101,0.35,0.925,0.925,0.7
5.079338644782005,0.35,0.925,0.925,0.7
5.0877948520671366,0.35,0.925,0.925,0.7
5.096265137453111,0.35,0.925,0.925,0.7
5.104749524377492,0.35,0.925,0.925,0.7
5.113248036316869,0.35,0.925,0.925,0.7
5.121760696786911,0.35,0.925,0.925,0.7
5.130287529342438,0.35,0.925,0.925,0.7
5.138828557577484,0.35,0.925,0.925,0.7
5.147383805125366,0.35,0.925,0.925,0.7
5.155953295658743,0.35,0.925,0.925,0.7
5.164537052889686,0.35,0.925,0.925,0.7
5.1731351005697395,0.35,0.925,0.925,0.7
5.181747462489997,0.35,0.925,0.925,0.7
5.190374162481154,0.35,0.925,0.925,0.7
5.199015224413582,0.35,0.925,0.925,0.7
5.207670672197391,0.35,0.925,0.925,0.7
5.216340529782502,0.35,0.925,0.925,0.7
5.225024821158702,0.35,0.925,0.925,0.7
5.233723570355719,0.35,0.925,0.925,0.7
5.242436801443289,0.35,0.925,0.925,0.7
5.251164538531217,0.35,0.925,0.925,0.7
5.2599068057694485,0.35,0.925,0.925,0.7
5.26866362734813,0.35,0.925,0.925,0.7
5.277435027497687,0.35,0.925,0.925,0.7
5.286221030488881,0.35,0.925,0.925,0.7
5.295021660632879,0.35,0.925,0.925,0.7
5.303836942281322,0.35,0.925,0.925,0.7
5.312666899826395,0.35,0.925,0.925,0.725
5.321511557700889,0.35,0.925,0.925,0.725
5.330370940378273,0.35,0.925,0.925,0.725
5.339245072372757,0.35,0.925,0.925,0.725
5.3481339782393675,0.35,0.925,0.925,0.725
5.357037682574008,0.35,0.925,0.925,0.725
5.36595621001353,0.35,0.925,0.925,0.725
5.3748895852358,0.35,0.925,0.925,0.725
5.383837832959772,0.35,0.925,0.925,0.75
5.39280097794555,0.35,0.925,0.925,0.75
5.40177904499446,0.35,0.925,0.925,0.75
5.410772058949117,0.35,0.925,0.925,0.75
5.419780044693497,0.35,0.925,0.925,0.75
5.428803027153003,0.35,0.925,0.925,0.75
5.43784103129453,0.35,0.925,0.925,0.75
5.446894082126543,0.35,0.925,0.925,0.75
5.4559622046991425,0.35,0.925,0.925,0.75
5.4650454241041295,0.35,0.925,0.925,0.75
5.47414376547508,0.35,0.925,0.925,0.75
5.4832572539874125,0.35,0.925,0.925,0.75
5.492385914858461,0.35,0.925,0.925,0.75
5.501529773347538,0.35,0.925,0.925,0.75
5.510688854756008,0.35,0.925,0.925,0.75
5.519863184427364,0.35,0.925,0.925,0.75
5.529052787747284,0.35,0.925,0.925,0.75
5.5382576901437135,0.35,0.925,0.925,0.75
5.547477917086928,0.35,0.925,0.925,0.75
5.55671349408961,0.35,0.925,0.925,0.75
5.565964446706913,0.35,0.925,0.925,0.75
5.575230800536537,0.35,0.925,0.925,0.75
5.584512581218795,0.35,0.925,0.925,0.75
5.593809814436693,0.35,0.925,0.925,0.75
5.603122525915987,0.35,0.925,0.925,0.75
5.612450741425267,0.35,0.925,0.925,0.75
5.62179448677602,0.35,0.925,0.925,0.75
5.631153787822709,0.35,0.925,0.925,0.775
5.640528670462834,0.35,0.925,0.925,0.775
5.649919160637016,0.35,0.925,0.925,0.775
5.659325284329057,0.35,0.925,0.925,0.775
5.668747067566023,0.35,0.925,0.925,0.775
5.678184536418305,0.35,0.925,0.925,0.775
5.687637716999701,0.35,0.925,0.925,0.775
5.69710663546748,0.35,0.925,0.925,0.775
5.706591318022464,0.375,0.925,0.925,0.775
5.716091790909088,0.375,0.925,0.925,0.775
5.725608080415484,0.375,0.925,0.925,0.775
5.735140212873547,0.375,0.925,0.925,0.775
5.7446882146590115,0.375,0.925,0.925,0.775
5.754252112191522,0.375,0.925,0.925,0.775
5.763831931934706,0.375,0.925,0.925,0.775
5.77342770039625,0.375,0.925,0.925,0.775
5.783039444127972,0.375,0.925,0.925,0.8
5.792667189725892,0.375,0.925,0.925,0.8
5.8023109638303065,0.375,0.925,0.925,0.8
5.811970793125869,0.375,0.925,0.925,0.8
5.821646704341652,0.375,0.925,0.925,0.8
5.831338724251231,0.375,0.925,0.925,0.8
5.841046879672753,0.375,0.925,0.925,0.8
5.8507711974690135,0.375,0.925,0.925,0.8
5.8605117045475295,0.375,0.925,0.925,0.8
5.870268427860615,0.375,0.925,0.925,0.8
5.880041394405452,0.375,0.925,0.925,0.8
5.889830631224173,0.375,0.925,0.925,0.8
5.899636165403927,0.375,0.925,0.925,0.8
5.909458024076959,0.375,0.925,0.925,0.8
5.919296234420685,0.375,0.925,0.925,0.8
5.929150823657767,0.375,0.925,0.925,0.8
5.939021819056188,0.375,0.925,0.925,0.8
5.948909247929326,0.375,0.925,0.925,0.8
5.958813137636031,0.375,0.925,0.925,0.8
5.968733515580704,0.375,0.925,0.925,0.8
5.9786704092133665,0.375,0.925,0.925,0.8
5.988623846029738,0.375,0.925,0.925,0.8
5.998593853571317,0.375,0.925,0.925,0.8
6.0085804594254535,0.375,0.925,0.925,0.8
6.018583691225423,0.375,0.925,0.925,0.8
6.028603576650508,0.375,0.925,0.925,0.8
6.038640143426068,0.375,0.925,0.925,0.8
6.048693419323629,0.375,0.925,0.925,0.8
6.0587634321609425,0.375,0.925,0.925,0.8
6.0688502098020765,0.375,0.925,0.925,0.8
6.078953780157485,0.375,0.925,0.925,0.8
6.089074171184092,0.375,0.925,0.925,0.8
6.099211410885363,0.375,0.925,0.925,0.8
6.109365527311381,0.375,0.925,0.925,0.8
6.119536548558931,0.375,0.925,0.925,0.8
6.129724502771577,0.375,0.925,0.925,0.8
6.13992941813973,0.375,0.925,0.925,0.8
6.150151322900737,0.375,0.925,0.925,0.8
6.1603902453389585,0.375,0.925,0.925,0.8
6.170646213785837,0.375,0.925,0.925,0.8
6.180919256619985,0.375,0.925,0.925,0.8
6.19120940226726,0.375,0.925,0.925,0.8
6.2015166792008465,0.375,0.925,0.925,0.8
6.2118411159413265,0.375,0.925,0.925,0.8
6.222182741056768,0.375,0.925,0.925,0.8
6.232541583162796,0.375,0.925,0.925,0.8
6.242917670922681,0.375,0.925,0.925,0.8
6.2533110330474075,0.375,0.925,0.925,0.8
6.263721698295762,0.375,0.925,0.925,0.8
6.2741496954744065,0.375,0.925,0.925,0.8
6.284595053437965,0.375,0.925,0.925,0.8
6.295057801089095,0.375,0.925,0.925,0.8
6.305537967378576,0.375,0.925,0.925,0.8
6.31603558130538,0.375,0.925,0.925,0.8
6.326550671916765,0.375,0.925,0.925,0.8
6.337083268308341,0.375,0.925,0.925,0.8
6.347633399624159,0.375,0.925,0.925,0.8
6.358201095056789,0.375,0.925,0.925,0.8
6.3687863838474055,0.375,0.925,0.925,0.8
6.37938929528586,0.375,0.925,0.925,0.8
6.390009858710768,0.375,0.925,0.925,0.8
6.400648103509587,0.375,0.925,0.925,0.8
6.411304059118704,0.375,0.925,0.925,0.8
6.421977755023507,0.375,0.925,0.925,0.8
6.432669220758476,0.375,0.925,0.925,0.8
6.443378485907257,0.375,0.925,0.925,0.8
6.454105580102752,0.375,0.925,0.925,0.825
6.464850533027193,0.375,0.925,0.925,0.825
6.475613374412228,0.375,0.925,0.925,0.825
6.486394134039008,0.375,0.925,0.925,0.825
6.497192841738258,0.375,0.925,0.925,0.825
6.508009527390367,0.375,0.925,0.925,0.825
6.5188442209254704,0.375,0.925,0.925,0.825
6.529696952323536,0.375,0.925,0.925,0.825
6.5405677516144385,0.375,0.925,0.925,0.825
6.551456648878046,0.375,0.925,0.925,0.825
6.562363674244307,0.375,0.925,0.925,0.825
6.573288857893332,0.375,0.925,0.925,0.825
6.584232230055473,0.375,0.925,0.925,0.825
6.595193821011414,0.375,0.925,0.925,0.825
6.606173661092245,0.375,0.925,0.925,0.825
6.617171780679559,0.375,0.925,0.925,0.825
6.628188210205525,0.375,0.925,0.925,0.825
6.639222980152977,0.375,0.925,0.925,0.825
6.650276121055494,0.375,0.925,0.925,0.825
6.661347663497498,0.375,0.925,0.925,0.825
6.672437638114318,0.375,0.925,0.925,0.825
6.683546075592292,0.375,0.925,0.925,0.825
6.69467300666884,0.375,0.925,0.925,0.825
6.7058184621325605,0.375,0.925,0.925,0.825
6.716982472823306,0.375,0.925,0.925,0.825
6.728165069632271,0.375,0.925,0.925,0.825
6.739366283502081,0.375,0.925,0.925,0.825
6.750586145426875,0.375,0.925,0.925,0.825
6.761824686452392,0.375,0.925,0.925,0.825
6.7730819376760545,0.375,0.925,0.925,0.825
6.784357930247057,0.375,0.925,0.925,0.825
6.795652695366456,0.375,0.925,0.925,0.825
6.806966264287249,0.375,0.925,0.925,0.825
6.818298668314463,0.375,0.925,0.925,0.825
6.829649938805247,0.375,0.925,0.925,0.825
6.841020107168949,0.4,0.925,0.925,0.825
6.852409204867211,0.4,0.925,0.925,0.825
6.863817263414051,0.4,0.925,0.925,0.825
6.875244314375956,0.4,0.925,0.925,0.825
6.886690389371964,0.4,0.925,0.925,0.825
6.898155520073749,0.4,0.925,0.925,0.825
6.909639738205719,0.4,0.925,0.925,0.825
6.9211430755450944,0.4,0.925,0.925,0.825
6.932665563922001,0.4,0.925,0.925,0.825
6.944207235219552,0.4,0.925,0.925,0.825
6.955768121373944,0.4,0.925,0.925,0.825
6.967348254374542,0.4,0.925,0.925,0.825
6.9789476662639665,0.4,0.925,0.925,0.825
6.990566389138183,0.4,0.925,0.925,0.825
7.00220445514659,0.4,0.925,0.925,0.825
7.013861896492114,0.4,0.925,0.925,0.825
7.025538745431288,0.4,0.925,0.925,0.825
7.03723503427435,0.4,0.925,0.925,0.825
7.048950795385325,0.4,0.925,0.925,0.825
7.0606860611821265,0.4,0.925,0.925,0.825
7.072440864136629,0.4,0.925,0.925,0.825
7.084215236774772,0.4,0.925,0.925,0.825
7.09600921167664,0.4,0.925,0.925,0.825
7.107822821476568,0.4,0.925,0.925,0.825
7.119656098863212,0.4,0.925,0.925,0.825
7.13150907657965,0.4,0.925,0.925,0.825
7.143381787423473,0.4,0.925,0.925,0.825
7.155274264246877,0.4,0.925,0.925,0.825
7.167186539956749,0.4,0.925,0.925,0.825
7.1791186475147555,0.4,0.925,0.925,0.825
7.191070619937447,0.4,0.925,0.925,0.825
7.203042490296334,0.4,0.925,0.925,0.825
7.2150342917179895,0.4,0.925,0.925,0.825
7.227046057384131,0.4,0.925,0.925,0.825
7.239077820531725,0.4,0.925,0.925,0.825
7.251129614453067,0.4,0.925,0.925,0.825
7.263201472495879,0.4,0.925,0.925,0.825
7.2752934280634,0.4,0.925,0.925,0.825
7.287405514614485,0.4,0.925,0.925,0.825
7.299537765663684,0.4,0.925,0.925,0.825
7.3116902147813505,0.4,0.925,0.925,0.825
7.323862895593718,0.4,0.925,0.925,0.825
7.336055841783013,0.4,0.925,0.925,0.825
7.348269087087528,0.4,0.925,0.925,0.825
7.360502665301727,0.4,0.925,0.925,0.825
7.372756610276333,0.4,0.925,0.925,0.825
7.385030955918433,0.4,0.925,0.925,0.825
7.397325736191554,0.4,0.925,0.925,0.825
7.409640985115771,0.4,0.925,0.925,0.825
7.421976736767792,0.4,0.925,0.925,0.825
7.434333025281064,0.4,0.925,0.925,0.825
7.446709884845855,0.4,0.925,0.925,0.825
7.459107349709355,0.4,0.925,0.925,0.825
7.471525454175767,0.4,0.925,0.925,0.825
7.483964232606412,0.4,0.925,0.925,0.825
7.496423719419809,0.4,0.925,0.925,0.825
7.50890394909178,0.4,0.925,0.925,0.825
7.521404956155543,0.4,0.925,0.925,0.825
7.53392677520181,0.4,0.925,0.925,0.825
7.546469440878879,0.4,0.925,0.925,0.825
7.559032987892729,0.4,0.925,0.925,0.825
7.571617451007123,0.4,0.925,0.925,0.825
7.584222865043696,0.4,0.925,0.925,0.825
7.596849264882056,0.4,0.925,0.925,0.825
7.609496685459877,0.4,0.925,0.925,0.825
7.6221651617730055,0.4,0.925,0.925,0.825
7.634854728875542,0.4,0.925,0.925,0.825
7.64756542187995,0.4,0.925,0.925,0.825
7.660297275957144,0.4,0.925,0.925,0.825
7.673050326336601,0.4,0.925,0.925,0.825
7.685824608306443,0.4,0.925,0.925,0.825
7.698620157213539,0.4,0.925,0.925,0.825
7.711437008463606,0.4,0.925,0.925,0.825
7.72427519752131,0.4,0.925,0.925,0.825
7.737134759910353,0.4,0.925,0.925,0.825
7.750015731213579,0.4,0.925,0.925,0.825
7.762918147073072,0.4,0.925,0.925,0.825
7.775842043190257,0.4,0.925,0.925,0.825
7.788787455325991,0.4,0.925,0.925,0.825
7.801754419300669,0.4,0.925,0.925,0.825
7.814742970994317,0.4,0.925,0.925,0.825
7.827753146346702,0.4,0.925,0.925,0.825
7.8407849813574195,0.4,0.925,0.925,0.825
7.853838512085996,0.4,0.925,0.925,0.825
7.866913774651995,0.4,0.925,0.925,0.825
7.880010805235113,0.4,0.925,0.925,0.825
7.8931296400752755,0.4,0.925,0.925,0.825
7.906270315472745,0.4,0.925,0.925,0.825
7.919432867788212,0.4,0.925,0.925,0.825
7.93261733344291,0.4,0.925,0.925,0.825
7.9458237489187,0.4,0.925,0.925,0.825
7.959052150758183,0.4,0.925,0.925,0.825
7.9723025755647905,0.4,0.925,0.925,0.825
7.985575060002903,0.4,0.925,0.925,0.825
7.998869640797932,0.4,0.925,0.925,0.825
8.012186354736432,0.4,0.925,0.925,0.825
8.025525238666207,0.4,0.925,0.925,0.825
8.038886329496396,0.4,0.925,0.925,0.825
8.052269664197592,0.4,0.925,0.925,0.825
8.065675279801935,0.4,0.925,0.925,0.825
8.07910321340322,0.4,0.925,0.925,0.825
8.092553502156994,0.4,0.925,0.925,0.825
8.10602618328066,0.4,0.925,0.925,0.825
8.119521294053584,0.4,0.925,0.925,0.825
8.133038871817197,0.4,0.925,0.925,0.825
8.146578953975093,0.4,0.925,0.925,0.825
8.160141577993139,0.4,0.925,0.925,0.825
8.173726781399575,0.4,0.925,0.925,0.825
8.18733460178512,0.4,0.925,0.925,0.825
8.200965076803074,0.4,0.925,0.925,0.825
8.214618244169426,0.4,0.925,0.925,0.825
8.228294141662946,0.4,0.925,0.925,0.825
8.241992807125314,0.4,0.925,0.925,0.825
8.255714278461198,0.4,0.925,0.925,0.825
8.269458593638374,0.4,0.925,0.925,0.825
8.283225790687826,0.4,0.925,0.925,0.825
8.297015907703862,0.4,0.925,0.925,0.825
8.310828982844198,0.4,0.925,0.925,0.825
8.324665054330083,0.4,0.925,0.925,0.825
8.338524160446392,0.4,0.925,0.925,0.825
8.352406339541746,0.4,0.925,0.925,0.825
8.366311630028605,0.4,0.925,0.925,0.825
8.380240070383378,0.4,0.925,0.925,0.825
8.394191699146528,0.4,0.925,0.925,0.825
8.408166554922692,0.4,0.925,0.925,0.825
8.422164676380765,0.4,0.925,0.925,0.825
8.436186102254023,0.4,0.925,0.925,0.825
8.450230871340231,0.4,0.925,0.925,0.825
8.46429902250174,0.4,0.925,0.925,0.825
8.478390594665598,0.4,0.925,0.925,0.825
8.492505626823663,0.4,0.925,0.925,0.825
8.50664415803271,0.4,0.925,0.925,0.825
8.520806227414536,0.4,0.925,0.925,0.825
8.534991874156063,0.4,0.925,0.925,0.825
8.549201137509456,0.4,0.925,0.925,0.825
8.563434056792232,0.4,0.925,0.925,0.825
8.577690671387362,0.4,0.925,0.925,0.825
8.591971020743378,0.4,0.925,0.925,0.825
8.60627514437449,0.4,0.925,0.925,0.825
8.620603081860697,0.4,0.925,0.925,0.825
8.634954872847887,0.4,0.925,0.925,0.825
8.649330557047952,0.4,0.925,0.925,0.825
8.663730174238893,0.4,0.925,0.925,0.825
8.678153764264945,0.4,0.925,0.925,0.825
8.69260136703667,0.4,0.925,0.925,0.825
8.707073022531072,0.4,0.925,0.925,0.825
8.721568770791711,0.4,0.925,0.925,0.825
8.736088651928819,0.4,0.925,0.925,0.825
8.750632706119397,0.4,0.925,0.925,0.825
8.765200973607335,0.4,0.925,0.925,0.825
8.779793494703522,0.4,0.925,0.925,0.825
8.794410309785963,0.4,0.925,0.925,0.825
8.809051459299877,0.4,0.925,0.925,0.825
8.823716983757823,0.4,0.925,0.925,0.825
8.8384069237398,0.4,0.925,0.925,0.825
8.853121319893377,0.4,0.925,0.925,0.825
8.867860212933785,0.4,0.925,0.925,0.825
8.882623643644035,0.4,0.925,0.925,0.825
8.897411652875046,0.4,0.925,0.925,0.825
8.912224281545742,0.4,0.925,0.925,0.825
8.927061570643165,0.4,0.925,0.925,0.825
8.941923561222595,0.4,0.925,0.925,0.825
8.95681029440767,0.4,0.925,0.925,0.825
8.971721811390482,0.4,0.925,0.925,0.825
8.986658153431705,0.4,0.925,0.925,0.825
9.0016193618607,0.4,0.925,0.925,0.825
9.016605478075643,0.4,0.925,0.925,0.825
9.031616543543624,0.4,0.925,0.925,0.825
9.04665259980077,0.4,0.925,0.925,0.825
9.061713688452356,0.4,0.925,0.925,0.825
9.076799851172929,0.4,0.925,0.925,0.825
9.09191112970641,0.4,0.925,0.925,0.825
9.107047565866221,0.4,0.925,0.925,0.825
9.12220920153539,0.4,0.925,0.925,0.825
9.137396078666683,0.4,0.925,0.925,0.825
9.1526082392827,0.4,0.925,0.925,0.825
9.167845725476004,0.4,0.925,0.925,0.825
9.183108579409236,0.4,0.925,0.925,0.825
9.198396843315235,0.4,0.925,0.925,0.825
9.213710559497141,0.4,0.925,0.925,0.825
9.229049770328528,0.4,0.925,0.925,0.825
9.24441451825351,0.4,0.925,0.925,0.825
9.259804845786869,0.4,0.925,0.925,0.825
9.27522079551416,0.4,0.925,0.925,0.825
9.29066241009184,0.4,0.925,0.925,0.825
9.306129732247378,0.425,0.925,0.925,0.825
9.321622804779382,0.425,0.925,0.925,0.825
9.337141670557708,0.425,0.925,0.925,0.825
9.352686372523582,0.425,0.925,0.925,0.825
9.36825695368972,0.425,0.925,0.925,0.825
9.383853457140454,0.425,0.925,0.925,0.825
9.399475926031833,0.425,0.925,0.925,0.825
9.415124403591756,0.425,0.925,0.925,0.825
9.430798933120098,0.425,0.925,0.925,0.85
9.44649955798881,0.425,0.925,0.925,0.85
9.462226321642053,0.425,0.925,0.925,0.85
9.47797926759631,0.425,0.925,0.925,0.85
9.493758439440528,0.425,0.925,0.925,0.85
9.509563880836202,0.425,0.925,0.925,0.85
9.525395635517526,0.425,0.925,0.925,0.85
9.5412537472915,0.425,0.925,0.925,0.85
9.557138260038062,0.425,0.925,0.925,0.85
9.573049217710196,0.425,0.925,0.925,0.85
9.588986664334058,0.425,0.925,0.925,0.85
9.604950644009103,0.425,0.925,0.925,0.85
9.620941200908208,0.425,0.925,0.925,0.85
9.636958379277782,0.425,0.925,0.925,0.85
9.653002223437905,0.425,0.925,0.925,0.85
9.669072777782432,0.425,0.925,0.925,0.85
9.685170086779136,0.425,0.925,0.925,0.85
9.701294194969817,0.425,0.925,0.925,0.85
9.717445146970428,0.425,0.925,0.925,0.85
9.733622987471197,0.425,0.925,0.925,0.85
9.749827761236762,0.425,0.925,0.925,0.85
9.766059513106281,0.425,0.925,0.925,0.85
9.78231828799356,0.425,0.925,0.925,0.85
9.798604130887178,0.425,0.925,0.925,0.85
9.81491708685062,0.425,0.925,0.925,0.85
9.831257201022385,0.425,0.925,0.925,0.85
9.847624518616124,0.425,0.925,0.925,0.85
9.864019084920757,0.425,0.925,0.925,0.85
9.880440945300608,0.425,0.925,0.925,0.85
9.89689014519552,0.425,0.925,0.925,0.85
9.913366730120986,0.425,0.925,0.925,0.85
9.929870745668277,0.425,0.925,0.925,0.85
9.946402237504563,0.425,0.925,0.925,0.85
9.962961251373041,0.425,0.925,0.925,0.85
9.979547833093063,0.425,0.925,0.925,0.85
9.996162028560267,0.425,0.925,0.925,0.85
10.01280388374669,0.425,0.925,0.925,0.85
10.029473444700916,0.425,0.925,0.925,0.85
10.046170757548179,0.425,0.925,0.925,0.85
10.062895868490514,0.425,0.925,0.925,0.85
10.079648823806867,0.425,0.925,0.925,0.85
10.096429669853235,0.425,0.925,0.925,0.85
10.113238453062786,0.425,0.925,0.925,0.85
10.130075219945997,0.425,0.925,0.925,0.85
10.146940017090763,0.425,0.925,0.925,0.85
10.163832891162563,0.425,0.925,0.925,0.85
10.180753888904546,0.425,0.925,0.925,0.85
10.197703057137684,0.425,0.925,0.925,0.85
10.214680442760905,0.425,0.925,0.925,0.85
10.231686092751206,0.425,0.925,0.925,0.85
10.2487200541638,0.425,0.925,0.925,0.85
10.265782374132234,0.425,0.925,0.925,0.875
10.282873099868521,0.425,0.925,0.925,0.875
10.29999227866329,0.425,0.925,0.925,0.875
10.317139957885884,0.425,0.925,0.925,0.875
10.33431618498451,0.425,0.925,0.925,0.875
10.351521007486374,0.425,0.925,0.925,0.875
10.3687544729978,0.425,0.925,0.925,0.875
10.386016629204375,0.425,0.925,0.925,0.875
10.403307523871062,0.425,0.925,0.925,0.875
10.420627204842365,0.425,0.925,0.925,0.875
10.437975720042422,0.425,0.925,0.925,0.875
10.455353117475163,0.425,0.925,0.925,0.875
10.472759445224437,0.425,0.925,0.925,0.875
10.490194751454142,0.425,0.925,0.925,0.875
10.507659084408361,0.425,0.925,0.925,0.875
10.525152492411497,0.425,0.925,0.925,0.875
10.542675023868394,0.425,0.925,0.925,0.875
10.560226727264507,0.425,0.925,0.925,0.875
10.577807651165983,0.425,0.925,0.925,0.875
10.59541784421984,0.425,0.925,0.925,0.875
10.613057355154075,0.425,0.925,0.925,0.875
10.630726232777814,0.425,0.925,0.925,0.875
10.648424525981442,0.425,0.925,0.925,0.875
10.666152283736734,0.425,0.925,0.925,0.875
10.683909555096992,0.425,0.925,0.925,0.875
10.701696389197199,0.425,0.925,0.925,0.875
10.719512835254124,0.425,0.925,0.925,0.875
10.737358942566473,0.425,0.925,0.925,0.875
10.755234760515034,0.425,0.925,0.925,0.875
10.7731403385628,0.425,0.925,0.925,0.875
10.791075726255114,0.425,0.925,0.925,0.875
10.809040973219798,0.425,0.925,0.925,0.875
10.827036129167297,0.425,0.925,0.925,0.875
10.845061243890827,0.425,0.925,0.925,0.875
10.863116367266487,0.425,0.925,0.925,0.875
10.881201549253417,0.425,0.925,0.925,0.875
10.899316839893926,0.425,0.925,0.925,0.875
10.917462289313637,0.425,0.925,0.925,0.875
10.935637947721625,0.425,0.925,0.925,0.875
10.953843865410555,0.425,0.925,0.925,0.875
10.972080092756809,0.425,0.925,0.925,0.875
10.990346680220659,0.425,0.925,0.925,0.875
11.008643678346369,0.425,0.925,0.925,0.875
11.026971137762349,0.425,0.925,0.925,0.875
11.045329109181301,0.425,0.925,0.925,0.875
11.063717643400357,0.425,0.925,0.925,0.875
11.082136791301213,0.425,0.925,0.925,0.875
11.10058660385027,0.425,0.925,0.925,0.875
11.119067132098795,0.425,0.925,0.925,0.875
11.137578427183033,0.425,0.925,0.925,0.875
11.156120540324364,0.425,0.925,0.925,0.875
11.174693522829443,0.425,0.925,0.925,0.875
11.193297426090343,0.425,0.925,0.925,0.875
11.211932301584694,0.425,0.925,0.925,0.875
11.23059820087583,0.425,0.925,0.925,0.875
11.24929517561292,0.425,0.925,0.925,0.875
11.268023277531139,0.425,0.925,0.925,0.875
11.286782558451774,0.425,0.925,0.95,0.875
11.30557307028239,0.425,0.925,0.95,0.875
11.324394865016973,0.425,0.925,0.95,0.875
11.343247994736066,0.425,0.925,0.95,0.875
11.362132511606918,0.425,0.925,0.95,0.875
11.381048467883627,0.425,0.925,0.95,0.875
11.39999591590728,0.425,0.925,0.95,0.875
11.418974908106117,0.425,0.925,0.95,0.875
11.437985496995651,0.425,0.925,0.95,0.875
11.457027735178825,0.425,0.925,0.95,0.875
11.476101675346156,0.425,0.925,0.95,0.875
11.495207370275883,0.425,0.925,0.95,0.875
11.514344872834116,0.425,0.925,0.95,0.875
11.533514235974966,0.425,0.925,0.95,0.875
11.552715512740711,0.425,0.925,0.95,0.875
11.571948756261945,0.425,0.925,0.95,0.875
11.591214019757697,0.425,0.925,0.95,0.875
11.610511356535605,0.425,0.925,0.95,0.875
11.629840819992056,0.425,0.925,0.95,0.875
11.64920246361233,0.425,0.925,0.95,0.875
11.66859634097075,0.425,0.925,0.95,0.875
11.688022505730824,0.45,0.925,0.95,0.875
11.707481011645427,0.45,0.925,0.95,0.875
11.726971912556893,0.45,0.925,0.95,0.875
11.746495262397207,0.45,0.925,0.95,0.875
11.76605111518814,0.45,0.925,0.95,0.875
11.785639525041402,0.45,0.925,0.95,0.875
11.805260546158785,0.45,0.925,0.95,0.875
11.824914232832318,0.45,0.925,0.95,0.875
11.844600639444414,0.45,0.925,0.95,0.875
11.86431982046804,0.45,0.925,0.95,0.875
11.884071830466834,0.45,0.925,0.95,0.875
11.903856724095272,0.45,0.925,0.95,0.875
11.92367455609883,0.45,0.925,0.95,0.875
11.94352538131412,0.45,0.925,0.95,0.875
11.963409254669047,0.45,0.925,0.95,0.875
11.983326231182964,0.475,0.925,0.95,0.875
12.003276365966814,0.475,0.925,0.95,0.875
12.023259714223308,0.475,0.925,0.95,0.875
12.043276331247043,0.475,0.925,0.95,0.875
12.063326272424675,0.475,0.925,0.95,0.875
12.083409593235073,0.475,0.925,0.95,0.875
12.103526349249465,0.475,0.925,0.95,0.875
12.123676596131599,0.475,0.925,0.95,0.875
12.14386038963789,0.475,0.925,0.95,0.875
12.164077785617572,0.475,0.925,0.95,0.875
12.184328840012878,0.475,0.925,0.95,0.875
12.204613608859155,0.475,0.925,0.95,0.875
12.224932148285047,0.475,0.925,0.95,0.875
12.245284514512642,0.475,0.925,0.95,0.875
12.265670763857626,0.475,0.925,0.95,0.875
12.286090952729445,0.475,0.925,0.95,0.875
12.306545137631444,0.475,0.925,0.95,0.875
12.32703337516106,0.475,0.925,0.95,0.875
12.347555722009934,0.475,0.925,0.95,0.875
12.368112234964098,0.475,0.925,0.95,0.875
12.388702970904117,0.475,0.925,0.95,0.875
12.409327986805256,0.475,0.925,0.95,0.875
12.429987339737636,0.475,0.925,0.95,0.875
12.450681086866384,0.475,0.925,0.95,0.875
12.471409285451793,0.475,0.925,0.95,0.875
12.492171992849507,0.475,0.925,0.95,0.875
12.512969266510632,0.475,0.925,0.95,0.875
12.533801163981932,0.475,0.925,0.95,0.875
12.554667742905972,0.475,0.925,0.95,0.875
12.575569061021282,0.475,0.925,0.95,0.875
12.59650517616252,0.475,0.925,0.95,0.875
12.617476146260627,0.475,0.925,0.95,0.875
12.638482029342978,0.475,0.925,0.95,0.875
12.65952288353358,0.475,0.925,0.95,0.875
12.680598767053182,0.475,0.925,0.95,0.875
12.701709738219469,0.475,0.925,0.95,0.875
12.722855855447213,0.475,0.925,0.95,0.875
12.744037177248437,0.475,0.925,0.95,0.875
12.765253762232579,0.475,0.925,0.95,0.875
12.786505669106646,0.5,0.925,0.95,0.875
12.807792956675378,0.5,0.925,0.95,0.875
12.829115683841438,0.5,0.925,0.95,0.875
12.850473909605526,0.5,0.925,0.95,0.875
12.871867693066577,0.5,0.925,0.95,0.875
12.893297093421914,0.5,0.925,0.95,0.875
12.914762169967416,0.5,0.925,0.95,0.875
12.936262982097677,0.5,0.925,0.95,0.875
12.957799589306168,0.5,0.925,0.95,0.875
12.979372051185422,0.5,0.925,0.95,0.875
13.000980427427166,0.5,0.925,0.95,0.875
13.022624777822509,0.5,0.925,0.95,0.875
13.044305162262106,0.5,0.925,0.95,0.875
13.066021640736311,0.5,0.925,0.95,0.875
13.087774273335361,0.5,0.925,0.95,0.875
13.109563120249524,0.5,0.925,0.95,0.875
13.131388241769274,0.5,0.925,0.95,0.875
13.153249698285473,0.5,0.925,0.95,0.875
13.175147550289507,0.5,0.925,0.95,0.875
13.197081858373476,0.5,0.925,0.95,0.875
13.219052683230352,0.5,0.925,0.95,0.875
13.241060085654155,0.5,0.925,0.95,0.875
13.26310412654011,0.5,0.925,0.95,0.875
13.285184866884826,0.5,0.925,0.95,0.875
13.307302367786457,0.5,0.925,0.95,0.875
13.329456690444887,0.5,0.925,0.95,0.875
13.351647896161875,0.5,0.925,0.95,0.875
13.373876046341236,0.5,0.925,0.95,0.875
13.396141202489018,0.5,0.925,0.95,0.875
13.41844342621366,0.5,0.925,0.95,0.875
13.440782779226174,0.5,0.925,0.95,0.875
13.463159323340305,0.5,0.925,0.95,0.875
13.485573120472704,0.5,0.925,0.95,0.875
13.50802423264312,0.5,0.925,0.95,0.875
13.530512721974535,0.5,0.925,0.95,0.875
13.553038650693361,0.5,0.925,0.95,0.875
13.575602081129608,0.5,0.925,0.95,0.875
13.598203075717052,0.5,0.925,0.95,0.875
13.62084169699341,0.5,0.925,0.95,0.875
13.643518007600509,0.5,0.925,0.95,0.875
13.666232070284483,0.5,0.925,0.95,0.875
13.688983947895906,0.5,0.925,0.95,0.875
13.711773703389994,0.5,0.925,0.95,0.875
13.734601399826776,0.5,0.925,0.95,0.875
13.75746710037126,0.5,0.925,0.95,0.875
13.780370868293614,0.5,0.925,0.95,0.875
13.803312766969341,0.5,0.925,0.95,0.875
13.826292859879445,0.5,0.925,0.95,0.875
13.849311210610637,0.5,0.925,0.95,0.875
13.872367882855466,0.5,0.925,0.95,0.875
13.895462940412527,0.5,0.925,0.95,0.875
13.918596447186625,0.5,0.925,0.95,0.875
13.94176846718896,0.5,0.925,0.95,0.875
13.964979064537296,0.5,0.925,0.95,0.875
13.988228303456141,0.5,0.925,0.975,0.875
14.011516248276923,0.5,0.925,0.975,0.875
14.034842963438187,0.5,0.925,0.975,0.875
14.05820851348574,0.5,0.925,0.975,0.875
14.081612963072848,0.5,0.925,0.975,0.875
14.105056376960418,0.5,0.925,0.975,0.875
14.128538820017171,0.5,0.925,0.975,0.875
14.152060357219822,0.5,0.925,0.975,0.875
14.175621053653265,0.5,0.925,0.975,0.875
14.199220974510736,0.5,0.925,0.975,0.875
14.22286018509403,0.5,0.925,0.975,0.875
14.246538750813636,0.5,0.925,0.975,0.875
14.270256737188951,0.5,0.925,0.975,0.875
14.294014209848449,0.5,0.925,0.975,0.875
14.317811234529858,0.5,0.925,0.975,0.875
14.341647877080351,0.5,0.925,0.975,0.875
14.365524203456724,0.5,0.925,0.975,0.875
14.389440279725592,0.5,0.925,0.975,0.875
14.413396172063544,0.5,0.925,0.975,0.875
14.437391946757346,0.5,0.925,0.975,0.875
14.461427670204118,0.5,0.925,0.975,0.875
14.485503408911525,0.5,0.925,0.975,0.875
14.509619229497947,0.5,0.925,0.975,0.875
14.533775198692682,0.5,0.925,0.975,0.875
14.557971383336106,0.5,0.925,0.975,0.875
14.582207850379898,0.5,0.925,0.975,0.875
14.606484666887177,0.5,0.925,0.975,0.875
14.630801900032715,0.5,0.925,0.975,0.875
14.655159617103124,0.5,0.925,0.975,0.875
14.67955788549703,0.5,0.925,0.975,0.875
14.703996772725269,0.5,0.925,0.975,0.875
14.728476346411071,0.5,0.925,0.975,0.875
14.75299667429024,0.5,0.925,0.975,0.875
14.777557824211367,0.5,0.925,0.975,0.875
14.802159864135982,0.5,0.925,0.975,0.875
14.826802862138761,0.5,0.925,0.975,0.875
14.851486886407717,0.5,0.925,0.975,0.875
14.87621200524438,0.5,0.925,0.975,0.875
14.900978287063994,0.5,0.925,0.975,0.875
14.9257858003957,0.5,0.925,0.975,0.875
14.950634613882718,0.5,0.925,0.975,0.875
14.975524796282576,0.5,0.95,0.975,0.875
15.000456416467243,0.5,0.95,0.975,0.875
15.025429543423359,0.5,0.95,0.975,0.875
15.050444246252411,0.5,0.95,0.975,0.875
15.075500594170931,0.5,0.95,0.975,0.875
15.100598656510682,0.5,0.95,0.975,0.875
15.125738502718848,0.5,0.95,0.975,0.875
15.150920202358249,0.5,0.95,0.975,0.875
15.176143825107493,0.5,0.95,0.975,0.875
15.201409440761203,0.5,0.95,0.975,0.875
15.226717119230191,0.5,0.95,0.975,0.875
15.252066930541663,0.5,0.95,0.975,0.875
15.277458944839404,0.5,0.95,0.975,0.875
15.30289323238398,0.5,0.95,0.975,0.875
15.32836986355292,0.5,0.95,0.975,0.875
15.35388890884094,0.5,0.95,0.975,0.875
15.379450438860097,0.5,0.95,0.975,0.875
15.40505452434001,0.5,0.95,0.975,0.875
15.430701236128051,0.5,0.95,0.975,0.875
15.456390645189543,0.5,0.95,0.975,0.875
15.482122822607952,0.5,0.95,0.975,0.875
15.507897839585084,0.5,0.95,0.975,0.875
15.533715767441276,0.5,0.95,0.975,0.875
15.559576677615626,0.5,0.95,0.975,0.875
15.585480641666143,0.5,0.95,0.975,0.875
15.611427731269972,0.5,0.95,0.975,0.875
15.63741801822359,0.5,0.95,0.975,0.875
15.663451574443002,0.5,0.95,0.975,0.875
15.689528471963941,0.5,0.95,1.0,0.875
15.715648782942067,0.525,0.95,1.0,0.875
15.741812579653157,0.525,0.95,1.0,0.875
15.76801993449334,0.525,0.95,1.0,0.875
15.794270919979247,0.525,0.95,1.0,0.875
15.820565608748245,0.525,0.95,1.0,0.875
15.846904073558628,0.525,0.95,1.0,0.875
15.873286387289824,0.525,0.95,1.0,0.875
15.899712622942587,0.525,0.95,1.0,0.875
15.926182853639208,0.525,0.95,1.0,0.875
15.952697152623704,0.525,0.95,1.0,0.875
15.979255593262057,0.525,0.95,1.0,0.875
16.00585824904236,0.525,0.95,1.0,0.875
16.03250519357507,0.525,0.95,1.0,0.875
16.05919650059318,0.525,0.95,1.0,0.875
16.08593224395245,0.525,0.95,1.0,0.875
16.112712497631577,0.525,0.95,1.0,0.875
16.139537335732427,0.525,0.95,1.0,0.875
16.166406832480256,0.525,0.95,1.0,0.875
16.193321062223863,0.525,0.95,1.0,0.875
16.22028009943583,0.525,0.95,1.0,0.875
16.247284018712733,0.525,0.95,1.0,0.875
16.274332894775327,0.525,0.95,1.0,0.875
16.30142680246877,0.525,0.95,1.0,0.875
16.32856581676283,0.525,0.95,1.0,0.875
16.35575001275206,0.525,0.95,1.0,0.875
16.382979465656078,0.525,0.95,1.0,0.875
16.410254250819687,0.525,0.95,1.0,0.875
16.43757444371315,0.525,0.95,1.0,0.875
16.46494011993236,0.55,0.95,1.0,0.875
16.49235135519908,0.55,0.95,1.0,0.875
16.519808225361118,0.55,0.95,1.0,0.875
16.547310806392566,0.55,0.95,1.0,0.875
16.574859174393993,0.55,0.95,1.0,0.875
16.602453405592684,0.55,0.95,1.0,0.875
16.6300935763428,0.55,0.95,1.0,0.875
16.65777976312564,0.55,0.95,1.0,0.875
16.685512042549806,0.55,0.95,1.0,0.875
16.71329049135147,0.55,0.95,1.0,0.875
16.74111518639453,0.55,0.95,1.0,0.875
16.76898620467087,0.55,0.95,1.0,0.875
16.79690362330053,0.55,0.95,1.0,0.875
16.824867519531967,0.55,0.95,1.0,0.875
16.852877970742227,0.55,0.95,1.0,0.875
16.880935054437177,0.55,0.95,1.0,0.875
16.90903884825172,0.55,0.95,1.0,0.875
16.93718942995,0.55,0.95,1.0,0.875
16.965386877425637,0.55,0.95,1.0,0.875
16.993631268701915,0.55,0.95,1.0,0.875
17.021922681932036,0.55,0.95,1.0,0.875
17.050261195399294,0.55,0.95,1.0,0.875
17.078646887517316,0.55,0.95,1.0,0.875
17.107079836830273,0.55,0.95,1.0,0.875
17.1355601220131,0.55,0.95,1.0,0.875
17.164087821871714,0.55,0.95,1.0,0.875
17.192663015343225,0.55,0.95,1.0,0.875
17.221285781496153,0.55,0.95,1.0,0.875
17.249956199530683,0.55,0.95,1.0,0.875
17.27867434877882,0.55,0.95,1.0,0.875
17.307440308704663,0.55,0.95,1.0,0.875
17.33625415890459,0.55,0.95,1.0,0.875
17.36511597910751,0.55,0.95,1.0,0.875
17.394025849175055,0.55,0.95,1.0,0.875
17.422983849101815,0.55,0.95,1.0,0.875
17.451990059015547,0.55,0.95,1.0,0.875
17.481044559177434,0.55,0.95,1.0,0.875
17.51014742998226,0.55,0.95,1.0,0.875
17.53929875195865,0.55,0.95,1.0,0.875
17.568498605769303,0.55,0.95,1.0,0.875
17.597747072211202,0.55,0.95,1.0,0.875
17.627044232215844,0.55,0.95,1.0,0.875
17.65639016684947,0.55,0.95,1.0,0.875
17.685784957313263,0.55,0.95,1.0,0.875
17.71522868494362,0.55,0.95,1.0,0.875
17.744721431212334,0.55,0.95,1.0,0.875
17.774263277726824,0.55,0.95,1.0,0.875
17.80385430623038,0.55,0.95,1.0,0.875
17.833494598602393,0.55,0.95,1.0,0.875
17.863184236858544,0.55,0.95,1.0,0.875
17.89292330315107,0.55,0.95,1.0,0.875
17.922711879768983,0.55,0.95,1.0,0.875
17.95255004913828,0.55,0.95,1.0,0.875
17.982437893822194,0.55,0.95,1.0,0.875
18.012375496521393,0.55,0.95,1.0,0.875
18.04236294007425,0.55,0.95,1.0,0.875
18.072400307457027,0.55,0.95,1.0,0.875
18.102487681784144,0.55,0.95,1.0,0.875
18.132625146308374,0.55,0.95,1.0,0.875
18.162812784421128,0.55,0.95,1.0,0.875
18.193050679652607,0.55,0.95,1.0,0.875
18.223338915672095,0.55,0.95,1.0,0.875
18.25367757628817,0.55,0.95,1.0,0.875
18.28406674544893,0.55,0.95,1.0,0.875
18.31450650724224,0.55,0.95,1.0,0.875
18.34499694589595,0.55,0.95,1.0,0.875
18.37553814577813,0.55,0.95,1.0,0.875
18.406130191397335,0.55,0.95,1.0,0.875
18.43677316740278,0.55,0.95,1.0,0.875
18.467467158584622,0.55,0.95,1.0,0.875
18.498212249874175,0.55,0.95,1.0,0.875
18.529008526344146,0.55,0.95,1.0,0.875
18.559856073208877,0.55,0.95,1.0,0.875
18.590754975824577,0.55,0.95,1.0,0.875
18.621705319689546,0.55,0.95,1.0,0.875
18.65270719044446,0.55,0.95,1.0,0.875
18.683760673872527,0.55,0.95,1.0,0.875
18.71486585589979,0.55,0.95,1.0,0.875
18.74602282259535,0.55,0.95,1.0,0.875
18.777231660171587,0.55,0.95,1.0,0.875
18.808492454984407,0.55,0.95,1.0,0.875
18.839805293533484,0.55,0.95,1.0,0.875
18.871170262462524,0.55,0.95,1.0,0.875
18.902587448559448,0.55,0.95,1.0,0.875
18.934056938756676,0.55,0.95,1.0,0.875
18.965578820131352,0.55,0.95,1.0,0.875
18.99715317990559,0.55,0.95,1.0,0.875
19.02878010544672,0.55,0.975,1.0,0.875
19.060459684267514,0.55,0.975,1.0,0.875
19.092192004026426,0.55,0.975,1.0,0.875
19.123977152527885,0.55,0.975,1.0,0.875
19.155815217722466,0.55,0.975,1.0,0.875
19.187706287707172,0.55,0.975,1.0,0.875
19.219650450725673,0.55,0.975,1.0,0.875
19.251647795168555,0.55,0.975,1.0,0.875
19.283698409573553,0.55,0.975,1.0,0.875
19.3158023826258,0.55,0.975,1.0,0.875
19.347959803158076,0.55,0.975,1.0,0.875
19.38017076015107,0.55,0.975,1.0,0.875
19.41243534273358,0.55,0.975,1.0,0.875
19.4447536401828,0.55,0.975,1.0,0.875
19.47712574192456,0.55,0.975,1.0,0.875
19.509551737533556,0.55,0.975,1.0,0.875
19.542031716733618,0.55,0.975,1.0,0.875
19.574565769397957,0.55,0.975,1.0,0.875
19.60715398554938,0.55,0.975,1.0,0.875
19.63979645536061,0.55,0.975,1.0,0.875
19.67249326915446,0.55,0.975,1.0,0.875
19.70524451740412,0.575,0.975,1.0,0.875
19.738050290733405,0.575,0.975,1.0,0.875
19.770910679917,0.575,0.975,1.0,0.875
19.803825775880718,0.575,0.975,1.0,0.875
19.836795669701733,0.575,0.975,1.0,0.875
19.869820452608884,0.575,0.975,1.0,0.875
19.90290021598285,0.575,0.975,1.0,0.875
19.93603505135646,0.575,0.975,1.0,0.875
19.969225050414924,0.575,0.975,1.0,0.875
20.002470304996095,0.575,0.975,1.0,0.875
20.035770907090726,0.575,0.975,1.0,0.875
20.069126948842705,0.575,0.975,1.0,0.875
20.10253852254932,0.575,0.975,1.0,0.875
20.136005720661554,0.575,0.975,1.0,0.875
20.169528635784264,0.575,0.975,1.0,0.875
20.203107360676494,0.575,0.975,1.0,0.875
20.236741988251715,0.575,0.975,1.0,0.875
20.27043261157808,0.575,0.975,1.0,0.875
20.30417932387869,0.575,0.975,1.0,0.875
20.337982218531835,0.575,0.975,1.0,0.875
20.371841389071264,0.575,0.975,1.0,0.875
20.405756929186474,0.575,0.975,1.0,0.875
20.439728932722897,0.575,0.975,1.0,0.875
20.473757493682225,0.575,0.975,1.0,0.875
20.507842706222633,0.575,0.975,1.0,0.875
20.541984664659065,0.575,0.975,1.0,0.875
20.57618346346348,0.575,0.975,1.0,0.875
20.610439197265105,0.575,0.975,1.0,0.875
20.644751960850712,0.575,0.975,1.0,0.875
20.6791218491649,0.575,0.975,1.0,0.875
20.713548957310305,0.575,0.975,1.0,0.875
20.748033380547906,0.575,0.975,1.0,0.875
20.782575214297268,0.575,0.975,1.0,0.875
20.817174554136813,0.575,0.975,1.0,0.875
20.851831495804092,0.575,0.975,1.0,0.875
20.886546135196028,0.575,0.975,1.0,0.875
20.92131856836922,0.575,0.975,1.0,0.875
20.956148891540167,0.575,0.975,1.0,0.875
20.991037201085547,0.575,0.975,1.0,0.875
21.025983593542495,0.575,0.975,1.0,0.875
21.06098816560887,0.575,0.975,1.0,0.875
21.096051014143505,0.575,0.975,1.0,0.875
21.131172236166492,0.575,0.975,1.0,0.875
21.166351928859434,0.575,0.975,1.0,0.875
21.201590189565753,0.575,0.975,1.0,0.875
21.236887115790896,0.575,0.975,1.0,0.875
21.272242805202662,0.575,0.975,1.0,0.875
21.307657355631438,0.575,0.975,1.0,0.875
21.34313086507049,0.575,0.975,1.0,0.875
21.378663431676213,0.575,0.975,1.0,0.875
21.41425515376843,0.575,0.975,1.0,0.875
21.44990612983063,0.575,0.975,1.0,0.875
21.485616458510293,0.575,0.975,1.0,0.875
21.5213862386191,0.575,0.975,1.0,0.875
21.557215569133245,0.575,0.975,1.0,0.875
21.5931045491937,0.575,0.975,1.0,0.875
21.62905327810649,0.575,0.975,1.0,0.875
21.665061855342962,0.575,0.975,1.0,0.875
21.70113038054008,0.575,0.975,1.0,0.875
21.737258953500653,0.575,0.975,1.0,0.875
21.7734476741937,0.575,0.975,1.0,0.875
21.80969664275462,0.575,0.975,1.0,0.875
21.846005959485538,0.575,0.975,1.0,0.875
21.88237572485557,0.575,0.975,1.0,0.875
21.918806039501085,0.575,0.975,1.0,0.875
21.955297004226,0.575,0.975,1.0,0.875
21.99184872000204,0.575,0.975,1.0,0.875
22.028461287969066,0.575,0.975,1.0,0.875
22.06513480943528,0.575,0.975,1.0,0.875
22.10186938587756,0.575,0.975,1.0,0.875
22.138665118941727,0.575,0.975,1.0,0.875
22.17552211044282,0.575,0.975,1.0,0.875
22.212440462365386,0.575,0.975,1.0,0.875
22.249420276863756,0.575,0.975,1.0,0.875
22.286461656262315,0.575,0.975,1.0,0.875
22.32356470305584,0.575,0.975,1.0,0.875
22.36072951990971,0.575,0.975,1.0,0.875
22.397956209660233,0.575,0.975,1.0,0.875
22.43524487531492,0.575,0.975,1.0,0.875
22.472595620052775,0.575,0.975,1.0,0.875
22.510008547224572,0.575,0.975,1.0,0.875
22.547483760353153,0.575,0.975,1.0,0.875
22.585021363133688,0.575,0.975,1.0,0.875
22.622621459434022,0.575,0.975,1.0,0.875
22.66028415329488,0.575,0.975,1.0,0.875
22.69800954893022,0.575,0.975,1.0,0.875
22.735797750727485,0.575,0.975,1.0,0.875
22.773648863247914,0.575,0.975,1.0,0.875
22.811562991226815,0.575,0.975,1.0,0.875
22.84954023957387,0.6,0.975,1.0,0.875
22.887580713373396,0.6,0.975,1.0,0.875
22.9256845178847,0.625,0.975,1.0,0.875
22.96385175854229,0.625,0.975,1.0,0.875
23.002082540956213,0.625,0.975,1.0,0.875
23.04037697091234,0.625,0.975,1.0,0.875
23.07873515437266,0.625,0.975,1.0,0.875
23.11715719747556,0.625,0.975,1.0,0.875
23.155643206536134,0.625,0.975,1.0,0.875
23.19419328804649,0.625,0.975,1.0,0.875
23.232807548675996,0.625,0.975,1.0,0.875
23.27148609527163,0.625,1.0,1.0,0.875
23.310229034858235,0.625,1.0,1.0,0.875
23.34903647463884,0.625,1.0,1.0,0.875
23.387908521994945,0.625,1.0,1.0,0.875
23.426845284486827,0.625,1.0,1.0,0.875
23.46584686985381,0.625,1.0,1.0,0.875
23.504913386014632,0.625,1.0,1.0,0.875
23.544044941067654,0.625,1.0,1.0,0.875
23.583241643291217,0.625,1.0,1.0,0.875
23.62250360114392,0.625,1.0,1.0,0.875
23.661830923264933,0.625,1.0,1.0,0.875
23.701223718474296,0.625,1.0,1.0,0.875
23.740682095773202,0.625,1.0,1.0,0.875
23.780206164344307,0.625,1.0,1.0,0.875
23.819796033552077,0.625,1.0,1.0,0.875
23.859451812943004,0.625,1.0,1.0,0.875
23.89917361224598,0.625,1.0,1.0,0.875
23.938961541372567,0.625,1.0,1.0,0.875
23.978815710417315,0.625,1.0,1.0,0.875
24.01873622965806,0.625,1.0,1.0,0.875
24.058723209556234,0.625,1.0,1.0,0.875
24.09877676075715,0.625,1.0,1.0,0.875
24.138896994090373,0.625,1.0,1.0,0.875
24.17908402056993,0.625,1.0,1.0,0.9
24.21933795139469,0.625,1.0,1.0,0.9
24.25965889794864,0.625,1.0,1.0,0.9
24.30004697180121,0.625,1.0,1.0,0.9
24.340502284707565,0.625,1.0,1.0,0.9
24.38102494860892,0.625,1.0,1.0,0.9
24.421615075632882,0.625,1.0,1.0,0.9
24.4622727780937,0.625,1.0,1.0,0.9
24.50299816849261,0.625,1.0,1.0,0.9
24.54379135951815,0.625,1.0,1.0,0.9
24.58465246404646,0.625,1.0,1.0,0.9
24.625581595141607,0.625,1.0,1.0,0.9
24.66657886605588,0.625,1.0,1.0,0.9
24.707644390230104,0.625,1.0,1.0,0.9
24.74877828129401,0.625,1.0,1.0,0.9
24.789980653066443,0.625,1.0,1.0,0.9
24.831251619555772,0.625,1.0,1.0,0.9
24.87259129496016,0.625,1.0,1.0,0.9
24.913999793667887,0.625,1.0,1.0,0.9
24.955477230257678,0.625,1.0,1.0,0.9
24.997023719498998,0.625,1.0,1.0,0.9
25.038639376352386,0.625,1.0,1.0,0.9
25.080324315969797,0.625,1.0,1.0,0.9
25.12207865369486,0.625,1.0,1.0,0.9
25.16390250506324,0.625,1.0,1.0,0.9
25.20579598580296,0.625,1.0,1.0,0.9
25.247759211834694,0.625,1.0,1.0,0.9
25.289792299272115,0.625,1.0,1.0,0.9
25.3318953644222,0.625,1.0,1.0,0.9
25.374068523785542,0.625,1.0,1.0,0.9
25.416311894056733,0.625,1.0,1.0,0.9
25.458625592124594,0.625,1.0,1.0,0.9
25.501009735072564,0.625,1.0,1.0,0.9
25.543464440179,0.625,1.0,1.0,0.9
25.58598982491752,0.625,1.0,1.0,0.9
25.628586006957292,0.625,1.0,1.0,0.9
25.671253104163405,0.625,1.0,1.0,0.9
25.71399123459715,0.625,1.0,1.0,0.9
25.756800516516403,0.625,1.0,1.0,0.9
25.79968106837589,0.625,1.0,1.0,0.9
25.84263300882755,0.625,1.0,1.0,0.9
25.88565645672086,0.625,1.0,1.0,0.9
25.92875153110316,0.625,1.0,1.0,0.9
25.971918351219976,0.625,1.0,1.0,0.9
26.015157036515355,0.625,1.0,1.0,0.9
26.058467706632232,0.625,1.0,1.0,0.9
26.101850481412683,0.625,1.0,1.0,0.9
26.145305480898315,0.625,1.0,1.0,0.9
26.18883282533059,0.625,1.0,1.0,0.9
26.23243263515114,0.625,1.0,1.0,0.9
26.276105031002125,0.625,1.0,1.0,0.9
26.31985013372654,0.625,1.0,1.0,0.9
26.36366806436855,0.625,1.0,1.0,0.9
26.40755894417389,0.625,1.0,1.0,0.9
26.451522894590088,0.625,1.0,1.0,0.9
26.495560037266895,0.625,1.0,1.0,0.9
26.539670494056576,0.625,1.0,1.0,0.9
26.583854387014256,0.625,1.0,1.0,0.9
26.62811183839827,0.625,1.0,1.0,0.9
26.67244297067048,0.625,1.0,1.0,0.9
26.716847906496625,0.625,1.0,1.0,0.9
26.76132676874669,0.625,1.0,1.0,0.9
26.805879680495185,0.625,1.0,1.0,0.9
26.850506765021525,0.625,1.0,1.0,0.9
26.895208145810365,0.625,1.0,1.0,0.9
26.939983946551944,0.625,1.0,1.0,0.9
26.98483429114242,0.625,1.0,1.0,0.9
27.029759303684212,0.625,1.0,1.0,0.9
27.074759108486347,0.625,1.0,1.0,0.9
27.119833830064835,0.625,1.0,1.0,0.9
27.164983593142942,0.625,1.0,1.0,0.9
27.210208522651595,0.625,1.0,1.0,0.9
27.255508743729706,0.625,1.0,1.0,0.9
27.300884381724526,0.625,1.0,1.0,0.9
27.346335562191978,0.625,1.0,1.0,0.9
27.391862410897012,0.625,1.0,1.0,0.9
27.437465053813984,0.625,1.0,1.0,0.9
27.48314361712694,0.625,1.0,1.0,0.9
27.52889822723002,0.625,1.0,1.0,0.9
27.574729010727776,0.625,1.0,1.0,0.9
27.620636094435536,0.625,1.0,1.0,0.9
27.66661960537976,0.625,1.0,1.0,0.9
27.712679670798384,0.625,1.0,1.0,0.9
27.758816418141155,0.65,1.0,1.0,0.9
27.805029975070045,0.65,1.0,1.0,0.9
27.85132046945952,0.65,1.0,1.0,0.9
27.897688029396942,0.65,1.0,1.0,0.9
27.94413278318293,0.65,1.0,1.0,0.9
27.990654859331684,0.65,1.0,1.0,0.9
28.037254386571373,0.65,1.0,1.0,0.9
28.08393149384446,0.65,1.0,1.0,0.9
28.13068631030808,0.65,1.0,1.0,0.9
28.177518965334414,0.65,1.0,1.0,0.9
28.224429588510997,0.65,1.0,1.0,0.9
28.27141830964111,0.65,1.0,1.0,0.9
28.318485258744143,0.65,1.0,1.0,0.9
28.365630566055938,0.65,1.0,1.0,0.9
28.412854362029154,0.65,1.0,1.0,0.9
28.460156777333637,0.65,1.0,1.0,0.9
28.507537942856764,0.65,1.0,1.0,0.9
28.554997989703853,0.65,1.0,1.0,0.9
28.602537049198446,0.65,1.0,1.0,0.9
28.650155252882737,0.65,1.0,1.0,0.9
28.6978527325179,0.65,1.0,1.0,0.9
28.745629620084493,0.65,1.0,1.0,0.9
28.79348604778277,0.65,1.0,1.0,0.9
28.841422148033082,0.65,1.0,1.0,0.9
28.88943805347627,0.65,1.0,1.0,0.9
28.937533896973957,0.65,1.0,1.0,0.9
28.985709811608974,0.65,1.0,1.0,0.9
29.03396593068571,0.65,1.0,1.0,0.9
29.082302387730483,0.65,1.0,1.0,0.9
29.130719316491906,0.65,1.0,1.0,0.9
29.179216850941263,0.65,1.0,1.0,0.9
29.227795125272863,0.65,1.0,1.0,0.9
29.276454273904466,0.65,1.0,1.0,0.9
29.325194431477573,0.65,1.0,1.0,0.9
29.37401573285785,0.65,1.0,1.0,0.9
29.422918313135494,0.65,1.0,1.0,0.9
29.4719023076256,0.65,1.0,1.0,0.9
29.520967851868548,0.65,1.0,1.0,0.9
29.57011508163036,0.65,1.0,1.0,0.9
29.619344132903066,0.65,1.0,1.0,0.9
29.668655141905155,0.65,1.0,1.0,0.9
29.718048245081842,0.65,1.0,1.0,0.9
29.767523579105525,0.65,1.0,1.0,0.9
29.817081280876124,0.65,1.0,1.0,0.9
29.866721487521485,0.65,1.0,1.0,0.9
29.916444336397735,0.65,1.0,1.0,0.9
29.96624996508969,0.65,1.0,1.0,0.9
30.016138511411196,0.65,1.0,1.0,0.9
30.066110113405582,0.65,1.0,1.0,0.9
30.116164909345947,0.65,1.0,1.0,0.9
30.166303037735613,0.65,1.0,1.0,0.9
30.216524637308478,0.65,1.0,1.0,0.9
30.26682984702941,0.65,1.0,1.0,0.9
30.31721880609463,0.65,1.0,1.0,0.9
30.367691653932084,0.65,1.0,1.0,0.925
30.41824853020188,0.65,1.0,1.0,0.925
30.468889574796595,0.65,1.0,1.0,0.925
30.519614927841715,0.65,1.0,1.0,0.925
30.570424729696015,0.65,1.0,1.0,0.925
30.621319120951938,0.65,1.0,1.0,0.925
30.672298242435986,0.65,1.0,1.0,0.925
30.72336223520912,0.65,1.0,1.0,0.925
30.774511240567122,0.65,1.0,1.0,0.925
30.825745400041054,0.65,1.0,1.0,0.925
30.877064855397563,0.65,1.0,1.0,0.925
30.928469748639316,0.65,1.0,1.0,0.925
30.979960222005392,0.65,1.0,1.0,0.925
31.031536417971687,0.65,1.0,1.0,0.925
31.083198479251273,0.65,1.0,1.0,0.925
31.134946548794833,0.65,1.0,1.0,0.925
31.18678076979101,0.65,1.0,1.0,0.925
31.238701285666885,0.65,1.0,1.0,0.925
31.290708240088264,0.65,1.0,1.0,0.925
31.342801776960158,0.65,1.0,1.0,0.925
31.394982040427152,0.65,1.0,1.0,0.925
31.447249174873797,0.65,1.0,1.0,0.925
31.499603324925033,0.65,1.0,1.0,0.925
31.55204463544656,0.65,1.0,1.0,0.925
31.604573251545254,0.65,1.0,1.0,0.925
31.657189318569603,0.65,1.0,1.0,0.925
31.709892982110038,0.65,1.0,1.0,0.925
31.76268438799938,0.65,1.0,1.0,0.925
31.815563682313233,0.65,1.0,1.0,0.925
31.868531011370404,0.65,1.0,1.0,0.925
31.92158652173329,0.65,1.0,1.0,0.925
31.974730360208262,0.65,1.0,1.0,0.925
32.02796267384616,0.65,1.0,1.0,0.925
32.08128360994259,0.65,1.0,1.0,0.925
32.13469331603838,0.65,1.0,1.0,0.925
32.18819193992,0.65,1.0,1.0,0.925
32.24177962961996,0.65,1.0,1.0,0.925
32.295456533417216,0.65,1.0,1.0,0.925
32.34922279983758,0.65,1.0,1.0,0.925
32.4030785776541,0.65,1.0,1.0,0.925
32.45702401588759,0.65,1.0,1.0,0.925
32.51105926380689,0.65,1.0,1.0,0.925
32.56518447092936,0.65,1.0,1.0,0.925
32.61939978702128,0.65,1.0,1.0,0.925
32.67370536209827,0.65,1.0,1.0,0.925
32.728101346425696,0.65,1.0,1.0,0.925
32.78258789051909,0.65,1.0,1.0,0.925
32.83716514514455,0.65,1.0,1.0,0.925
32.891833261319235,0.65,1.0,1.0,0.925
32.946592390311636,0.65,1.0,1.0,0.925
33.00144268364214,0.65,1.0,1.0,0.925
33.05638429308336,0.65,1.0,1.0,0.925
33.11141737066059,0.65,1.0,1.0,0.925
33.16654206865223,0.65,1.0,1.0,0.925
33.22175853959017,0.65,1.0,1.0,0.925
33.27706693626026,0.65,1.0,1.0,0.925
33.33246741170273,0.65,1.0,1.0,0.925
33.387960119212565,0.65,1.0,1.0,0.925
33.44354521233996,0.65,1.0,1.0,0.925
33.49922284489077,0.65,1.0,1.0,0.925
33.55499317092686,0.65,1.0,1.0,0.925
33.610856344766646,0.65,1.0,1.0,0.925
33.66681252098538,0.65,1.0,1.0,0.925
33.722861854415754,0.65,1.0,1.0,0.925
33.77900450014814,0.65,1.0,1.0,0.925
33.835240613531155,0.65,1.0,1.0,0.925
33.891570350172024,0.65,1.0,1.0,0.925
33.947993865937036,0.65,1.0,1.0,0.925
34.00451131695198,0.65,1.0,1.0,0.925
34.061122859602555,0.65,1.0,1.0,0.925
34.1178286505348,0.675,1.0,1.0,0.925
34.174628846655594,0.675,1.0,1.0,0.925
34.23152360513299,0.675,1.0,1.0,0.925
34.28851308339672,0.675,1.0,1.0,0.925
34.345597439138594,0.675,1.0,1.0,0.925
34.40277683031296,0.675,1.0,1.0,0.925
34.46005141513714,0.675,1.0,1.0,0.925
34.51742135209184,0.675,1.0,1.0,0.925
34.574886799921615,0.675,1.0,1.0,0.925
34.63244791763533,0.675,1.0,1.0,0.925
34.69010486450654,0.675,1.0,1.0,0.925
34.74785780007397,0.675,1.0,1.0,0.925
34.80570688414195,0.675,1.0,1.0,0.925
34.86365227678086,0.675,1.0,1.0,0.925
34.92169413832756,0.7,1.0,1.0,0.925
34.979832629385854,0.7,1.0,1.0,0.925
35.038067910826896,0.7,1.0,1.0,0.925
35.09640014378972,0.7,1.0,1.0,0.925
35.154829489681575,0.7,1.0,1.0,0.925
35.213356110178445,0.7,1.0,1.0,0.925
35.27198016722547,0.7,1.0,1.0,0.925
35.3307018230374,0.7,1.0,1.0,0.925
35.38952124009906,0.7,1.0,1.0,0.925
35.44843858116574,0.7,1.0,1.0,0.925
35.50745400926376,0.7,1.0,1.0,0.925
35.56656768769079,0.7,1.0,1.0,0.925
35.625779780016394,0.7,1.0,1.0,0.925
35.68509045008242,0.7,1.0,1.0,0.925
35.74449986200352,0.7,1.0,1.0,0.925
35.80400818016754,0.7,1.0,1.0,0.925
35.86361556923602,0.7,1.0,1.0,0.925
35.9233221941446,0.7,1.0,1.0,0.925
35.98312822010359,0.7,1.0,1.0,0.925
36.043033812598246,0.7,1.0,1.0,0.925
36.103039137389395,0.7,1.0,1.0,0.925
36.1631443605138,0.7,1.0,1.0,0.925
36.223349648284646,0.7,1.0,1.0,0.925
36.283655167292004,0.7,1.0,1.0,0.925
36.3440610844033,0.7,1.0,1.0,0.925
36.404567566763724,0.7,1.0,1.0,0.925
36.46517478179681,0.7,1.0,1.0,0.925
36.52588289720476,0.7,1.0,1.0,0.925
36.58669208096897,0.7,1.0,1.0,0.925
36.64760250135054,0.7,1.0,1.0,0.925
36.70861432689065,0.7,1.0,1.0,0.925
36.76972772641109,0.7,1.0,1.0,0.925
36.83094286901471,0.7,1.0,1.0,0.925
36.89225992408587,0.7,1.0,1.0,0.925
36.95367906129098,0.7,1.0,1.0,0.925
37.01520045057884,0.725,1.0,1.0,0.925
37.07682426218124,0.725,1.0,1.0,0.925
37.13855066661335,0.725,1.0,1.0,0.925
37.20037983467421,0.725,1.0,1.0,0.925
37.262311937447244,0.725,1.0,1.0,0.925
37.32434714630067,0.725,1.0,1.0,0.925
37.386485632888,0.725,1.0,1.0,0.925
37.44872756914856,0.725,1.0,1.0,0.925
37.51107312730789,0.725,1.0,1.0,0.925
37.57352247987825,0.725,1.0,1.0,0.925
37.63607579965913,0.725,1.0,1.0,0.925
37.698733259737686,0.725,1.0,1.0,0.925
37.761495033489226,0.725,1.0,1.0,0.925
37.82436129457769,0.725,1.0,1.0,0.925
37.887332216956196,0.725,1.0,1.0,0.925
37.950407974867396,0.725,1.0,1.0,0.925
38.01358874284405,0.725,1.0,1.0,0.925
38.076874695709485,0.725,1.0,1.0,0.925
38.14026600857808,0.725,1.0,1.0,0.925
38.203762856855754,0.725,1.0,1.0,0.925
38.26736541624043,0.725,1.0,1.0,0.925
38.331073862722526,0.725,1.0,1.0,0.925
38.39488837258552,0.725,1.0,1.0,0.925
38.458809122406294,0.725,1.0,1.0,0.925
38.52283628905574,0.725,1.0,1.0,0.925
38.58697004969919,0.725,1.0,1.0,0.925
38.65121058179694,0.725,1.0,1.0,0.925
38.715558063104716,0.725,1.0,1.0,0.925
38.780012671674186,0.725,1.0,1.0,0.925
38.84457458585341,0.725,1.0,1.0,0.925
38.90924398428744,0.725,1.0,1.0,0.925
38.97402104591867,0.725,1.0,1.0,0.925
39.03890594998743,0.725,1.0,1.0,0.925
39.10389887603244,0.725,1.0,1.0,0.925
39.16900000389134,0.725,1.0,1.0,0.925
39.234209513701146,0.725,1.0,1.0,0.925
39.2995275858988,0.725,1.0,1.0,0.925
39.36495440122158,0.725,1.0,1.0,0.925
39.43049014070776,0.725,1.0,1.0,0.925
39.49613498569693,0.725,1.0,1.0,0.925
39.561889117830596,0.725,1.0,1.0,0.925
39.62775271905267,0.725,1.0,1.0,0.925
39.69372597160998,0.725,1.0,1.0,0.925
39.75980905805274,0.725,1.0,1.0,0.925
39.826002161235074,0.725,1.0,1.0,0.925
39.89230546431559,0.725,1.0,1.0,0.925
39.958719150757744,0.75,1.0,1.0,0.925
40.02524340433047,0.75,1.0,1.0,0.925
40.091878409108624,0.75,1.0,1.0,0.925
40.15862434947352,0.75,1.0,1.0,0.925
40.22548141011345,0.75,1.0,1.0,0.925
40.29244977602416,0.75,1.0,1.0,0.925
40.359529632509364,0.75,1.0,1.0,0.925
40.426721165181355,0.75,1.0,1.0,0.925
40.494024559961346,0.75,1.0,1.0,0.925
40.561440003080115,0.75,1.0,1.0,0.925
40.628967681078485,0.75,1.0,1.0,0.925
40.69660778080783,0.75,1.0,1.0,0.925
40.764360489430594,0.75,1.0,1.0,0.925
40.83222599442082,0.75,1.0,1.0,0.925
40.900204483564636,0.75,1.0,1.0,0.925
40.968296144960874,0.75,1.0,1.0,0.925
41.03650116702145,0.75,1.0,1.0,0.925
41.10481973847197,0.75,1.0,1.0,0.925
41.17325204835223,0.75,1.0,1.0,0.925
41.24179828601677,0.75,1.0,1.0,0.925
41.310458641135334,0.75,1.0,1.0,0.925
41.37923330369346,0.75,1.0,1.0,0.925
41.44812246399295,0.75,1.0,1.0,0.925
41.517126312652486,0.75,1.0,1.0,0.925
41.58624504060804,0.75,1.0,1.0,0.925
41.65547883911348,0.75,1.0,1.0,0.925
41.72482789974106,0.75,1.0,1.0,0.925
41.794292414381985,0.75,1.0,1.0,0.925
41.86387257524693,0.75,1.0,1.0,0.925
41.933568574866534,0.75,1.0,1.0,0.925
42.00338060609203,0.75,1.0,1.0,0.925
42.07330886209566,0.75,1.0,1.0,0.925
42.143353536371265,0.75,1.0,1.0,0.925
42.21351482273485,0.75,1.0,1.0,0.925
42.28379291532507,0.75,1.0,1.0,0.925
42.354188008603785,0.75,1.0,1.0,0.925
42.42470029735661,0.75,1.0,1.0,0.925
42.495329976693405,0.75,1.0,1.0,0.925
42.56607724204894,0.75,1.0,1.0,0.925
42.63694228918328,0.75,1.0,1.0,0.925
42.707925314182404,0.75,1.0,1.0,0.925
42.779026513458746,0.75,1.0,1.0,0.925
42.85024608375174,0.75,1.0,1.0,0.925
42.92158422212836,0.75,1.0,1.0,0.925
42.99304112598364,0.75,1.0,1.0,0.925
43.064616993041234,0.75,1.0,1.0,0.925
43.13631202135405,0.75,1.0,1.0,0.925
43.208126409304626,0.75,1.0,1.0,0.925
43.28006035560581,0.75,1.0,1.0,0.925
43.35211405930128,0.75,1.0,1.0,0.925
43.42428771976606,0.75,1.0,1.0,0.925
43.49658153670713,0.75,1.0,1.0,0.925
43.56899571016393,0.75,1.0,1.0,0.925
43.64153044050891,0.75,1.0,1.0,0.925
43.71418592844817,0.75,1.0,1.0,0.925
43.786962375021886,0.75,1.0,1.0,0.925
43.85985998160495,0.75,1.0,1.0,0.925
43.93287894990752,0.75,1.0,1.0,0.925
44.00601948197555,0.75,1.0,1.0,0.925
44.079281780191366,0.75,1.0,1.0,0.925
44.152666047274224,0.75,1.0,1.0,0.925
44.226172486280916,0.75,1.0,1.0,0.925
44.29980130060622,0.75,1.0,1.0,0.925
44.37355269398358,0.75,1.0,1.0,0.925
44.44742687048558,0.75,1.0,1.0,0.925
44.521424034524586,0.75,1.0,1.0,0.925
44.595544390853256,0.75,1.0,1.0,0.925
44.66978814456513,0.75,1.0,1.0,0.925
44.744155501095165,0.75,1.0,1.0,0.925
44.8186466662204,0.75,1.0,1.0,0.925
44.893261846060405,0.75,1.0,1.0,0.925
44.9680012470779,0.75,1.0,1.0,0.925
45.042865076079345,0.75,1.0,1.0,0.925
45.11785354021549,0.75,1.0,1.0,0.925
45.19296684698197,0.75,1.0,1.0,0.925
45.26820520421983,0.75,1.0,1.0,0.925
45.34356882011615,0.75,1.0,1.0,0.925
45.41905790320465,0.75,1.0,1.0,0.925
45.494672662366156,0.75,1.0,1.0,0.925
45.57041330682928,0.75,1.0,1.0,0.925
45.64628004617094,0.75,1.0,1.0,0.925
45.72227309031699,0.75,1.0,1.0,0.925
45.79839264954275,0.75,1.0,1.0,0.925
45.874638934473616,0.75,1.0,1.0,0.925
45.95101215608563,0.75,1.0,1.0,0.925
46.02751252570613,0.75,1.0,1.0,0.925
46.10414025501421,0.75,1.0,1.0,0.925
46.180895556041385,0.75,1.0,1.0,0.925
46.25777864117219,0.75,1.0,1.0,0.925
46.33478972314471,0.75,1.0,1.0,0.925
46.41192901505124,0.75,1.0,1.0,0.925
46.489196730338776,0.75,1.0,1.0,0.925
46.56659308280977,0.75,1.0,1.0,0.925
46.64411828662251,0.75,1.0,1.0,0.925
46.721772556291874,0.75,1.0,1.0,0.925
46.799556106689856,0.75,1.0,1.0,0.925
46.87746915304618,0.75,1.0,1.0,0.925
46.95551191094888,0.75,1.0,1.0,0.925
47.03368459634492,0.75,1.0,1.0,0.925
47.11198742554075,0.75,1.0,1.0,0.925
47.19042061520299,0.75,1.0,1.0,0.925
47.268984382358916,0.75,1.0,1.0,0.925
47.34767894439713,0.75,1.0,1.0,0.925
47.42650451906817,0.75,1.0,1.0,0.925
47.505461324485054,0.75,1.0,1.0,0.925
47.584549579123944,0.75,1.0,1.0,0.925
47.66376950182473,0.75,1.0,1.0,0.925
47.74312131179159,0.75,1.0,1.0,0.925
47.82260522859373,0.75,1.0,1.0,0.925
47.90222147216581,0.75,1.0,1.0,0.925
47.98197026280869,0.75,1.0,1.0,0.925
48.061851821189954,0.75,1.0,1.0,0.925
48.141866368344594,0.75,1.0,1.0,0.925
48.22201412567558,0.75,1.0,1.0,0.925
48.30229531495446,0.75,1.0,1.0,0.925
48.382710158322,0.75,1.0,1.0,0.925
48.46325887828883,0.75,1.0,1.0,0.925
48.54394169773598,0.75,1.0,1.0,0.925
48.62475883991553,0.75,1.0,1.0,0.925
48.70571052845126,0.75,1.0,1.0,0.925
48.786796987339244,0.75,1.0,1.0,0.925
48.868018440948454,0.75,1.0,1.0,0.925
48.949375114021386,0.75,1.0,1.0,0.925
49.030867231674755,0.75,1.0,1.0,0.925
49.11249501939999,0.75,1.0,1.0,0.925
49.19425870306395,0.75,1.0,1.0,0.925
49.27615850890952,0.75,1.0,1.0,0.925
49.35819466355624,0.75,1.0,1.0,0.925
49.44036739400092,0.75,1.0,1.0,0.925
49.52267692761831,0.75,1.0,1.0,0.925
49.605123492161646,0.75,1.0,1.0,0.925
49.68770731576341,0.75,1.0,1.0,0.925
49.77042862693583,0.75,1.0,1.0,0.925
49.85328765457157,0.75,1.0,1.0,0.925
49.93628462794437,0.75,1.0,1.0,0.925
50.01941977670967,0.75,1.0,1.0,0.925
50.10269333090524,0.75,1.0,1.0,0.925
50.186105520951834,0.75,1.0,1.0,0.925
50.26965657765378,0.75,1.0,1.0,0.925
50.35334673219974,0.75,1.0,1.0,0.925
50.43717621616318,0.75,1.0,1.0,0.925
50.52114526150312,0.75,1.0,1.0,0.925
50.60525410056477,0.75,1.0,1.0,0.925
50.68950296608013,0.75,1.0,1.0,0.925
50.773892091168655,0.75,1.0,1.0,0.925
50.85842170933793,0.75,1.0,1.0,0.925
50.94309205448425,0.75,1.0,1.0,0.925
51.02790336089337,0.75,1.0,1.0,0.925
51.11285586324104,0.75,1.0,1.0,0.925
51.1979497965937,0.75,1.0,1.0,0.925
51.28318539640915,0.75,1.0,1.0,0.925
51.36856289853719,0.75,1.0,1.0,0.925
51.454082539220266,0.75,1.0,1.0,0.925
51.53974455509409,0.75,1.0,1.0,0.925
51.62554918318841,0.75,1.0,1.0,0.925
51.71149666092753,0.75,1.0,1.0,0.925
51.79758722613103,0.75,1.0,1.0,0.925
51.88382111701441,0.75,1.0,1.0,0.925
51.970198572189794,0.75,1.0,1.0,0.925
52.0567198306665,0.75,1.0,1.0,0.925
52.14338513185181,0.75,1.0,1.0,0.925
52.230194715551505,0.75,1.0,1.0,0.925
52.317148821970704,0.75,1.0,1.0,0.925
52.404247691714346,0.75,1.0,1.0,0.925
52.49149156578795,0.75,1.0,1.0,0.925
52.578880685598286,0.75,1.0,1.0,0.925
52.66641529295399,0.75,1.0,1.0,0.925
52.75409563006631,0.75,1.0,1.0,0.925
52.8419219395497,0.75,1.0,1.0,0.925
52.9298944644225,0.75,1.0,1.0,0.925
53.018013448107745,0.775,1.0,1.0,0.925
53.1062791344336,0.775,1.0,1.0,0.925
53.194691767634225,0.775,1.0,1.0,0.925
53.283251592350375,0.775,1.0,1.0,0.925
53.37195885363008,0.775,1.0,1.0,0.925
53.460813796929344,0.775,1.0,1.0,0.925
53.54981666811281,0.775,1.0,1.0,0.925
53.6389677134544,0.775,1.0,1.0,0.925
53.728267179638145,0.775,1.0,1.0,0.925
53.81771531375867,0.775,1.0,1.0,0.925
53.907312363321985,0.775,1.0,1.0,0.925
53.99705857624617,0.775,1.0,1.0,0.925
54.08695420086203,0.775,1.0,1.0,0.925
54.176999485913825,0.775,1.0,1.0,0.925
54.26719468055986,0.775,1.0,1.0,0.925
54.35754003437337,0.775,1.0,1.0,0.925
54.44803579734298,0.775,1.0,1.0,0.925
54.53868221987353,0.775,1.0,1.0,0.925
54.62947955278674,0.775,1.0,1.0,0.925
54.72042804732192,0.775,1.0,1.0,0.925
54.81152795513663,0.775,1.0,1.0,0.925
54.902779528307406,0.775,1.0,1.0,0.925
54.994183019330414,0.775,1.0,1.0,0.925
55.08573868112227,0.775,1.0,1.0,0.925
55.17744676702058,0.775,1.0,1.0,0.925
55.269307530784694,0.775,1.0,1.0,0.925
55.36132122659649,0.775,1.0,1.0,0.925
55.45348810906097,0.775,1.0,1.0,0.925
55.54580843320702,0.775,1.0,1.0,0.925
55.63828245448812,0.775,1.0,1.0,0.925
55.73091042878298,0.775,1.0,1.0,0.925
55.82369261239641,0.775,1.0,1.0,0.925
55.91662926205982,0.775,1.0,1.0,0.925
56.00972063493208,0.775,1.0,1.0,0.925
56.10296698860018,0.775,1.0,1.0,0.925
56.19636858107992,0.775,1.0,1.0,0.925
56.28992567081669,0.775,1.0,1.0,0.925
56.38363851668613,0.775,1.0,1.0,0.925
56.477507377994826,0.775,1.0,1.0,0.925
56.571532514481156,0.775,1.0,1.0,0.925
56.66571418631584,0.775,1.0,1.0,0.925
56.76005265410275,0.775,1.0,1.0,0.925
56.854548178879625,0.775,1.0,1.0,0.925
56.949201022118785,0.775,1.0,1.0,0.925
57.044011445727854,0.775,1.0,1.0,0.925
57.13897971205047,0.775,1.0,1.0,0.925
57.2341060838671,0.775,1.0,1.0,0.925
57.329390824395595,0.775,1.0,1.0,0.925
57.424834197292085,0.775,1.0,1.0,0.925
57.52043646665161,0.775,1.0,1.0,0.925
57.61619789700888,0.775,1.0,1.0,0.925
57.712118753339034,0.775,1.0,1.0,0.925
57.80819930105832,0.775,1.0,1.0,0.925
57.90443980602486,0.775,1.0,1.0,0.95
58.000840534539435,0.775,1.0,1.0,0.95
58.09740175334611,0.775,1.0,1.0,0.95
58.19412372963305,0.775,1.0,1.0,0.95
58.29100673103323,0.775,1.0,1.0,0.95
58.38805102562522,0.775,1.0,1.0,0.95
58.48525688193386,0.775,1.0,1.0,0.95
58.582624568931045,0.775,1.0,1.0,0.95
58.68015435603645,0.775,1.0,1.0,0.95
58.77784651311835,0.8,1.0,1.0,0.95
58.87570131049423,0.8,1.0,1.0,0.95
58.97371901893164,0.8,1.0,1.0,0.95
59.071899909648884,0.8,1.0,1.0,0.95
59.17024425431584,0.8,1.0,1.0,0.95
59.26875232505462,0.8,1.0,1.0,0.95
59.367424394440405,0.8,1.0,1.0,0.95
59.46626073550213,0.8,1.0,1.0,0.95
59.56526162172336,0.8,1.0,1.0,0.95
59.664427327042866,0.8,1.0,1.0,0.95
59.763758125855524,0.8,1.0,1.0,0.95
59.86325429301302,0.8,1.0,1.0,0.95
59.962916103824625,0.8,1.0,1.0,0.95
60.06274383405794,0.8,1.0,1.0,0.95
60.16273775993969,0.8,1.0,1.0,0.95
60.26289815815641,0.8,1.0,1.0,0.95
60.363225305855394,0.8,1.0,1.0,0.95
60.46371948064523,0.8,1.0,1.0,0.95
60.5643809605967,0.8,1.0,1.0,0.95
60.66521002424353,0.8,1.0,1.0,0.95
60.76620695058317,0.8,1.0,1.0,0.95
60.86737201907752,0.8,1.0,1.0,0.95
60.96870550965374,0.8,1.0,1.0,0.95
61.07020770270509,0.8,1.0,1.0,0.95
61.171878879091544,0.8,1.0,1.0,0.95
61.2737193201407,0.8,1.0,1.0,0.95
61.375729307648506,0.8,1.0,1.0,0.95
61.47790912388007,0.8,1.0,1.0,0.95
61.58025905157038,0.8,1.0,1.0,0.95
61.68277937392518,0.8,1.0,1.0,0.95
61.78547037462164,0.8,1.0,1.0,0.95
61.888332337809295,0.8,1.0,1.0,0.95
61.991365548110664,0.8,1.0,1.0,0.95
62.09457029062213,0.8,1.0,1.0,0.95
62.19794685091471,0.8,1.0,1.0,0.95
62.30149551503485,0.8,1.0,1.0,0.95
62.40521656950522,0.8,1.0,1.0,0.95
62.50911030132549,0.8,1.0,1.0,0.95
62.61317699797311,0.8,1.0,1.0,0.95
62.717416947404224,0.8,1.0,1.0,0.95
62.82183043805426,0.8,1.0,1.0,0.95
62.92641775883891,0.8,1.0,1.0,0.95
63.03117919915481,0.8,1.0,1.0,0.95
63.136115048880434,0.8,1.0,1.0,0.95
63.24122559837683,0.8,1.0,1.0,0.95
63.34651113848845,0.8,1.0,1.0,0.95
63.45197196054392,0.8,1.0,1.0,0.95
63.55760835635699,0.8,1.0,1.0,0.95
63.66342061822709,0.8,1.0,1.0,0.95
63.76940903894036,0.8,1.0,1.0,0.95
63.875573911770346,0.8,1.0,1.0,0.95
63.98191553047884,0.8,1.0,1.0,0.95
64.08843418931671,0.8,1.0,1.0,0.95
64.19513018302467,0.8,1.0,1.0,0.95
64.30200380683422,0.8,1.0,1.0,0.95
64.40905535646827,0.8,1.0,1.0,0.95
64.51628512814206,0.8,1.0,1.0,0.95
64.62369341856403,0.8,1.0,1.0,0.95
64.73128052493657,0.8,1.0,1.0,0.95
64.8390467449568,0.8,1.0,1.0,0.95
64.94699237681756,0.8,1.0,1.0,0.95
65.05511771920803,0.8,1.0,1.0,0.95
65.16342307131472,0.8,1.0,1.0,0.95
65.27190873282224,0.8,1.0,1.0,0.95
65.38057500391405,0.8,1.0,1.0,0.95
65.48942218527343,0.8,1.0,1.0,0.95
65.5984505780842,0.825,1.0,1.0,0.95
65.70766048403163,0.825,1.0,1.0,0.95
65.81705220530324,0.825,1.0,1.0,0.95
65.92662604458958,0.825,1.0,1.0,0.95
66.03638230508525,0.825,1.0,1.0,0.95
66.14632129048954,0.825,1.0,1.0,0.95
66.25644330500731,0.825,1.0,1.0,0.95
66.36674865334992,0.825,1.0,1.0,0.95
66.47723764073602,0.825,1.0,1.0,0.95
66.58791057289237,0.825,1.0,1.0,0.95
66.69876775605472,0.825,1.0,1.0,0.95
66.80980949696864,0.825,1.0,1.0,0.95
66.92103610289045,0.825,1.0,1.0,0.95
67.03244788158791,0.825,1.0,1.0,0.95
67.14404514134118,0.825,1.0,1.0,0.95
67.25582819094366,0.825,1.0,1.0,0.95
67.36779733970285,0.825,1.0,1.0,0.95
67.47995289744117,0.825,1.0,1.0,0.95
67.59229517449683,0.825,1.0,1.0,0.95
67.70482448172476,0.825,1.0,1.0,0.95
67.81754113049736,0.825,1.0,1.0,0.95
67.93044543270541,0.825,1.0,1.0,0.95
68.04353770075893,0.825,1.0,1.0,0.95
68.15681824758809,0.825,1.0,1.0,0.95
68.27028738664397,0.825,1.0,1.0,0.95
68.38394543189955,0.825,1.0,1.0,0.95
68.49779269785046,0.825,1.0,1.0,0.95
68.61182949951598,0.825,1.0,1.0,0.95
68.72605615243981,0.825,1.0,1.0,0.95
68.84047297269095,0.825,1.0,1.0,0.95
68.95508027686462,0.825,1.0,1.0,0.95
69.06987838208313,0.825,1.0,1.0,0.95
69.18486760599671,0.825,1.0,1.0,0.95
69.30004826678447,0.825,1.0,1.0,0.95
69.41542068315515,0.825,1.0,1.0,0.95
69.5309851743482,0.825,1.0,1.0,0.95
69.64674206013446,0.825,1.0,1.0,0.95
69.76269166081715,0.85,1.0,1.0,0.95
69.87883429723277,0.85,1.0,1.0,0.95
69.9951702907519,0.85,1.0,1.0,0.95
70.11169996328019,0.85,1.0,1.0,0.95
70.2284236372592,0.85,1.0,1.0,0.95
70.34534163566725,0.85,1.0,1.0,0.95
70.46245428202049,0.85,1.0,1.0,0.95
70.57976190037353,0.85,1.0,1.0,0.95
70.69726481532054,0.85,1.0,1.0,0.95
70.81496335199606,0.85,1.0,1.0,0.95
70.93285783607593,0.85,1.0,1.0,0.95
71.05094859377819,0.85,1.0,1.0,0.95
71.16923595186394,0.85,1.0,1.0,0.95
71.28772023763838,0.85,1.0,1.0,0.95
71.40640177895149,0.85,1.0,1.0,0.95
71.52528090419915,0.85,1.0,1.0,0.95
71.6443579423239,0.85,1.0,1.0,0.95
71.76363322281595,0.85,1.0,1.0,0.95
71.88310707571407,0.85,1.0,1.0,0.95
72.00277983160642,0.85,1.0,1.0,0.95
72.12265182163156,0.85,1.0,1.0,0.95
72.24272337747944,0.85,1.0,1.0,0.95
72.36299483139204,0.85,1.0,1.0,0.95
72.4834665161646,0.85,1.0,1.0,0.95
72.60413876514633,0.85,1.0,1.0,0.95
72.72501191224144,0.85,1.0,1.0,0.95
72.84608629191003,0.85,1.0,1.0,0.95
72.96736223916899,0.85,1.0,1.0,0.95
73.08884008959298,0.85,1.0,1.0,0.95
73.21052017931538,0.85,1.0,1.0,0.95
73.33240284502908,0.85,1.0,1.0,0.95
73.45448842398757,0.85,1.0,1.0,0.95
73.57677725400576,0.85,1.0,1.0,0.95
73.69926967346102,0.85,1.0,1.0,0.95
73.82196602129399,0.85,1.0,1.0,0.95
73.94486663700965,0.85,1.0,1.0,0.95
74.06797186067814,0.85,1.0,1.0,0.95
74.19128203293585,0.85,1.0,1.0,0.95
74.31479749498615,0.85,1.0,1.0,0.95
74.43851858860054,0.85,1.0,1.0,0.95
74.56244565611946,0.85,1.0,1.0,0.95
74.68657904045334,0.85,1.0,1.0,0.95
74.81091908508341,0.85,1.0,1.0,0.95
74.9354661340628,0.85,1.0,1.0,0.95
75.06022053201747,0.85,1.0,1.0,0.95
75.18518262414703,0.85,1.0,1.0,0.95
75.31035275622584,0.85,1.0,1.0,0.95
75.43573127460388,0.875,1.0,1.0,0.95
75.56131852620777,0.875,1.0,1.0,0.95
75.6871148585417,0.875,1.0,1.0,0.95
75.81312061968838,0.875,1.0,1.0,0.95
75.93933615830997,0.875,1.0,1.0,0.95
76.06576182364924,0.875,1.0,1.0,0.95
76.19239796553025,0.875,1.0,1.0,0.95
76.31924493435949,0.875,1.0,1.0,0.95
76.44630308112684,0.875,1.0,1.0,0.95
76.57357275740648,0.875,1.0,1.0,0.95
76.70105431535792,0.875,1.0,1.0,0.95
76.82874810772698,0.875,1.0,1.0,0.95
76.95665448784663,0.875,1.0,1.0,0.95
77.08477380963828,0.875,1.0,1.0,0.95
77.21310642761237,0.875,1.0,1.0,0.95
77.34165269686963,0.875,1.0,1.0,0.95
77.47041297310192,0.875,1.0,1.0,0.95
77.59938761259329,0.875,1.0,1.0,0.95
77.72857697222095,0.875,1.0,1.0,0.95
77.85798140945624,0.875,1.0,1.0,0.95
77.98760128236559,0.875,1.0,1.0,0.95
78.11743694961164,0.875,1.0,1.0,0.95
78.24748877045407,0.875,1.0,1.0,0.95
78.37775710475066,0.875,1.0,1.0,0.95
78.50824231295832,0.875,1.0,1.0,0.95
78.63894475613401,0.875,1.0,1.0,0.95
78.76986479593587,0.875,1.0,1.0,0.95
78.90100279462402,0.875,1.0,1.0,0.95
79.03235911506184,0.875,1.0,1.0,0.95
79.16393412071668,0.875,1.0,1.0,0.95
79.29572817566103,0.875,1.0,1.0,0.95
79.4277416445735,0.875,1.0,1.0,0.95
79.55997489273987,0.875,1.0,1.0,0.95
79.692428286054,0.875,1.0,1.0,0.95
79.82510219101891,0.875,1.0,1.0,0.95
79.95799697474777,0.875,1.0,1.0,0.95
80.09111300496502,0.875,1.0,1.0,0.95
80.22445065000721,0.875,1.0,1.0,0.95
80.3580102788241,0.875,1.0,1.0,0.95
80.49179226097971,0.875,1.0,1.0,0.95
80.62579696665334,0.875,1.0,1.0,0.95
80.76002476664053,0.875,1.0,1.0,0.95
80.89447603235418,0.875,1.0,1.0,0.95
81.02915113582543,0.875,1.0,1.0,0.95
81.16405044970496,0.875,1.0,1.0,0.95
81.2991743472637,0.875,1.0,1.0,0.95
81.43452320239405,0.875,1.0,1.0,0.95
81.57009738961088,0.875,1.0,1.0,0.95
81.70589728405258,0.875,1.0,1.0,0.95
81.84192326148204,0.875,1.0,1.0,0.95
81.97817569828776,0.875,1.0,1.0,0.95
82.1146549714848,0.875,1.0,1.0,0.95
82.25136145871603,0.875,1.0,1.0,0.95
82.3882955382529,0.875,1.0,1.0,0.95
82.52545758899664,0.875,1.0,1.0,0.95
82.6628479904793,0.875,1.0,1.0,0.95
82.80046712286477,0.875,1.0,1.0,0.95
82.93831536694987,0.875,1.0,1.0,0.95
83.0763931041653,0.875,1.0,1.0,0.95
83.21470071657694,0.875,1.0,1.0,0.95
83.3532385868866,0.875,1.0,1.0,0.95
83.49200709843326,0.875,1.0,1.0,0.95
83.6310066351941,0.875,1.0,1.0,0.95
83.77023758178555,0.875,1.0,1.0,0.95
83.90970032346435,0.875,1.0,1.0,0.95
84.04939524612864,0.875,1.0,1.0,0.95
84.18932273631896,0.875,1.0,1.0,0.95
84.32948318121952,0.875,1.0,1.0,0.95
84.46987696865897,0.875,1.0,1.0,0.95
84.61050448711167,0.875,1.0,1.0,0.95
84.75136612569875,0.875,1.0,1.0,0.95
84.89246227418913,0.875,1.0,1.0,0.95
85.03379332300064,0.875,1.0,1.0,0.95
85.17535966320106,0.875,1.0,1.0,0.95
85.31716168650925,0.875,1.0,1.0,0.95
85.45919978529628,0.875,1.0,1.0,0.95
85.60147435258634,0.875,1.0,1.0,0.95
85.74398578205798,0.875,1.0,1.0,0.95
85.88673446804515,0.875,1.0,1.0,0.95
86.02972080553833,0.875,1.0,1.0,0.95
86.17294519018554,0.875,1.0,1.0,0.95
86.31640801829352,0.875,1.0,1.0,0.95
86.46010968682873,0.875,1.0,1.0,0.95
86.60405059341865,0.875,1.0,1.0,0.95
86.7482311363526,0.875,1.0,1.0,0.95
86.89265171458302,0.875,1.0,1.0,0.95
87.03731272772657,0.875,1.0,1.0,0.95
87.18221457606518,0.875,1.0,1.0,0.95
87.32735766054714,0.875,1.0,1.0,0.95
87.47274238278831,0.875,1.0,1.0,0.95
87.6183691450731,0.875,1.0,1.0,0.95
87.7642383503558,0.875,1.0,1.0,0.95
87.91035040226137,0.875,1.0,1.0,0.95
88.05670570508684,0.875,1.0,1.0,0.95
88.20330466380229,0.875,1.0,1.0,0.95
88.35014768405198,0.875,1.0,1.0,0.95
88.49723517215556,0.875,1.0,1.0,0.95
88.64456753510903,0.875,1.0,1.0,0.95
88.79214518058615,0.875,1.0,1.0,0.95
88.93996851693919,0.875,1.0,1.0,0.95
89.08803795320036,0.875,1.0,1.0,0.95
89.23635389908279,0.875,1.0,1.0,0.95
89.38491676498172,0.875,1.0,1.0,0.95
89.53372696197569,0.875,1.0,1.0,0.95
89.6827849018275,0.875,1.0,1.0,0.95
89.83209099698551,0.875,1.0,1.0,0.95
89.98164566058483,0.875,1.0,1.0,0.95
90.13144930644825,0.875,1.0,1.0,0.95
90.2815023490875,0.875,1.0,1.0,0.95
90.43180520370449,0.875,1.0,1.0,0.95
90.58235828619227,0.875,1.0,1.0,0.95
90.73316201313635,0.875,1.0,1.0,0.95
90.88421680181574,0.875,1.0,1.0,0.95
91.0355230702041,0.875,1.0,1.0,0.95
91.18708123697115,0.875,1.0,1.0,0.95
91.33889172148338,0.875,1.0,1.0,0.95
91.49095494380556,0.875,1.0,1.0,0.95
91.64327132470179,0.875,1.0,1.0,0.95
91.79584128563666,0.875,1.0,1.0,0.95
91.94866524877641,0.875,1.0,1.0,0.95
92.10174363699012,0.875,1.0,1.0,0.95
92.25507687385087,0.875,1.0,1.0,0.975
92.40866538363699,0.875,1.0,1.0,0.975
92.56250959133305,0.875,1.0,1.0,0.975
92.7166099226312,0.875,1.0,1.0,0.975
92.87096680393228,0.875,1.0,1.0,0.975
93.025580662347,0.875,1.0,1.0,0.975
93.18045192569714,0.875,1.0,1.0,0.975
93.3355810225167,0.875,1.0,1.0,0.975
93.49096838205327,0.875,1.0,1.0,0.975
93.64661443426887,0.875,1.0,1.0,0.975
93.8025196098414,0.875,1.0,1.0,0.975
93.95868434016576,0.875,1.0,1.0,0.975
94.11510905735508,0.875,1.0,1.0,0.975
94.27179419424183,0.875,1.0,1.0,0.975
94.42874018437912,0.875,1.0,1.0,0.975
94.58594746204174,0.875,1.0,1.0,0.975
94.7434164622277,0.875,1.0,1.0,0.975
94.90114762065899,0.875,1.0,1.0,0.975
95.05914137378306,0.875,1.0,1.0,0.975
95.217398158774,0.875,1.0,1.0,0.975
95.3759184135337,0.875,1.0,1.0,0.975
95.53470257669305,0.875,1.0,1.0,0.975
95.69375108761325,0.875,1.0,1.0,0.975
95.85306438638686,0.875,1.0,1.0,0.975
96.01264291383927,0.875,1.0,1.0,0.975
96.17248711152963,0.875,1.0,1.0,0.975
96.33259742175227,0.875,1.0,1.0,0.975
96.49297428753782,0.875,1.0,1.0,0.975
96.65361815265452,0.875,1.0,1.0,0.975
96.81452946160938,0.875,1.0,1.0,0.975
96.97570865964947,0.875,1.0,1.0,0.975
97.13715619276302,0.875,1.0,1.0,0.975
97.29887250768093,0.875,1.0,1.0,0.975
97.4608580518777,0.875,1.0,1.0,0.975
97.62311327357278,0.875,1.0,1.0,0.975
97.7856386217319,0.875,1.0,1.0,0.975
97.94843454606821,0.875,1.0,1.0,0.975
98.11150149704355,0.875,1.0,1.0,0.975
98.27483992586964,0.875,1.0,1.0,0.975
98.43845028450957,0.875,1.0,1.0,0.975
98.60233302567866,0.875,1.0,1.0,0.975
98.76648860284605,0.875,1.0,1.0,0.975
98.93091747023578,0.875,1.0,1.0,0.975
99.09562008282809,0.875,1.0,1.0,0.975
99.26059689636068,0.875,1.0,1.0,1.0
99.42584836733002,0.875,1.0,1.0,1.0
99.59137495299247,0.875,1.0,1.0,1.0
99.75717711136578,0.875,1.0,1.0,1.0
99.92325530123013,0.875,1.0,1.0,1.0
100.08960998212952,0.875,1.0,1.0,1.0
100.25624161437281,0.875,1.0,1.0,1.0
100.42315065903563,0.875,1.0,1.0,1.0
100.59033757796084,0.875,1.0,1.0,1.0
100.75780283376034,0.875,1.0,1.0,1.0
100.92554688981616,0.875,1.0,1.0,1.0
101.09357021028178,0.875,1.0,1.0,1.0
101.26187326008345,0.875,1.0,1.0,1.0
101.43045650492138,0.875,1.0,1.0,1.0
101.59932041127117,0.875,1.0,1.0,1.0
101.76846544638491,0.875,1.0,1.0,1.0
101.9378920782927,0.875,1.0,1.0,1.0
102.10760077580376,0.875,1.0,1.0,1.0
102.2775920085078,0.875,1.0,1.0,1.0
102.44786624677633,0.875,1.0,1.0,1.0
102.61842396176394,0.875,1.0,1.0,1.0
102.7892656254095,0.875,1.0,1.0,1.0
102.9603917104379,0.875,1.0,1.0,1.0
103.13180269036071,0.875,1.0,1.0,1.0
103.30349903947794,0.875,1.0,1.0,1.0
103.47548123287919,0.875,1.0,1.0,1.0
103.64774974644502,0.875,1.0,1.0,1.0
103.82030505684824,0.875,1.0,1.0,1.0
103.99314764155527,0.875,1.0,1.0,1.0
104.1662779788274,0.875,1.0,1.0,1.0
104.3396965477221,0.875,1.0,1.0,1.0
104.51340382809447,0.875,1.0,1.0,1.0
104.68740030059844,0.875,1.0,1.0,1.0
104.86168644668813,0.875,1.0,1.0,1.0
105.03626274861924,0.875,1.0,1.0,1.0
105.21112968945029,0.875,1.0,1.0,1.0
105.38628775304404,0.875,1.0,1.0,1.0
105.5617374240687,0.875,1.0,1.0,1.0
105.73747918799965,0.875,1.0,1.0,1.0
105.91351353112023,0.875,1.0,1.0,1.0
106.0898409405234,0.875,1.0,1.0,1.0
106.2664619041131,0.875,1.0,1.0,1.0
106.44337691060552,0.875,1.0,1.0,1.0
106.62058644953049,0.875,1.0,1.0,1.0
106.7980910112328,0.875,1.0,1.0,1.0
106.97589108687359,0.875,1.0,1.0,1.0
107.15398716843171,0.875,1.0,1.0,1.0
107.33237974870504,0.875,1.0,1.0,1.0
107.5110693213119,0.875,1.0,1.0,1.0
107.6900563806924,0.875,1.0,1.0,1.0
107.8693414221098,0.875,1.0,1.0,1.0
108.04892494165189,0.875,1.0,1.0,1.0
108.22880743623224,0.875,1.0,1.0,1.0
108.40898940359205,0.875,1.0,1.0,1.0
108.5894713423008,0.875,1.0,1.0,1.0
108.77025375175813,0.875,1.0,1.0,1.0
108.95133713219512,0.875,1.0,1.0,1.0
109.1327219846756,0.875,1.0,1.0,1.0
109.31440881109762,0.875,1.0,1.0,1.0
109.49639811419478,0.875,1.0,1.0,1.0
109.67869039753766,0.875,1.0,1.0,1.0
109.86128616553518,0.875,1.0,1.0,1.0
110.04418592343603,0.875,1.0,1.0,1.0
110.22739017733002,0.875,1.0,1.0,1.0
110.41089943414956,0.875,1.0,1.0,1.0
110.59471420167097,0.875,1.0,1.0,1.0
110.77883498851594,0.9,1.0,1.0,1.0
110.96326230415293,0.9,1.0,1.0,1.0
111.14799665889846,0.9,1.0,1.0,1.0
111.333038563919,0.9,1.0,1.0,1.0
111.51838853123164,0.9,1.0,1.0,1.0
111.70404707370602,0.9,1.0,1.0,1.0
111.89001470506564,0.9,1.0,1.0,1.0
112.07629193988923,0.9,1.0,1.0,1.0
112.2628792936122,0.9,1.0,1.0,1.0
112.4497772825281,0.9,1.0,1.0,1.0
112.63698642379002,0.9,1.0,1.0,1.0
112.82450723541196,0.9,1.0,1.0,1.0
113.01234023627039,0.9,1.0,1.0,1.0
113.20048594610559,0.9,1.0,1.0,1.0
113.3889448855231,0.9,1.0,1.0,1.0
113.57771757599521,0.9,1.0,1.0,1.0
113.76680453986235,0.9,1.0,1.0,1.0
113.95620630033456,0.9,1.0,1.0,1.0
114.1459233814928,0.9,1.0,1.0,1.0
114.33595630829093,0.9,1.0,1.0,1.0
114.52630560655638,0.9,1.0,1.0,1.0
114.71697180299208,0.9,1.0,1.0,1.0
114.90795542517789,0.9,1.0,1.0,1.0
115.09925700157196,0.9,1.0,1.0,1.0
115.29087706151222,0.9,1.0,1.0,1.0
115.48281613521789,0.9,1.0,1.0,1.0
115.6750747537909,0.9,1.0,1.0,1.0
115.86765344921734,0.9,1.0,1.0,1.0
116.06055275436901,0.9,1.0,1.0,1.0
116.25377320300483,0.9,1.0,1.0,1.0
116.44731532977232,0.9,1.0,1.0,1.0
116.64117967020911,0.9,1.0,1.0,1.0
116.83536676074439,0.9,1.0,1.0,1.0
117.02987713870033,0.9,1.0,1.0,1.0
117.22471134229396,0.9,1.0,1.0,1.0
117.41986991063801,0.9,1.0,1.0,1.0
117.61535338374286,0.9,1.0,1.0,1.0
117.8111623025179,0.9,1.0,1.0,1.0
118.00729720877305,0.9,1.0,1.0,1.0
118.20375864522025,0.9,1.0,1.0,1.0
118.40054715547495,0.9,1.0,1.0,1.0
118.59766328405763,0.9,1.0,1.0,1.0
118.7951075763953,0.9,1.0,1.0,1.0
118.992880578823,0.9,1.0,1.0,1.0
119.19098283858536,0.9,1.0,1.0,1.0
119.38941490383802,0.9,1.0,1.0,1.0
119.58817732364925,0.9,1.0,1.0,1.0
119.7872706480014,0.9,1.0,1.0,1.0
119.98669542779244,0.9,1.0,1.0,1.0
120.18645221483737,0.9,1.0,1.0,1.0
120.38654156187026,0.9,1.0,1.0,1.0
120.58696402254499,0.9,1.0,1.0,1.0
120.78772015143728,0.9,1.0,1.0,1.0
120.98881050404616,0.9,1.0,1.0,1.0
121.19023563679545,0.9,1.0,1.0,1.0
121.39199610703534,0.9,1.0,1.0,1.0
121.59409247304386,0.9,1.0,1.0,1.0
121.79652529402853,0.9,1.0,1.0,1.0
121.9992951301278,0.9,1.0,1.0,1.0
122.20240254241271,0.9,1.0,1.0,1.0
122.40584809288836,0.9,1.0,1.0,1.0
122.60963234449545,0.9,1.0,1.0,1.0
122.81375586111194,0.9,1.0,1.0,1.0
123.01821920755452,0.9,1.0,1.0,1.0
123.22302294958007,0.9,1.0,1.0,1.0
123.42816765388774,0.9,1.0,1.0,1.0
123.63365388811974,0.9,1.0,1.0,1.0
123.83948222086347,0.9,1.0,1.0,1.0
124.0456532216529,0.925,1.0,1.0,1.0
124.25216746097017,0.95,1.0,1.0,1.0
124.45902551024719,0.95,1.0,1.0,1.0
124.66622794186719,0.95,1.0,1.0,1.0
124.87377532916632,0.95,1.0,1.0,1.0
125.08166824643524,0.95,1.0,1.0,1.0
125.2899072689207,0.95,1.0,1.0,1.0
125.49849297282714,0.95,1.0,1.0,1.0
125.70742593531827,0.95,1.0,1.0,1.0
125.91670673451868,0.95,1.0,1.0,1.0
126.12633594951544,0.95,1.0,1.0,1.0
126.33631416035969,0.95,1.0,1.0,1.0
126.54664194806813,0.95,1.0,1.0,1.0
126.75731989462513,0.975,1.0,1.0,1.0
126.9683485829836,0.975,1.0,1.0,1.0
127.17972859706705,0.975,1.0,1.0,1.0
127.39146052177118,0.975,1.0,1.0,1.0
127.60354494296537,0.975,1.0,1.0,1.0
127.81598244749442,0.975,1.0,1.0,1.0
128.0287736231801,0.975,1.0,1.0,1.0
128.24191905882282,0.975,1.0,1.0,1.0
128.4554193442032,0.975,1.0,1.0,1.0
128.66927507008378,0.975,1.0,1.0,1.0
128.88348682821064,0.975,1.0,1.0,1.0
129.09805521131491,0.975,1.0,1.0,1.0
129.31298081311465,0.975,1.0,1.0,1.0
129.52826422831623,0.975,1.0,1.0,1.0
129.74390605261607,0.975,1.0,1.0,1.0
129.95990688270263,0.975,1.0,1.0,1.0
130.17626731625742,0.975,1.0,1.0,1.0
130.3929879519571,0.975,1.0,1.0,1.0
130.610069389475,0.975,1.0,1.0,1.0
130.82751222948286,0.975,1.0,1.0,1.0
131.0453170736523,0.975,1.0,1.0,1.0
131.26348452465683,0.975,1.0,1.0,1.0
131.48201518617307,0.975,1.0,1.0,1.0
131.70090966288285,0.975,1.0,1.0,1.0
131.92016856047454,0.975,1.0,1.0,1.0
132.139792485645,0.975,1.0,1.0,1.0
132.35978204610106,0.975,1.0,1.0,1.0
132.58013785056127,0.975,1.0,1.0,1.0
132.80086050875764,0.975,1.0,1.0,1.0
133.02195063143722,0.975,1.0,1.0,1.0
133.24340883036376,0.975,1.0,1.0,1.0
133.4652357183199,0.975,1.0,1.0,1.0
133.68743190910794,0.975,1.0,1.0,1.0
133.90999801755237,0.975,1.0,1.0,1.0
134.1329346595011,0.975,1.0,1.0,1.0
134.3562424518274,0.975,1.0,1.0,1.0
134.57992201243147,0.975,1.0,1.0,1.0
134.80397396024227,0.975,1.0,1.0,1.0
135.02839891521913,0.975,1.0,1.0,1.0
135.2531974983535,0.975,1.0,1.0,1.0
135.4783703316707,0.975,1.0,1.0,1.0
135.70391803823156,0.975,1.0,1.0,1.0
135.92984124213427,0.975,1.0,1.0,1.0
136.15614056851595,0.975,1.0,1.0,1.0
136.38281664355455,0.975,1.0,1.0,1.0
136.60987009447027,0.975,1.0,1.0,1.0
136.83730154952804,0.975,1.0,1.0,1.0
137.06511163803822,0.975,1.0,1.0,1.0
137.29330099035909,0.975,1.0,1.0,1.0
137.52187023789827,1.0,1.0,1.0,1.0
137.75082001311466,1.0,1.0,1.0,1.0
137.98015094952004,1.0,1.0,1.0,1.0
138.2098636816809,1.0,1.0,1.0,1.0
138.4399588452201,1.0,1.0,1.0,1.0
138.67043707681884,1.0,1.0,1.0,1.0
138.90129901421813,1.0,1.0,1.0,1.0
139.13254529622083,1.0,1.0,1.0,1.0
139.3641765626932,1.0,1.0,1.0,1.0
139.59619345456684,1.0,1.0,1.0,1.0
139.82859661384032,1.0,1.0,1.0,1.0
140.0613866835811,1.0,1.0,1.0,1.0
140.29456430792703,1.0,1.0,1.0,1.0
140.5281301320888,1.0,1.0,1.0,1.0
140.7620848023508,1.0,1.0,1.0,1.0
140.99642896607355,1.0,1.0,1.0,1.0
141.2311632716953,1.0,1.0,1.0,1.0
141.4662883687338,1.0,1.0,1.0,1.0
141.70180490778822,1.0,1.0,1.0,1.0
141.93771354054076,1.0,1.0,1.0,1.0
142.17401491975863,1.0,1.0,1.0,1.0
142.41070969929575,1.0,1.0,1.0,1.0
142.6477985340946,1.0,1.0,1.0,1.0
142.885282080188,1.0,1.0,1.0,1.0
143.123160994701,1.0,1.0,1.0,1.0
143.36143593585263,1.0,1.0,1.0,1.0
143.6001075629577,1.0,1.0,1.0,1.0
143.83917653642857,1.0,1.0,1.0,1.0
144.0786435177775,1.0,1.0,1.0,1.0
144.31850916961756,1.0,1.0,1.0,1.0
144.55877415566513,1.0,1.0,1.0,1.0
144.79943914074164,1.0,1.0,1.0,1.0
145.04050479077523,1.0,1.0,1.0,1.0
145.2819717728027,1.0,1.0,1.0,1.0
145.52384075497142,1.0,1.0,1.0,1.0
145.76611240654103,1.0,1.0,1.0,1.0
146.0087873978854,1.0,1.0,1.0,1.0
146.2518664004945,1.0,1.0,1.0,1.0
146.49535008697612,1.0,1.0,1.0,1.0
146.7392391310579,1.0,1.0,1.0,1.0
146.9835342075891,1.0,1.0,1.0,1.0
147.22823599254244,1.0,1.0,1.0,1.0
147.47334516301612,1.0,1.0,1.0,1.0
147.7188623972353,1.0,1.0,1.0,1.0
147.96478837455487,1.0,1.0,1.0,1.0
148.21112377546015,1.0,1.0,1.0,1.0
148.45786928156954,1.0,1.0,1.0,1.0
148.70502557563623,1.0,1.0,1.0,1.0
148.95259334155008,1.0,1.0,1.0,1.0
149.20057326433945,1.0,1.0,1.0,1.0
149.44896603017327,1.0,1.0,1.0,1.0
149.69777232636267,1.0,1.0,1.0,1.0
149.9469928413631,1.0,1.0,1.0,1.0
150.19662826477625,1.0,1.0,1.0,1.0
150.44667928735174,1.0,1.0,1.0,1.0
150.69714660098924,1.0,1.0,1.0,1.0
150.9480308987403,1.0,1.0,1.0,1.0
151.1993328748103,1.0,1.0,1.0,1.0
151.45105322456013,1.0,1.0,1.0,1.0
151.70319264450887,1.0,1.0,1.0,1.0
151.95575183233467,1.0,1.0,1.0,1.0
152.20873148687738,1.0,1.0,1.0,1.0
152.46213230814027,1.0,1.0,1.0,1.0
152.71595499729202,1.0,1.0,1.0,1.0
152.9702002566686,1.0,1.0,1.0,1.0
153.22486878977526,1.0,1.0,1.0,1.0
153.47996130128848,1.0,1.0,1.0,1.0
153.73547849705787,1.0,1.0,1.0,1.0
153.9914210841082,1.0,1.0,1.0,1.0
154.24778977064125,1.0,1.0,1.0,1.0
154.5045852660379,1.0,1.0,1.0,1.0
154.76180828085995,1.0,1.0,1.0,1.0
155.01945952685224,1.0,1.0,1.0,1.0
155.27753971694452,1.0,1.0,1.0,1.0
155.5360495652532,1.0,1.0,1.0,1.0
155.79498978708418,1.0,1.0,1.0,1.0
156.0543610989336,1.0,1.0,1.0,1.0
156.31416421849076,1.0,1.0,1.0,1.0
156.57439986463964,1.0,1.0,1.0,1.0
156.8350687574611,1.0,1.0,1.0,1.0
157.09617161823482,1.0,1.0,1.0,1.0
157.35770916944128,1.0,1.0,1.0,1.0
157.6196821347637,1.0,1.0,1.0,1.0
157.88209123909022,1.0,1.0,1.0,1.0
158.1449372085157,1.0,1.0,1.0,1.0
158.40822077034383,1.0,1.0,1.0,1.0
158.67194265308916,1.0,1.0,1.0,1.0
158.9361035864791,1.0,1.0,1.0,1.0
159.2007043014559,1.0,1.0,1.0,1.0
159.46574553017854,1.0,1.0,1.0,1.0
159.7312280060254,1.0,1.0,1.0,1.0
159.99715246359534,1.0,1.0,1.0,1.0
160.26351963871036,1.0,1.0,1.0,1.0
160.53033026841746,1.0,1.0,1.0,1.0
160.79758509099068,1.0,1.0,1.0,1.0
161.06528484593318,1.0,1.0,1.0,1.0
161.33343027397927,1.0,1.0,1.0,1.0
161.60202211709645,1.0,1.0,1.0,1.0
161.87106111848743,1.0,1.0,1.0,1.0
162.14054802259224,1.0,1.0,1.0,1.0
162.41048357509032,1.0,1.0,1.0,1.0
162.68086852290247,1.0,1.0,1.0,1.0
162.951703614193,1.0,1.0,1.0,1.0
163.2229895983718,1.0,1.0,1.0,1.0
163.4947272260964,1.0,1.0,1.0,1.0
163.76691724927383,1.0,1.0,1.0,1.0
164.03956042106344,1.0,1.0,1.0,1.0
164.31265749587803,1.0,1.0,1.0,1.0
164.58620922938638,1.0,1.0,1.0,1.0
164.86021637851545,1.0,1.0,1.0,1.0
165.13467970145234,1.0,1.0,1.0,1.0
165.40959995764632,1.0,1.0,1.0,1.0
165.6849779078111,1.0,1.0,1.0,1.0
165.96081431392673,1.0,1.0,1.0,1.0
166.23710993924198,1.0,1.0,1.0,1.0
166.5138655482762,1.0,1.0,1.0,1.0
166.7910819068215,1.0,1.0,1.0,1.0
167.06875978194498,1.0,1.0,1.0,1.0
167.3468999419907,1.0,1.0,1.0,1.0
167.62550315658194,1.0,1.0,1.0,1.0
167.90457019662307,1.0,1.0,1.0,1.0
168.1841018343024,1.0,1.0,1.0,1.0
168.46409884309324,1.0,1.0,1.0,1.0
168.74456199775682,1.0,1.0,1.0,1.0
169.02549207434424,1.0,1.0,1.0,1.0
169.30688985019847,1.0,1.0,1.0,1.0
169.58875610395677,1.0,1.0,1.0,1.0
169.87109161555256,1.0,1.0,1.0,1.0
170.15389716621783,1.0,1.0,1.0,1.0
170.43717353848507,1.0,1.0,1.0,1.0
170.72092151618963,1.0,1.0,1.0,1.0
171.00514188447178,1.0,1.0,1.0,1.0
171.28983542977895,1.0,1.0,1.0,1.0
171.57500293986777,1.0,1.0,1.0,1.0
171.86064520380646,1.0,1.0,1.0,1.0
172.14676301197682,1.0,1.0,1.0,1.0
172.43335715607634,1.0,1.0,1.0,1.0
172.7204284291211,1.0,1.0,1.0,1.0
173.0079776254469,1.0,1.0,1.0,1.0
173.29600554071206,1.0,1.0,1.0,1.0
173.5845129718996,1.0,1.0,1.0,1.0
173.87350071731942,1.0,1.0,1.0,1.0
174.16296957661032,1.0,1.0,1.0,1.0
174.45292035074252,1.0,1.0,1.0,1.0
174.7433538420196,1.0,1.0,1.0,1.0
175.03427085408086,1.0,1.0,1.0,1.0
175.3256721919036,1.0,1.0,1.0,1.0
175.61755866180513,1.0,1.0,1.0,1.0
175.90993107144527,1.0,1.0,1.0,1.0
176.20279022982837,1.0,1.0,1.0,1.0
176.49613694730562,1.0,1.0,1.0,1.0
176.78997203557716,1.0,1.0,1.0,1.0
177.08429630769504,1.0,1.0,1.0,1.0
177.37911057806429,1.0,1.0,1.0,1.0
177.674415662446,1.0,1.0,1.0,1.0
177.9702123779593,1.0,1.0,1.0,1.0
178.26650154308382,1.0,1.0,1.0,1.0
178.56328397766165,1.0,1.0,1.0,1.0
178.8605605028999,1.0,1.0,1.0,1.0
179.15833194137275,1.0,1.0,1.0,1.0
179.4565991170239,1.0,1.0,1.0,1.0
179.75536285516873,1.0,1.0,1.0,1.0
180.0546239824966,1.0,1.0,1.0,1.0
180.35438332707324,1.0,1.0,1.0,1.0
180.65464171834287,1.0,1.0,1.0,1.0
180.95539998713068,1.0,1.0,1.0,1.0
181.256658965645,1.0,1.0,1.0,1.0
181.5584194874794,1.0,1.0,1.0,1.0
181.8606823876159,1.0,1.0,1.0,1.0
182.16344850242598,1.0,1.0,1.0,1.0
182.46671866967375,1.0,1.0,1.0,1.0
182.77049372851803,1.0,1.0,1.0,1.0
183.07477451951473,1.0,1.0,1.0,1.0
183.3795618846191,1.0,1.0,1.0,1.0
183.68485666718814,1.0,1.0,1.0,1.0
183.9906597119828,1.0,1.0,1.0,1.0
184.29697186517055,1.0,1.0,1.0,1.0
184.60379397432743,1.0,1.0,1.0,1.0
184.91112688844066,1.0,1.0,1.0,1.0
185.21897145791084,1.0,1.0,1.0,1.0
185.5273285345543,1.0,1.0,1.0,1.0
185.83619897160554,1.0,1.0,1.0,1.0
186.14558362371935,1.0,1.0,1.0,1.0
186.45548334697392,1.0,1.0,1.0,1.0
186.7658989988721,1.0,1.0,1.0,1.0
187.0768314383445,1.0,1.0,1.0,1.0
187.38828152575178,1.0,1.0,1.0,1.0
187.70025012288684,1.0,1.0,1.0,1.0
188.01273809297737,1.0,1.0,1.0,1.0
188.3257463006882,1.0,1.0,1.0,1.0
188.63927561212364,1.0,1.0,1.0,1.0
188.95332689482993,1.0,1.0,1.0,1.0
189.26790101779758,1.0,1.0,1.0,1.0
189.5829988514639,1.0,1.0,1.0,1.0
189.89862126771527,1.0,1.0,1.0,1.0
190.21476913988963,1.0,1.0,1.0,1.0
190.5314433427788,1.0,1.0,1.0,1.0
190.8486447526311,1.0,1.0,1.0,1.0
191.16637424715333,1.0,1.0,1.0,1.0
191.4846327055142,1.0,1.0,1.0,1.0
191.80342100834545,1.0,1.0,1.0,1.0
192.12274003774516,1.0,1.0,1.0,1.0
192.44259067727984,1.0,1.0,1.0,1.0
192.7629738119871,1.0,1.0,1.0,1.0
193.08389032837795,1.0,1.0,1.0,1.0
193.4053411144392,1.0,1.0,1.0,1.0
193.72732705963617,1.0,1.0,1.0,1.0
194.04984905491477,1.0,1.0,1.0,1.0
194.3729079927044,1.0,1.0,1.0,1.0
194.69650476692004,1.0,1.0,1.0,1.0
195.02064027296495,1.0,1.0,1.0,1.0
195.34531540773307,1.0,1.0,1.0,1.0
195.67053106961149,1.0,1.0,1.0,1.0
195.99628815848277,1.0,1.0,1.0,1.0
196.32258757572822,1.0,1.0,1.0,1.0
196.6494302242292,1.0,1.0,1.0,1.0
196.9768170083704,1.0,1.0,1.0,1.0
197.30474883404216,1.0,1.0,1.0,1.0
197.63322660864293,1.0,1.0,1.0,1.0
197.96225124108187,1.0,1.0,1.0,1.0
198.29182364178126,1.0,1.0,1.0,1.0
198.62194472267916,1.0,1.0,1.0,1.0
198.95261539723177,1.0,1.0,1.0,1.0
199.28383658041602,1.0,1.0,1.0,1.0
199.6156091887322,1.0,1.0,1.0,1.0
199.94793414020634,1.0,1.0,1.0,1.0
200.28081235439285,1.0,1.0,1.0,1.0
200.61424475237706,1.0,1.0,1.0,1.0
200.9482322567777,1.0,1.0,1.0,1.0
201.2827757917493,1.0,1.0,1.0,1.0
201.61787628298558,1.0,1.0,1.0,1.0
201.95353465772078,1.0,1.0,1.0,1.0
202.28975184473296,1.0,1.0,1.0,1.0
202.6265287743465,1.0,1.0,1.0,1.0
202.96386637843457,1.0,1.0,1.0,1.0
203.30176559042178,1.0,1.0,1.0,1.0
203.6402273452867,1.0,1.0,1.0,1.0
203.97925257956445,1.0,1.0,1.0,1.0
204.31884223134935,1.0,1.0,1.0,1.0
204.65899724029754,1.0,1.0,1.0,1.0
204.99971854762939,1.0,1.0,1.0,1.0
205.34100709613233,1.0,1.0,1.0,1.0
205.68286383016337,1.0,1.0,1.0,1.0
206.02528969565165,1.0,1.0,1.0,1.0
206.36828564010096,1.0,1.0,1.0,1.0
206.7118526125931,1.0,1.0,1.0,1.0
207.05599156378935,1.0,1.0,1.0,1.0
207.40070344593386,1.0,1.0,1.0,1.0
207.74598921285605,1.0,1.0,1.0,1.0
208.0918498199734,1.0,1.0,1.0,1.0
208.43828622429388,1.0,1.0,1.0,1.0
208.78529938441878,1.0,1.0,1.0,1.0
209.1328902605453,1.0,1.0,1.0,1.0
209.4810598144692,1.0,1.0,1.0,1.0
209.82980900958736,1.0,1.0,1.0,1.0
210.17913881090072,1.0,1.0,1.0,1.0
210.52905018501662,1.0,1.0,1.0,1.0
210.8795441001517,1.0,1.0,1.0,1.0
211.2306215261345,1.0,1.0,1.0,1.0
211.58228343440823,1.0,1.0,1.0,1.0
211.934530798033,1.0,1.0,1.0,1.0
212.28736459168968,1.0,1.0,1.0,1.0
212.64078579168114,1.0,1.0,1.0,1.0
212.9947953759358,1.0,1.0,1.0,1.0
213.3493943240102,1.0,1.0,1.0,1.0
213.70458361709163,1.0,1.0,1.0,1.0
214.06036423800091,1.0,1.0,1.0,1.0
214.4167371711951,1.0,1.0,1.0,1.0
214.77370340277017,1.0,1.0,1.0,1.0
215.1312639204638,1.0,1.0,1.0,1.0
215.489419713658,1.0,1.0,1.0,1.0
215.8481717733821,1.0,1.0,1.0,1.0
216.20752109231512,1.0,1.0,1.0,1.0
216.56746866478883,1.0,1.0,1.0,1.0
216.92801548679043,1.0,1.0,1.0,1.0
217.28916255596488,1.0,1.0,1.0,1.0
217.65091087161886,1.0,1.0,1.0,1.0
218.013261434722,1.0,1.0,1.0,1.0
218.3762152479106,1.0,1.0,1.0,1.0
218.73977331549017,1.0,1.0,1.0,1.0
219.10393664343815,1.0,1.0,1.0,1.0
219.46870623940688,1.0,1.0,1.0,1.0
219.83408311272618,1.0,1.0,1.0,1.0
220.20006827440622,1.0,1.0,1.0,1.0
220.5666627371404,1.0,1.0,1.0,1.0
220.93386751530798,1.0,1.0,1.0,1.0
221.30168362497704,1.0,1.0,1.0,1.0
221.67011208390724,1.0,1.0,1.0,1.0
222.0391539115526,1.0,1.0,1.0,1.0
222.4088101290644,1.0,1.0,1.0,1.0
222.77908175929386,1.0,1.0,1.0,1.0
223.149969826795,1.0,1.0,1.0,1.0
223.52147535782805,1.0,1.0,1.0,1.0
223.89359938036122,1.0,1.0,1.0,1.0
224.26634292407428,1.0,1.0,1.0,1.0
224.63970702036127,1.0,1.0,1.0,1.0
225.0136927023333,1.0,1.0,1.0,1.0
225.3883010048214,1.0,1.0,1.0,1.0
225.76353296437946,1.0,1.0,1.0,1.0
226.13938961928707,1.0,1.0,1.0,1.0
226.5158720095523,1.0,1.0,1.0,1.0
226.8929811769147,1.0,1.0,1.0,1.0
227.2707181648481,1.0,1.0,1.0,1.0
227.64908401856354,1.0,1.0,1.0,1.0
228.02807978501224,1.0,1.0,1.0,1.0
228.40770651288824,1.0,1.0,1.0,1.0
228.7879652526314,1.0,1.0,1.0,1.0
229.168857056431,1.0,1.0,1.0,1.0
229.5503829782273,1.0,1.0,1.0,1.0
229.93254407371552,1.0,1.0,1.0,1.0
230.31534140034833,1.0,1.0,1.0,1.0
230.6987760173389,1.0,1.0,1.0,1.0
231.08284898566384,1.0,1.0,1.0,1.0
231.46756136806604,1.0,1.0,1.0,1.0
231.85291422905777,1.0,1.0,1.0,1.0
232.2389086349234,1.0,1.0,1.0,1.0
232.62554565372255,1.0,1.0,1.0,1.0
233.012826355293,1.0,1.0,1.0,1.0
233.4007518112535,1.0,1.0,1.0,1.0
233.789323095007,1.0,1.0,1.0,1.0
234.17854128174343,1.0,1.0,1.0,1.0
234.56840744844266,1.0,1.0,1.0,1.0
234.95892267387737,1.0,1.0,1.0,1.0
235.3500880386169,1.0,1.0,1.0,1.0
235.74190462502884,1.0,1.0,1.0,1.0
236.13437351728297,1.0,1.0,1.0,1.0
236.527495801354,1.0,1.0,1.0,1.0
236.92127256502468,1.0,1.0,1.0,1.0
237.3157048978886,1.0,1.0,1.0,1.0
237.71079389135343,1.0,1.0,1.0,1.0
238.1065406386438,1.0,1.0,1.0,1.0
238.50294623480434,1.0,1.0,1.0,1.0
238.90001177670285,1.0,1.0,1.0,1.0
239.2977383630331,1.0,1.0,1.0,1.0
239.69612709431803,1.0,1.0,1.0,1.0
240.09517907291277,1.0,1.0,1.0,1.0
240.4948954030077,1.0,1.0,1.0,1.0
240.8952771906312,1.0,1.0,1.0,1.0
241.2963255436537,1.0,1.0,1.0,1.0
241.6980415717894,1.0,1.0,1.0,1.0
242.10042638660013,1.0,1.0,1.0,1.0
242.50348110149835,1.0,1.0,1.0,1.0
242.90720683175007,1.0,1.0,1.0,1.0
243.31160469447815,1.0,1.0,1.0,1.0
243.7166758086651,1.0,1.0,1.0,1.0
244.12242129515647,1.0,1.0,1.0,1.0
244.5288422766638,1.0,1.0,1.0,1.0
244.93593987776768,1.0,1.0,1.0,1.0
245.34371522492097,1.0,1.0,1.0,1.0
245.75216944645192,1.0,1.0,1.0,1.0
246.1613036725672,1.0,1.0,1.0,1.0
246.57111903535503,1.0,1.0,1.0,1.0
246.9816166687885,1.0,1.0,1.0,1.0
247.39279770872812,1.0,1.0,1.0,1.0
247.8046632929264,1.0,1.0,1.0,1.0
248.217214561029,1.0,1.0,1.0,1.0
248.63045265457936,1.0,1.0,1.0,1.0
249.04437871702123,1.0,1.0,1.0,1.0
249.4589938937021,1.0,1.0,1.0,1.0
249.87429933187616,1.0,1.0,1.0,1.0
250.2902961807077,1.0,1.0,1.0,1.0
250.7069855912741,1.0,1.0,1.0,1.0
251.12436871656905,1.0,1.0,1.0,1.0
251.54244671150585,1.0,1.0,1.0,1.0
251.96122073292042,1.0,1.0,1.0,1.0
252.38069193957475,1.0,1.0,1.0,1.0
252.80086149215984,1.0,1.0,1.0,1.0
253.22173055329912,1.0,1.0,1.0,1.0
253.6433002875515,1.0,1.0,1.0,1.0
254.06557186141453,1.0,1.0,1.0,1.0
254.48854644332846,1.0,1.0,1.0,1.0
254.91222520367802,1.0,1.0,1.0,1.0
255.33660931479673,1.0,1.0,1.0,1.0
255.76169995096978,1.0,1.0,1.0,1.0
256.18749828843744,1.0,1.0,1.0,1.0
256.61400550539804,1.0,1.0,1.0,1.0
257.04122278201163,1.0,1.0,1.0,1.0
257.4691513004028,1.0,1.0,1.0,1.0
257.89779224466434,1.0,1.0,1.0,1.0
258.3271468008602,1.0,1.0,1.0,1.0
258.75721615702906,1.0,1.0,1.0,1.0
259.18800150318737,1.0,1.0,1.0,1.0
259.6195040313328,1.0,1.0,1.0,1.0
260.05172493544745,1.0,1.0,1.0,1.0
260.484665411501,1.0,1.0,1.0,1.0
260.91832665745494,1.0,1.0,1.0,1.0
261.3527098732643,1.0,1.0,1.0,1.0
261.78781626088227,1.0,1.0,1.0,1.0
262.22364702426296,1.0,1.0,1.0,1.0
262.6602033693648,1.0,1.0,1.0,1.0
263.09748650415406,1.0,1.0,1.0,1.0
263.5354976386079,1.0,1.0,1.0,1.0
263.9742379847182,1.0,1.0,1.0,1.0
264.4137087564941,1.0,1.0,1.0,1.0
264.8539111699663,1.0,1.0,1.0,1.0
265.2948464431897,1.0,1.0,1.0,1.0
265.73651579624726,1.0,1.0,1.0,1.0
266.17892045125296,1.0,1.0,1.0,1.0
266.62206163235555,1.0,1.0,1.0,1.0
267.06594056574164,1.0,1.0,1.0,1.0
267.51055847963903,1.0,1.0,1.0,1.0
267.95591660432115,1.0,1.0,1.0,1.0
268.4020161721087,1.0,1.0,1.0,1.0
268.8488584173743,1.0,1.0,1.0,1.0
269.29644457654564,1.0,1.0,1.0,1.0
269.7447758881088,1.0,1.0,1.0,1.0
270.1938535926117,1.0,1.0,1.0,1.0
270.6436789326675,1.0,1.0,1.0,1.0
271.09425315295834,1.0,1.0,1.0,1.0
271.5455775002382,1.0,1.0,1.0,1.0
271.9976532233369,1.0,1.0,1.0,1.0
272.4504815731633,1.0,1.0,1.0,1.0
272.90406380270883,1.0,1.0,1.0,1.0
273.35840116705083,1.0,1.0,1.0,1.0
273.81349492335625,1.0,1.0,1.0,1.0
274.26934633088456,1.0,1.0,1.0,1.0
274.72595665099277,1.0,1.0,1.0,1.0
275.1833271471367,1.0,1.0,1.0,1.0
275.64145908487615,1.0,1.0,1.0,1.0
276.1003537318776,1.0,1.0,1.0,1.0
276.56001235791814,1.0,1.0,1.0,1.0
277.0204362348888,1.0,1.0,1.0,1.0
277.481626636798,1.0,1.0,1.0,1.0
277.9435848397753,1.0,1.0,1.0,1.0
278.40631212207467,1.0,1.0,1.0,1.0
278.8698097640781,1.0,1.0,1.0,1.0
279.33407904829943,1.0,1.0,1.0,1.0
279.7991212593874,1.0,1.0,1.0,1.0
280.2649376841296,1.0,1.0,1.0,1.0
280.7315296114559,1.0,1.0,1.0,1.0
281.19889833244196,1.0,1.0,1.0,1.0
281.6670451403126,1.0,1.0,1.0,1.0
282.13597133044647,1.0,1.0,1.0,1.0
282.6056782003779,1.0,1.0,1.0,1.0
283.0761670498018,1.0,1.0,1.0,1.0
283.54743918057676,1.0,1.0,1.0,1.0
284.0194958967287,1.0,1.0,1.0,1.0
284.4923385044546,1.0,1.0,1.0,1.0
284.96596831212594,1.0,1.0,1.0,1.0
285.4403866302925,1.0,1.0,1.0,1.0
285.91559477168585,1.0,1.0,1.0,1.0
286.39159405122297,1.0,1.0,1.0,1.0
286.86838578601004,1.0,1.0,1.0,1.0
287.345971295346,1.0,1.0,1.0,1.0
287.82435190072607,1.0,1.0,1.0,1.0
288.3035289258456,1.0,1.0,1.0,1.0
288.7835036966035,1.0,1.0,1.0,1.0
289.2642775411066,1.0,1.0,1.0,1.0
289.7458517896723,1.0,1.0,1.0,1.0
290.2282277748329,1.0,1.0,1.0,1.0
290.711406831339,1.0,1.0,1.0,1.0
291.1953902961634,1.0,1.0,1.0,1.0
291.68017950850486,1.0,1.0,1.0,1.0
292.16577580979157,1.0,1.0,1.0,1.0
292.65218054368484,1.0,1.0,1.0,1.0
293.1393950560832,1.0,1.0,1.0,1.0
293.62742069512564,1.0,1.0,1.0,1.0
294.1162588111956,1.0,1.0,1.0,1.0
294.60591075692486,1.0,1.0,1.0,1.0
295.0963778871968,1.0,1.0,1.0,1.0
295.5876615591508,1.0,1.0,1.0,1.0
296.0797631321852,1.0,1.0,1.0,1.0
296.57268396796155,1.0,1.0,1.0,1.0
297.06642543040914,1.0,1.0,1.0,1.0
297.560988885727,1.0,1.0,1.0,1.0
298.056375702389,1.0,1.0,1.0,1.0
298.5525872511472,1.0,1.0,1.0,1.0
299.04962490503584,1.0,1.0,1.0,1.0
299.54749003937496,1.0,1.0,1.0,1.0
300.0461840317742,1.0,1.0,1.0,1.0
300.54570826213677,1.0,1.0,1.0,1.0
301.0460641126632,1.0,1.0,1.0,1.0
301.54725296785506,1.0,1.0,1.0,1.0
302.0492762145189,1.0,1.0,1.0,1.0
302.55213524177003,1.0,1.0,1.0,1.0
303.05583144103645,1.0,1.0,1.0,1.0
303.56036620606267,1.0,1.0,1.0,1.0
304.0657409329131,1.0,1.0,1.0,1.0
304.57195701997745,1.0,1.0,1.0,1.0
305.0790158679724,1.0,1.0,1.0,1.0
305.586918879947,1.0,1.0,1.0,1.0
306.09566746128615,1.0,1.0,1.0,1.0
306.60526301971436,1.0,1.0,1.0,1.0
307.1157069652998,1.0,1.0,1.0,1.0
307.6270007104583,1.0,1.0,1.0,1.0
308.1391456699568,1.0,1.0,1.0,1.0
308.6521432609179,1.0,1.0,1.0,1.0
309.1659949028233,1.0,1.0,1.0,1.0
309.6807020175179,1.0,1.0,1.0,1.0
310.19626602921375,1.0,1.0,1.0,1.0
310.71268836449394,1.0,1.0,1.0,1.0
311.22997045231654,1.0,1.0,1.0,1.0
311.7481137240187,1.0,1.0,1.0,1.0
312.26711961332006,1.0,1.0,1.0,1.0
312.7869895563281,1.0,1.0,1.0,1.0
313.30772499154034,1.0,1.0,1.0,1.0
313.82932735984934,1.0,1.0,1.0,1.0
314.35179810454656,1.0,1.0,1.0,1.0
314.8751386713263,1.0,1.0,1.0,1.0
315.3993505082895,1.0,1.0,1.0,1.0
315.9244350659483,1.0,1.0,1.0,1.0
316.45039379722925,1.0,1.0,1.0,1.0
316.9772281574781,1.0,1.0,1.0,1.0
317.50493960446346,1.0,1.0,1.0,1.0
318.0335295983807,1.0,1.0,1.0,1.0
318.56299960185623,1.0,1.0,1.0,1.0
319.0933510799516,1.0,1.0,1.0,1.0
319.62458550016726,1.0,1.0,1.0,1.0
320.1567043324465,1.0,1.0,1.0,1.0
320.68970904918086,1.0,1.0,1.0,1.0
321.2236011252122,1.0,1.0,1.0,1.0
321.7583820378379,1.0,1.0,1.0,1.0
322.2940532668149,1.0,1.0,1.0,1.0
322.8306162943637,1.0,1.0,1.0,1.0
323.36807260517236,1.0,1.0,1.0,1.0
323.9064236864007,1.0,1.0,1.0,1.0
324.44567102768434,1.0,1.0,1.0,1.0
324.98581612113907,1.0,1.0,1.0,1.0
325.52686046136466,1.0,1.0,1.0,1.0
326.0688055454491,1.0,1.0,1.0,1.0
326.6116528729728,1.0,1.0,1.0,1.0
327.15540394601277,1.0,1.0,1.0,1.0
327.70006026914666,1.0,1.0,1.0,1.0
328.24562334945693,1.0,1.0,1.0,1.0
328.79209469653483,1.0,1.0,1.0,1.0
329.3394758224858,1.0,1.0,1.0,1.0
329.88776824193155,1.0,1.0,1.0,1.0
330.43697347201584,1.0,1.0,1.0,1.0
330.98709303240815,1.0,1.0,1.0,1.0
331.53812844530796,1.0,1.0,1.0,1.0
332.09008123544896,1.0,1.0,1.0,1.0
332.64295293010326,1.0,1.0,1.0,1.0
333.19674505908546,1.0,1.0,1.0,1.0
333.7514591547573,1.0,1.0,1.0,1.0
334.3070967520314,1.0,1.0,1.0,1.0
334.8636593883758,1.0,1.0,1.0,1.0
335.42114860381827,1.0,1.0,1.0,1.0
335.97956594095035,1.0,1.0,1.0,1.0
336.5389129449317,1.0,1.0,1.0,1.0
337.09919116349414,1.0,1.0,1.0,1.0
337.66040214694715,1.0,1.0,1.0,1.0
338.22254744818025,1.0,1.0,1.0,1.0
338.78562862266847,1.0,1.0,1.0,1.0
339.3496472284766,1.0,1.0,1.0,1.0
339.9146048262632,1.0,1.0,1.0,1.0
340.48050297928506,1.0,1.0,1.0,1.0
341.0473432534016,1.0,1.0,1.0,1.0
341.61512721707913,1.0,1.0,1.0,1.0
342.183856441395,1.0,1.0,1.0,1.0
342.7535325000423,1.0,1.0,1.0,1.0
343.32415696933407,1.0,1.0,1.0,1.0
343.89573142820745,1.0,1.0,1.0,1.0
344.4682574582285,1.0,1.0,1.0,1.0
345.041736643596,1.0,1.0,1.0,1.0
345.6161705711463,1.0,1.0,1.0,1.0
346.1915608303573,1.0,1.0,1.0,1.0
346.76790901335403,1.0,1.0,1.0,1.0
347.34521671491103,1.0,1.0,1.0,1.0
347.92348553245836,1.0,1.0,1.0,1.0
348.50271706608544,1.0,1.0,1.0,1.0
349.08291291854556,1.0,1.0,1.0,1.0
349.66407469526024,1.0,1.0,1.0,1.0
350.2462040043239,1.0,1.0,1.0,1.0
350.829302456508,1.0,1.0,1.0,1.0
351.4133716652658,1.0,1.0,1.0,1.0
351.99841324673656,1.0,1.0,1.0,1.0
352.58442881975014,1.0,1.0,1.0,1.0
353.17142000583164,1.0,1.0,1.0,1.0
353.7593884292054,1.0,1.0,1.0,1.0
354.3483357168,1.0,1.0,1.0,1.0
354.93826349825235,1.0,1.0,1.0,1.0
355.5291734059132,1.0,1.0,1.0,1.0
356.1210670748499,1.0,1.0,1.0,1.0
356.7139461428524,1.0,1.0,1.0,1.0
357.3078122504372,1.0,1.0,1.0,1.0
357.9026670408519,1.0,1.0,1.0,1.0
358.4985121600798,1.0,1.0,1.0,1.0
359.0953492568447,1.0,1.0,1.0,1.0
359.69317998261494,1.0,1.0,1.0,1.0
360.2920059916085,1.0,1.0,1.0,1.0
360.8918289407972,1.0,1.0,1.0,1.0
361.4926504899115,1.0,1.0,1.0,1.0
362.09447230144497,1.0,1.0,1.0,1.0
362.69729604065896,1.0,1.0,1.0,1.0
363.3011233755872,1.0,1.0,1.0,1.0
363.9059559770405,1.0,1.0,1.0,1.0
364.51179551861065,1.0,1.0,1.0,1.0
365.118643676677,1.0,1.0,1.0,1.0
365.7265021304086,1.0,1.0,1.0,1.0
366.33537256177044,1.0,1.0,1.0,1.0
366.9452566555276,1.0,1.0,1.0,1.0
367.5561560992501,1.0,1.0,1.0,1.0
368.1680725833173,1.0,1.0,1.0,1.0
368.78100780092296,1.0,1.0,1.0,1.0
369.3949634480796,1.0,1.0,1.0,1.0
370.00994122362323,1.0,1.0,1.0,1.0
370.6259428292183,1.0,1.0,1.0,1.0
371.24296996936204,1.0,1.0,1.0,1.0
371.8610243513895,1.0,1.0,1.0,1.0
372.48010768547823,1.0,1.0,1.0,1.0
373.10022168465264,1.0,1.0,1.0,1.0
373.72136806478886,1.0,1.0,1.0,1.0
374.3435485446208,1.0,1.0,1.0,1.0
374.96676484574243,1.0,1.0,1.0,1.0
375.5910186926145,1.0,1.0,1.0,1.0
376.21631181256856,1.0,1.0,1.0,1.0
376.8426459358118,1.0,1.0,1.0,1.0
377.47002279543204,1.0,1.0,1.0,1.0
378.09844412740233,1.0,1.0,1.0,1.0
378.7279116705857,1.0,1.0,1.0,1.0
379.3584271667403,1.0,1.0,1.0,1.0
379.9899923605238,1.0,1.0,1.0,1.0
380.62260899949854,1.0,1.0,1.0,1.0
381.2562788341362,1.0,1.0,1.0,1.0
381.8910036178227,1.0,1.0,1.0,1.0
382.52678510686303,1.0,1.0,1.0,1.0
383.16362506048614,1.0,1.0,1.0,1.0
383.80152524084934,1.0,1.0,1.0,1.0
384.44048741304493,1.0,1.0,1.0,1.0
385.08051334510236,1.0,1.0,1.0,1.0
385.7216048079952,1.0,1.0,1.0,1.0
386.36376357564524,1.0,1.0,1.0,1.0
387.00699142492755,1.0,1.0,1.0,1.0
387.6512901356754,1.0,1.0,1.0,1.0
388.29666149068515,1.0,1.0,1.0,1.0
388.9431072757212,1.0,1.0,1.0,1.0
389.59062927952107,1.0,1.0,1.0,1.0
390.23922929379995,1.0,1.0,1.0,1.0
390.8889091132561,1.0,1.0,1.0,1.0
391.5396705355757,1.0,1.0,1.0,1.0
392.1915153614375,1.0,1.0,1.0,1.0
392.8444453945184,1.0,1.0,1.0,1.0
393.4984624414975,1.0,1.0,1.0,1.0
394.1535683120629,1.0,1.0,1.0,1.0
394.8097648189143,1.0,1.0,1.0,1.0
395.46705377776976,1.0,1.0,1.0,1.0
396.1254370073701,1.0,1.0,1.0,1.0
396.7849163294841,1.0,1.0,1.0,1.0
397.44549356891326,1.0,1.0,1.0,1.0
398.1071705534973,1.0,1.0,1.0,1.0
