name,size,status,setup_time,solve_time,num_iters,objective
huber_50,5500,SOLVED,0,0.036099997,8,158.80790331375118
huber_200,52000,SOLVED,0,0.071608796,8,585.1549649998515
huber_500,280000,SOLVED,0,0.15911786,8,1495.256319687694
huber_1000,1060000,SOLVED,0,0.44684298800000005,8,2997.5100294495082
huber_2000,4120000,SOLVED,0,1.5479395740000002,8,5954.039825235994
huber_4000,16240000,SOLVED,0,6.0831545380000005,8,12000.561821677058
huber_6000,36360000,SOLVED,0,25.208290166,8,17919.147824345804
huber_10000,100600000,SOLVED,0,106.715811446,8,30121.061066359078
