name,size,status,setup_time,solve_time,num_iters,objective
huber_50,5500,SOLVED,0,0.035699815,8,158.80790331375118
huber_200,52000,SOLVED,0,0.06884382800000001,8,585.1549649998518
huber_500,280000,SOLVED,0,0.152114677,8,1495.256319687694
huber_1000,1060000,SOLVED,0,0.43123978700000004,8,2997.510029449508
huber_2000,4120000,SOLVED,0,1.650485428,8,5954.039825235995
huber_4000,16240000,SOLVED,0,6.434625275,8,12000.561821677064
huber_6000,36360000,SOLVED,0,25.557383217,8,17919.147824345808
huber_10000,100600000,SOLVED,0,107.32557940100001,8,30121.061066359078
