name,size,status,setup_time,solve_time,num_iters,objective
huber_50,5500,optimal,0.0,0.026335954666137695,10,158.80789930750004
huber_200,52000,optimal,0.0,0.06852507591247559,9,585.1549956406459
huber_500,280000,optimal,0.0,0.6788449287414551,10,1495.2563232303803
huber_1000,1060000,optimal,0.0,5.0228400230407715,10,2997.5100307955363
huber_2000,4120000,optimal,0.0,19.65540099143982,10,5954.039826741444
huber_4000,16240000,optimal,0.0,87.70679306983948,10,12000.561799356323
huber_6000,36360000,optimal,0.0,248.93966698646545,10,17919.147740578777
huber_10000,100600000,optimal,0.0,432.20829486846924,10,30121.06090626389
