name,size,status,setup_time,solve_time,num_iters,objective
huber_50,5500,QOCO_SOLVED,0.000739191,0.001916471,8,158.80789917351333
huber_200,52000,QOCO_SOLVED,0.015937042,0.014937184,7,585.1549764638107
huber_500,280000,QOCO_SOLVED,0.140480713,0.13969374,7,1495.2563405419519
huber_1000,1060000,QOCO_SOLVED,0.871279597,0.996540566,7,2997.5100967473604
huber_2000,4120000,QOCO_SOLVED,6.155579348,12.35469589,7,5954.039984208274
huber_4000,16240000,QOCO_SOLVED,53.566319877,106.009598546,7,12000.56208536182
huber_6000,36360000,QOCO_SOLVED,140.827033172,337.383401746,7,17919.148249062782
huber_10000,100600000,QOCO_SOLVED,5.903692238,1453.610208601,7,30121.06180035935
