name,size,status,setup_time,solve_time,num_iters,objective
huber_50,5500,QOCO_SOLVED,0.010568979,0.047818401,8,158.80789917324344
huber_200,52000,QOCO_SOLVED,0.035156082,0.05250002,7,585.1549764602153
huber_500,280000,QOCO_SOLVED,0.092691744,0.075648748,7,1495.256340533598
huber_1000,1060000,QOCO_SOLVED,0.288228635,0.139020598,7,2997.5100967247135
huber_2000,4120000,QOCO_SOLVED,1.144120191,0.380076234,7,5954.039984161844
huber_4000,16240000,QOCO_SOLVED,4.488544754,1.290319711,7,12000.562085266698
huber_6000,36360000,QOCO_SOLVED,10.108768561,2.984467275,7,17919.148248917903
huber_10000,100600000,QOCO_SOLVED,29.48686037,9.546462141,7,30121.06180011982
