name,size,status,setup_time,solve_time,num_iters,objective
huber_50,5500,QOCO_SOLVED,0.000745833,0.002009674,8,158.80789917351333
huber_200,52000,QOCO_SOLVED,0.015499222,0.01504937,7,585.1549764638107
huber_500,280000,QOCO_SOLVED,0.141792335,0.141227551,7,1495.2563405419519
huber_1000,1060000,QOCO_SOLVED,0.857008707,0.935048051,7,2997.5100967473604
huber_2000,4120000,QOCO_SOLVED,6.019293334,12.020445588,7,5954.039984208274
huber_4000,16240000,QOCO_SOLVED,52.959775574,103.450168031,7,12000.56208536182
huber_6000,36360000,QOCO_SOLVED,137.870958053,333.405569399,7,17919.148249062782
huber_10000,100600000,QOCO_SOLVED,5.047276554,1441.307529245,7,30121.06180035935
