name,size,status,setup_time,solve_time,num_iters,objective
huber_50,5500,QOCO_SOLVED,0.009391457,0.047522151,8,158.80789917324344
huber_200,52000,QOCO_SOLVED,0.033267546,0.050879928,7,585.1549764602153
huber_500,280000,QOCO_SOLVED,0.091869033,0.072778689,7,1495.2563405335977
huber_1000,1060000,QOCO_SOLVED,0.288130726,0.127843811,7,2997.5100967247135
huber_2000,4120000,QOCO_SOLVED,1.195257566,0.338419893,7,5954.039984161844
huber_4000,16240000,QOCO_SOLVED,4.64843844,1.236785632,7,12000.562085266698
huber_6000,36360000,QOCO_SOLVED,10.219929332,2.946753823,7,17919.148248917903
huber_10000,100600000,QOCO_SOLVED,30.325491821,9.490851186,7,30121.06180011982
