name,size,status,setup_time,solve_time,num_iters,objective
tv_denoising_0,2966850,optimal,0,13.400652723,13,6523243.265701564
tv_denoising_1,5753869,optimal,0,27.056280577000003,15,12310532.743646277
tv_denoising_2,5267013,optimal,0,24.972128918000003,15,11658446.978000196
tv_denoising_3,5753869,optimal,0,26.344122508,12,13228145.144023316
tv_denoising_4,7233017,optimal,0,36.955201226,14,10499648.04989418
tv_denoising_5,2092037,optimal,0,6.380562581,17,4941718.788322285
tv_denoising_6,2092037,optimal,0,6.229360086000001,18,4535184.357548624
tv_denoising_7,2092037,optimal,0,5.880103709,15,7483869.828753585
