name,size,status,setup_time,solve_time,num_iters,objective
tv_denoising_0,2966850,user_limit,0,373.20425820350647,108,6523356.906680304
tv_denoising_1,5753869,user_limit,0,706.7997851371765,91,12310678.975540437
tv_denoising_2,5267013,user_limit,0,632.1175470352173,90,11661242.536167404
tv_denoising_3,5753869,user_limit,0,417.26128578186035,62,13228685.680347685
tv_denoising_4,7233017,user_limit,0,1736.7281849384308,120,10506214.39879959
tv_denoising_5,2092037,user_limit,0,87.03341603279114,53,4941719.1676833825
tv_denoising_6,2092037,user_limit,0,149.0149700641632,71,4535185.185568605
tv_denoising_7,2092037,user_limit,0,120.68490505218506,57,7483870.096607023
