name,size,status,setup_time,solve_time,num_iters,objective
tv_denoising_chelsea,2966850,optimal,0,27.231849583011353,19,6543553.846475618
tv_denoising_astronaut,5753869,optimal,0,99.49167829999351,27,12301105.09870935
tv_denoising_coffee,5267013,optimal,0,64.69684302099631,22,11678565.16115307
tv_denoising_immunohistochemistry,5753869,optimal,0,95.47157507098746,24,13233180.36570932
tv_denoising_logo,7233017,optimal,0,153.69875626199064,26,10496602.390075715
tv_denoising_brick,2092037,optimal,0,18.12883418999263,20,4959830.782411777
tv_denoising_camera,2092037,optimal,0,23.741278928995598,23,4548036.602818234
tv_denoising_grass,2092037,optimal,0,38.694895847002044,33,7485283.083094299
