name,size,status,setup_time,solve_time,num_iters,objective
tv_denoising_0,2966850,optimal,0,8.705844244,13,6523243.266504232
tv_denoising_1,5753869,optimal,0,18.558253359,15,12310532.748501485
tv_denoising_2,5267013,optimal,0,16.804304537,15,11658446.980289884
tv_denoising_3,5753869,optimal,0,18.456592589,14,13228145.14454257
tv_denoising_4,7233017,optimal,0,27.719771045,15,10499648.052697469
tv_denoising_5,2092037,optimal,0,6.141087579,17,4941718.809646555
tv_denoising_6,2092037,optimal,0,6.109622727,17,4535184.384516029
tv_denoising_7,2092037,optimal,0,6.064104206,16,7483869.842830831
