name,size,status,setup_time,solve_time,num_iters,objective
tv_denoising_0,2966850,optimal,0,1058.974883995,13,6523243.266504233
tv_denoising_1,5753869,optimal,0,2702.7035485,15,12310532.748501485
tv_denoising_2,5267013,optimal,0,2287.9052499649997,15,11658446.980289882
tv_denoising_3,5753869,optimal,0,2681.0494854529998,14,13228145.144542571
tv_denoising_4,7233017,optimal,0,5276.440345711,15,10499648.052697469
tv_denoising_5,2092037,optimal,0,18.471331023,17,4941718.809646558
tv_denoising_6,2092037,optimal,0,18.302171359000003,17,4535184.38451603
tv_denoising_7,2092037,optimal,0,21.102507035,16,7483869.842830831
