name,size,status,setup_time,solve_time,num_iters,objective
tv_denoising_chelsea,2966850,optimal,0,1060.723618728,13,6523243.266504233
tv_denoising_astronaut,5753869,optimal,0,2672.4246225959996,15,12310532.748501485
tv_denoising_coffee,5267013,optimal,0,2294.009599075,15,11658446.980289882
tv_denoising_immunohistochemistry,5753869,optimal,0,2655.641804133,14,13228145.144542571
tv_denoising_logo,7233017,optimal,0,5161.603901759,15,10499648.052697469
tv_denoising_brick,2092037,optimal,0,18.530099361,17,4941718.809646558
tv_denoising_camera,2092037,optimal,0,18.208423309,17,4535184.38451603
tv_denoising_grass,2092037,optimal,0,20.957596305,16,7483869.842830831
