name,size,status,setup_time,solve_time,num_iters,objective
group_lasso_5,8805,SOLVED,0,0.045104139,8,6.454088224374658
group_lasso_20,110220,SOLVED,0,0.084432067,7,28.186298936058442
group_lasso_50,650550,SOLVED,0,0.232305162,6,74.47606859371706
group_lasso_100,2551100,SOLVED,0,0.747799532,6,150.49732313539772
group_lasso_150,5701650,SOLVED,0,3.123434387,6,226.33031570241263
group_lasso_300,22653300,SOLVED,0,6.337159387000001,6,457.72675863057106
group_lasso_450,50854950,SOLVED,0,15.461666055,6,684.5058665939572
group_lasso_750,141008250,SOLVED,0,164.86725454900002,6,1153.3926451412365
