name,size,status,setup_time,solve_time,num_iters,objective
group_lasso_5,8805,optimal,0,0.003730633994564414,9,6.454088166347756
group_lasso_20,110220,optimal,0,0.03067866401397623,8,28.18629812619324
group_lasso_50,650550,optimal,0,0.21695418399758637,8,74.47606411143774
group_lasso_100,2551100,optimal,0,0.945688389998395,8,150.49731650817483
group_lasso_150,5701650,optimal,0,2.1715369070007,6,226.3303091327045
group_lasso_300,22653300,optimal,0,13.902498518000357,6,457.7267508579552
group_lasso_450,50854950,optimal,0,49.29598922497826,6,684.5058570206268
group_lasso_750,141008250,optimal,0,337.53298634200473,5,1153.3926728573513
