name,size,status,setup_time,solve_time,num_iters,objective
group_lasso_5,8805,optimal,0,0.005632932065054774,9,6.454088166347756
group_lasso_20,110220,optimal,0,0.03216671897098422,8,28.18629812619324
group_lasso_50,650550,optimal,0,0.21602226211689413,8,74.47606411143774
group_lasso_100,2551100,optimal,0,0.9855486629530787,8,150.49731650817483
group_lasso_150,5701650,optimal,0,2.1707520049531013,6,226.3303091327045
group_lasso_300,22653300,optimal,0,13.907753865001723,6,457.7267508579552
group_lasso_450,50854950,optimal,0,49.44081141008064,6,684.5058570206268
group_lasso_750,141008250,optimal,0,336.56288539385423,5,1153.3926728573513
