name,size,status,setup_time,solve_time,num_iters,objective
group_lasso_5,8805,QOCO_SOLVED,0.001610161,0.001974738,8,6.454088544077192
group_lasso_20,110220,QOCO_SOLVED,0.081376763,0.026120692,8,28.186298307891743
group_lasso_50,650550,QOCO_SOLVED,0.847994328,0.255522667,7,74.47606917036902
group_lasso_100,2551100,QOCO_SOLVED,0.090747917,4.575672105,7,150.49732134361037
group_lasso_150,5701650,QOCO_SOLVED,0.218355306,15.848711188,7,226.33031567077273
group_lasso_300,22653300,QOCO_SOLVED,1.000946189,111.118576247,7,457.7267646120376
group_lasso_450,50854950,QOCO_SOLVED,2.370991504,340.530804797,7,684.5058768726276
group_lasso_750,141008250,QOCO_SOLVED,7.1550521830000005,1393.36612188,7,1153.3926522453037
