name,size,status,setup_time,solve_time,num_iters,objective
group_lasso_5,8805,QOCO_SOLVED,0.011111567,0.044724015,8,6.454088543857104
group_lasso_20,110220,QOCO_SOLVED,0.041697972,0.057663772,8,28.186298307412894
group_lasso_50,650550,QOCO_SOLVED,0.163754933,0.07775291,7,74.4760691662547
group_lasso_100,2551100,QOCO_SOLVED,0.575856895,0.155660431,7,150.49732133957653
group_lasso_150,5701650,QOCO_SOLVED,1.310415047,0.280860991,7,226.33031566459263
group_lasso_300,22653300,QOCO_SOLVED,5.376306478,1.210234412,7,457.72676460005016
group_lasso_450,50854950,QOCO_SOLVED,12.314607689,3.319824561,7,684.50587685261
group_lasso_750,141008250,QOCO_SOLVED,40.121199499,14.401867295,7,1153.392652221214
