name,size,status,setup_time,solve_time,num_iters,objective
group_lasso_5,8805,QOCO_SOLVED,0.001635743,0.001964814,8,6.454088544077192
group_lasso_20,110220,QOCO_SOLVED,0.078888588,0.025857254,8,28.186298307891743
group_lasso_50,650550,QOCO_SOLVED,0.85277452,0.246121846,7,74.47606917036902
group_lasso_100,2551100,QOCO_SOLVED,0.091134201,4.564711378,7,150.49732134361037
group_lasso_150,5701650,QOCO_SOLVED,0.212945202,15.921988337,7,226.33031567077273
group_lasso_300,22653300,QOCO_SOLVED,0.990939739,110.84026006,7,457.7267646120376
group_lasso_450,50854950,QOCO_SOLVED,2.346061157,338.843824467,7,684.5058768726276
group_lasso_750,141008250,QOCO_SOLVED,7.104655449,1391.326333926,7,1153.3926522453037
