name,size,status,setup_time,solve_time,num_iters,objective
group_lasso_5,8805,QOCO_SOLVED,0.010190884,0.044513611,8,6.4540885438571705
group_lasso_20,110220,QOCO_SOLVED,0.040075453,0.056689572,8,28.186298307412386
group_lasso_50,650550,QOCO_SOLVED,0.161268436,0.073166184,7,74.47606916625463
group_lasso_100,2551100,QOCO_SOLVED,0.571833822,0.143749232,7,150.49732133957693
group_lasso_150,5701650,QOCO_SOLVED,1.285264669,0.257523065,7,226.33031566459232
group_lasso_300,22653300,QOCO_SOLVED,5.360799018,1.190550002,7,457.72676460005005
group_lasso_450,50854950,QOCO_SOLVED,12.345818446,3.281292592,7,684.5058768526123
group_lasso_750,141008250,QOCO_SOLVED,40.454400604,14.408932018,7,1153.392652221218
