name,size,status,setup_time,solve_time,num_iters,objective
portfolio_10,8020,SOLVED,0,0.048108908000000006,11,-2.387164257235277
portfolio_50,140100,SOLVED,0,0.119637003,15,-2.7446349266542525
portfolio_100,530200,SOLVED,0,0.183756142,16,-2.6629663128127854
portfolio_200,2060400,SOLVED,0,0.437205239,17,-2.6459441167039683
portfolio_500,12651000,SOLVED,0,2.596473973,19,-2.714470558537955
portfolio_900,40771800,SOLVED,0,7.736601934,19,-2.707299598943653
portfolio_1300,84892600,SOLVED,0,18.405383379,23,-2.6832664488729403
portfolio_1800,162543600,SOLVED,0,36.859415854000005,22,-2.6950945541226083
