name,size,status,setup_time,solve_time,num_iters,objective
portfolio_10,8020,optimal,0.0,0.0030901432037353516,16,-2.3871643141604437
portfolio_50,140100,optimal,0.0,0.04781293869018555,18,-2.7446350474565833
portfolio_100,530200,optimal,0.0,0.20517611503601074,18,-2.662966254360072
portfolio_200,2060400,optimal,0.0,0.7180690765380859,19,-2.64594402949853
portfolio_500,12651000,optimal,0.0,5.606729030609131,21,-2.7144705611625026
portfolio_900,40771800,optimal,0.0,25.944786071777344,20,-2.707299349704629
portfolio_1300,84892600,optimal,0.0,71.98763108253479,18,-2.6832663169863453
portfolio_1800,162543600,optimal,0.0,152.70272612571716,19,-2.6950943564632754
