name,size,status,setup_time,solve_time,num_iters,objective
portfolio_10,8020,optimal,0,0.008232865948230028,15,-2.3871645890312707
portfolio_50,140100,optimal,0,0.06445036199875176,15,-2.7446351062112764
portfolio_100,530200,optimal,0,0.23651573085226119,13,-2.662969620279365
portfolio_200,2060400,optimal,0,1.015272402903065,12,-2.645945570649862
portfolio_500,12651000,optimal,0,6.763438341906294,13,-2.7144713400789375
portfolio_900,40771800,optimal,0,20.330479454947636,11,-2.707323031285057
portfolio_1300,84892600,optimal,0,47.382036053808406,12,-2.6832988686617485
portfolio_1800,162543600,optimal,0,108.824654184049,14,-2.695103430874438
