name,size,status,setup_time,solve_time,num_iters,objective
portfolio_10,8020,optimal,0,0.008270610007457435,15,-2.3871645890312707
portfolio_50,140100,optimal,0,0.06394462400930934,15,-2.7446351062112764
portfolio_100,530200,optimal,0,0.2320260629930999,13,-2.662969620279365
portfolio_200,2060400,optimal,0,1.027392329997383,12,-2.645945570649862
portfolio_500,12651000,optimal,0,6.66045157899498,13,-2.7144713400789375
portfolio_900,40771800,optimal,0,20.062678058020538,11,-2.707323031285057
portfolio_1300,84892600,optimal,0,47.095823995012324,12,-2.6832988686617485
portfolio_1800,162543600,optimal,0,106.06227488699369,14,-2.695103430874438
