name,size,status,setup_time,solve_time,num_iters,objective
portfolio_10,8020,QOCO_SOLVED,0.008589517,0.069107319,11,-2.387164221595973
portfolio_50,140100,QOCO_SOLVED,0.035754162,0.063947115,11,-2.7446349107120542
portfolio_100,530200,QOCO_SOLVED,0.080624639,0.078372691,12,-2.6629662191727768
portfolio_200,2060400,QOCO_SOLVED,0.250114704,0.143272759,14,-2.6459441385340594
portfolio_500,12651000,QOCO_SOLVED,1.6675358340000002,0.53883561,15,-2.714470550612237
portfolio_900,40771800,QOCO_SOLVED,5.326460581,2.174739182,16,-2.707299624397154
portfolio_1300,84892600,QOCO_SOLVED,11.537971,5.590119172,17,-2.683266449247153
portfolio_1800,162543600,QOCO_SOLVED,22.525207047,11.933205186,16,-2.6950944699407864
