name,size,status,setup_time,solve_time,num_iters,objective
portfolio_10,8020,QOCO_SOLVED,0.009451122,0.068742936,11,-2.3871642215959716
portfolio_50,140100,QOCO_SOLVED,0.035618127,0.06366857,11,-2.744634910712056
portfolio_100,530200,QOCO_SOLVED,0.082643127,0.079766598,12,-2.6629662191727754
portfolio_200,2060400,QOCO_SOLVED,0.255142185,0.144690318,14,-2.64594413853406
portfolio_500,12651000,QOCO_SOLVED,1.67298078,0.55127474,15,-2.7144705506122393
portfolio_900,40771800,QOCO_SOLVED,5.192392144,2.131465646,16,-2.707299624397153
portfolio_1300,84892600,QOCO_SOLVED,11.295204994,5.563094224,17,-2.6832664492471534
portfolio_1800,162543600,QOCO_SOLVED,21.947334122,11.909229807,16,-2.695094469940784
