name,size,status,setup_time,solve_time,num_iters,objective
portfolio_10,8020,QOCO_SOLVED,0.000361865,0.002672445,11,-2.3871642235244557
portfolio_50,140100,QOCO_SOLVED,0.00392173,0.057555761,11,-2.744634913918222
portfolio_100,530200,QOCO_SOLVED,0.01589455,0.330981202,12,-2.6629662257195124
portfolio_200,2060400,QOCO_SOLVED,0.060050469,5.110751029,14,-2.6459441418103897
portfolio_500,12651000,QOCO_SOLVED,0.466356043,77.912854295,15,-2.71447055172307
portfolio_900,40771800,QOCO_SOLVED,1.531657968,399.787394736,16,-2.707299627306984
portfolio_1300,84892600,QOCO_SOLVED,3.238683106,1138.99812972,17,-2.6832664556126553
portfolio_1800,162543600,QOCO_SOLVED,6.382002946,2583.408614099,16,-2.695094483018667
