name,size,status,setup_time,solve_time,num_iters,objective
multiperiod_portfolio_2,385600,optimal,0,0.245962966,15,-8.187208216233092
multiperiod_portfolio_5,956500,optimal,0,0.565078261,16,-20.269185082458662
multiperiod_portfolio_10,1908000,optimal,0,1.303097434,17,-40.85830964496823
multiperiod_portfolio_15,2859500,optimal,0,1.971454939,17,-61.68097490219985
multiperiod_portfolio_25,4762500,optimal,0,3.696167956,17,-102.7292747756254
multiperiod_portfolio_50,9520000,optimal,0,8.92895843,17,-204.72108720058682
multiperiod_portfolio_75,14277500,optimal,0,15.562820266000001,17,-307.3911684829957
multiperiod_portfolio_125,23792500,optimal,0,41.586421366,15,-512.6232777745251
