name,size,status,setup_time,solve_time,num_iters,objective
multiperiod_portfolio_2,385600,optimal,0,0.240796958,13,-8.18720810488657
multiperiod_portfolio_5,956500,optimal,0,0.560141031,13,-20.269184745701153
multiperiod_portfolio_10,1908000,optimal,0,1.276279999,14,-40.858309188583966
multiperiod_portfolio_15,2859500,optimal,0,1.983858778,14,-61.68097223388048
multiperiod_portfolio_25,4762500,optimal,0,3.569352726,14,-102.72926804495738
multiperiod_portfolio_50,9520000,optimal,0,8.451378421,15,-204.72108630328273
multiperiod_portfolio_75,14277500,optimal,0,14.242342693,15,-307.39116300961234
multiperiod_portfolio_125,23792500,optimal,0,43.034053764,16,-512.6232805457241
