name,size,status,setup_time,solve_time,num_iters,objective
multiperiod_portfolio_2,385600,optimal,0,0.246785597,13,-8.187208104886587
multiperiod_portfolio_5,956500,optimal,0,0.568062615,13,-20.269184745701153
multiperiod_portfolio_10,1908000,optimal,0,1.208757153,14,-40.85830918858396
multiperiod_portfolio_15,2859500,optimal,0,1.9554137850000002,14,-61.680972233880496
multiperiod_portfolio_25,4762500,optimal,0,3.601155543,14,-102.72926804495742
multiperiod_portfolio_50,9520000,optimal,0,8.426812568999999,15,-204.72108630328276
multiperiod_portfolio_75,14277500,optimal,0,14.317155719999999,15,-307.391163009612
multiperiod_portfolio_125,23792500,optimal,0,43.294699604,16,-512.6232805457241
