name,size,status,setup_time,solve_time,num_iters,objective
multiperiod_portfolio_2,385600,optimal,0,0.891459483,13,-8.187208105434024
multiperiod_portfolio_5,956500,optimal,0,3.742399313,13,-20.269184749504667
multiperiod_portfolio_10,1908000,optimal,0,15.418274291,14,-40.85830919234169
multiperiod_portfolio_15,2859500,optimal,0,33.728388458,14,-61.680972251395374
multiperiod_portfolio_25,4762500,optimal,0,85.747161468,14,-102.72926807496354
multiperiod_portfolio_50,9520000,optimal,0,346.34408159199995,15,-204.72108631749137
multiperiod_portfolio_75,14277500,optimal,0,871.908329184,15,-307.3911630475741
multiperiod_portfolio_125,23792500,optimal,0,2952.093601261,16,-512.6232805595095
